avg_token_per_clause,duration_ms,popularity,swear_ratio,syntactic_complexity,flow_complexity,percussiveness,harmonic_richness,trap_index,boombap_index,cloud_rap_index,drill_index
8.411764705882353,194779.0,41,0.002331002331002331,827.0279510204081,9.7293625,436.72378595822795,8243.404891996523,76.81856446650002,6.090210000000002,0.030088254000000002,436917.00581393787
11.0188679245283,178080.0,50,0.003424657534246575,1235.714660505913,8.64391219512195,767.2171282928499,12318.142482533029,53.96860424250002,4.80567,0.02799554699999999,327369.385880644
9.34920634920635,188534.0,27,0.015280135823429542,1257.9597439720933,12.85198,390.86160314798997,5333.853258785041,236.65555698000006,8.04156,0.021038694000000004,520465.8533093257
7.47457627118644,129560.0,26,0.0,839.2457466918714,10.26886875,554.0571055283219,8139.829803942537,30.773845944000012,7.591620000000001,0.029050731000000007,258665.91406291048
7.595744680851064,167729.0,23,0.0,579.992973372781,7.3071063829787235,218.71687716553998,3882.840796517087,84.272900013,10.29915,0.02172563999999999,732746.5136677327
5.139240506329114,140210.0,21,0.0,780.8098459034734,9.82114,672.6448025824949,7152.862014627837,157.37770782000007,8.2605,0.02344279199999999,326814.66019430687
7.96078431372549,190500.0,23,0.0024630541871921183,1806.4233316856155,14.077227027027027,657.06195571326,7158.497989286068,170.68218615000006,8.68257,0.020945924999999997,370808.56628520344
7.435897435897436,206550.0,25,0.004597701149425287,1825.4100130540796,13.783734939759036,463.23405564959995,5872.906908550271,74.844787968,9.15225,0.01314514799999999,739981.3617491096
3.633986928104575,141706.0,21,0.014388489208633094,1069.8104345836275,11.077527777777778,792.71635689045,11332.213198230338,27.09632185200001,11.019599999999999,0.02513541599999999,261382.39523000017
8.023809523809524,138560.0,48,0.011869436201780416,893.4924173834315,6.2202605633802825,437.81154781092,8970.112322207506,45.18505651500002,12.922469999999999,0.03941365499999999,212013.76900290043
6.2105263157894735,138560.0,48,0.01694915254237288,435.3243243243243,12.257671428571427,843.443929992558,8632.459719808956,54.741912196500024,8.626470000000001,0.016008506999999995,364642.92150927096
10.26086956521739,111541.0,17,0.012711864406779662,448.67305785123966,12.282383999999999,242.500756581864,8347.969300144034,248.77453945000002,14.18958,0.03859579200000001,1022261.5096005247
6.473684210526316,156933.0,19,0.012195121951219513,817.2227728111975,13.206264000000001,502.64592456941307,10359.268284400836,198.83953258000003,10.2414,0.027721466999999986,523099.7683980309
5.02020202020202,144000.0,19,0.002012072434607646,629.1424616508399,12.3256,179.533500457608,4318.9347826265575,85.673724543,10.82133,0.014808240000000004,1091493.6510170652
9.560975609756095,97593.0,21,0.017857142857142856,1033.4779750164366,5.562479999999999,286.21027463292,5783.765993547262,278.10174920000003,10.5465,0.015099986999999992,1003566.1819026312
8.183673469387756,111966.0,10,0.00997506234413965,982.668694100885,13.889772972972978,513.781514763264,8459.39677610541,42.91431200100001,11.551980000000002,0.030091103999999994,450831.41840950266
6.428571428571429,174545.0,41,0.0044444444444444444,1080.9999188377567,9.017727272727273,594.220766223816,7598.212028195356,254.17204596000008,8.00085,0.016489409999999993,578768.0439240912
6.63768115942029,188761.0,27,0.010917030567685589,1111.3347581172288,9.440629090909091,434.66603305165194,8073.079447521794,60.11183628900001,6.872700000000002,0.024161799,500455.6618457771
10.11904761904762,181960.0,44,0.00823529411764706,2044.52625,11.370806451612903,678.4182946234981,9133.219468456597,332.22172314000005,3.9417900000000015,0.015386387999999992,637509.4255950034
7.1923076923076925,149196.0,51,0.0071301247771836,1342.9512184714838,8.438171739130434,235.83522363137,3487.9695196740263,61.584867597000006,11.677259999999999,0.008782734000000006,1015085.7838732604
5.777777777777778,138560.0,48,0.0,173.81314878892732,6.835247058823529,347.75103656070604,7161.553644687079,73.4258890305,10.8582,0.028946024999999993,727614.9713259372
9.692307692307692,169000.0,36,0.011111111111111112,1229.5475558499602,11.727145161290322,735.9118809034981,12762.158300159641,111.77853699450002,3.1836000000000007,0.024625938,578912.9851058074
6.3,138560.0,48,0.015873015873015872,416.94545454545454,9.329039999999999,253.00999630927996,3916.8429135596657,281.85553905,10.489500000000001,0.013533660000000003,851945.3405656213
8.358024691358025,255518.0,44,0.008862629246676515,1417.0776205560644,10.747986746987953,364.336858573188,4138.208844320637,97.08751094400003,9.8301,0.009610271999999987,948558.3526074217
9.319148936170214,139888.0,61,0.01598173515981735,938.689583829361,12.351600000000001,867.8713192102799,13938.041171913073,42.83125350000002,5.93727,0.030143520000000004,281694.78744809114
7.318181818181818,138560.0,48,0.004968944099378882,1543.7164492369152,11.847379310344827,146.334277851036,3183.9537403122677,28.021502124000005,13.616520000000001,0.019645079999999992,669269.4733462749
5.283464566929134,198949.0,23,0.005961251862891207,1321.6147959183672,11.311009722222222,767.2171282928499,12318.142482533029,53.96860424250002,4.80567,0.02799554699999999,327369.385880644
8.176470588235293,149196.0,51,0.017985611510791366,692.2834460019525,11.49808,867.8713192102799,13938.041171913073,42.83125350000002,5.93727,0.030143520000000004,281694.78744809114
7.8059701492537314,175047.0,33,0.0,1071.7069628099175,11.578269090909092,380.84629561913596,4497.958261891875,88.8059467695,8.1282,0.012528096000000004,720646.0191758
6.160714285714286,185777.0,37,0.004347826086956522,1131.291941966981,14.629000000000001,814.5426219418132,12231.230012293445,158.58460717000003,9.0849,0.019740824999999993,386050.4080764848
6.357142857142857,188017.0,37,0.0014044943820224719,1372.8159183673467,11.770784,406.62814584441605,5039.407323512002,249.30135056000003,9.366240000000001,0.015903060000000004,639294.6678204035
5.919354838709677,136585.0,19,0.008174386920980926,742.2331982279195,9.864321739130435,411.96539654203997,5177.31329873385,72.03950184,8.13747,0.022465080000000002,379163.6743928529
6.171052631578948,118453.0,37,0.010660980810234541,911.4514499240452,15.898034090909091,608.950201908725,11639.782291363048,60.48582148500001,10.693200000000001,0.018946394999999998,591771.926178612
6.716049382716049,120050.0,31,0.003676470588235294,1237.9974550843333,16.092408163265308,681.00662810349,11670.770820681439,58.945469004,9.421710000000001,0.018210719999999993,559295.086902155
5.741935483870968,171118.0,1,0.0056179775280898875,296.89465067326006,9.44125185185185,528.832283536914,9179.394738789899,212.07204312000005,11.151390000000001,0.023607467999999996,513477.4403706376
5.74468085106383,86000.0,18,0.003703703703703704,443.1730377017656,9.46492105263158,715.9434519606602,12293.516274925823,101.42646343200002,7.23186,0.02424301199999999,565389.2663186193
8.173913043478262,147038.0,17,0.0026595744680851063,719.3084757175321,9.276672,322.209344633472,3621.5930197656053,74.51269854300001,9.586350000000001,0.01261799999999999,668322.8506188466
6.709677419354839,140000.0,15,0.009615384615384616,365.57508768200654,13.522971428571426,355.7356935916229,4254.520656250367,38.811861279000006,12.10482,0.018099437999999992,447165.8815731795
4.743362831858407,207428.0,28,0.0,1149.5912188795953,8.246841025641025,484.76002642276006,8772.237463679652,85.02065903100002,18.814100000000003,0.019772361000000002,616922.1291152503
6.695652173913044,170465.0,23,0.0021645021645021645,867.9999999999999,10.43532,450.25217116536595,6528.033215790374,70.89097068,8.13231,0.016364244,646238.2600435248
5.851351351351352,143095.0,23,0.0,793.5817488583613,10.039881132075472,531.096689346644,8019.102535450303,88.82331205350002,7.19724,0.02202057,540701.9018487317
5.873239436619718,136470.0,23,0.004796163069544364,839.5659768879334,11.947493617021276,572.8106112684999,14690.649542144238,70.4138771325,7.38756,0.02943389399999999,488425.5962384234
9.385964912280702,148888.0,32,0.007476635514018692,1065.2863436123348,11.355574626865671,853.550220774342,13789.745176815519,50.025734262,9.06933,0.024728165999999996,372509.2643779989
4.878048780487805,159513.0,16,0.02,738.4468274024999,9.80255319148936,337.553572300386,4841.613255516349,76.96009349100001,10.69788,0.018969551999999987,758405.1629317679
6.4625,174985.0,24,0.0,1064.7996698679472,10.35520588235294,448.20435738144005,11037.41454601879,86.76582588300002,9.20598,0.02254533599999999,731008.0902302528
5.698412698412699,188017.0,37,0.0,779.5250496031747,6.563032857142858,354.589159801341,5541.4769418239275,134.179201341,8.430150000000001,0.010623407999999994,1131913.6240228196
5.983050847457627,159406.0,14,0.0028328611898017,854.906649021412,9.34391,328.33332534761996,4865.472990764766,85.73300903100001,10.870950000000002,0.012855569999999998,935052.4744915533
5.338983050847458,142080.0,22,0.0031746031746031746,665.5541115311909,9.196425,480.4475629858099,13250.44057280037,122.58759486900001,4.185600000000002,0.027839838000000006,676815.1438426897
5.4,149333.0,2,0.0049382716049382715,821.7773437500001,10.188947368421053,559.2105042710999,7008.967224609183,64.27401182400001,9.516390000000001,0.014574576000000006,535194.8666183325
11.022222222222222,183250.0,12,0.0020161290322580645,571.2568128270887,12.698572549019607,396.38731718872003,6424.2531705455995,99.90177186750002,8.60274,0.014529050999999992,811876.3182318427
6.444444444444445,186566.0,5,0.0,350.80567474048445,10.786259999999999,185.41287702504,3306.291761424197,42.799657752,13.700130000000001,0.02272750799999999,695208.4086835529
6.205882352941177,172445.0,14,0.0,733.575361781076,10.999305882352942,368.44634212432203,5501.187283493439,316.141066535,9.662460000000001,0.012306545999999995,913323.3256795431
7.529411764705882,158258.0,15,0.0026041666666666665,878.8967919872259,8.856,472.6165924141201,9209.492994430264,67.76186813550002,7.842600000000001,0.017908269,702640.5649773607
6.379746835443038,157050.0,25,0.003968253968253968,869.0028959000151,10.789859154929578,622.8501314464,5163.233251984367,80.38771067249999,9.427980000000002,0.007985039999999997,610464.8817561563
5.175257731958763,181176.0,19,0.0,1009.4875220940997,11.458378181818185,575.6167266018281,9680.332757582202,72.38243964150001,7.0141800000000005,0.02556477,452005.54228348
5.709302325581396,163520.0,13,0.002036659877800407,971.3282969322055,9.02312027027027,378.29697468373803,6362.4729856266895,54.32658196350002,10.393830000000001,0.018952889999999993,543758.1513567541
4.808988764044944,192611.0,59,0.002336448598130841,1048.4972061562594,9.011046153846154,477.366924916,6444.636719270912,56.50691543700001,10.15338,0.016661207999999993,553468.4810658762
4.311926605504588,242293.0,55,0.002127659574468085,1005.2419923251626,7.623641025641026,185.63231488076804,906.8966266364175,145.61839288000002,12.787680000000002,0.004604040000000004,790131.0652658062
5.6571428571428575,135277.0,25,0.0,779.6291135734072,11.078302040816325,524.970470276776,6769.160126833313,289.25329698,11.16393,0.016558523999999995,789077.1212455396
6.761904761904762,150315.0,5,0.014084507042253521,262.60581632653054,9.923557894736843,681.5122895798639,14914.51222034175,81.11434746300002,7.042080000000001,0.024720467999999992,612083.6795151021
9.11111111111111,122448.0,36,0.0024390243902439024,885.3482369279071,11.7541875,774.1874286728012,11814.244012113353,75.85050541200002,7.879950000000001,0.020555261999999987,534121.2570627591
5.843537414965986,216521.0,32,0.005820721769499418,1847.191737444485,12.041618181818182,617.7725840563198,5117.339003734125,56.28424552800001,7.91859,0.011209961999999999,432914.43542635447
4.662337662337662,166120.0,56,0.016713091922005572,789.3307924574272,8.615358928571428,219.511145102834,2974.5609827366734,82.250331696,14.140649999999999,0.01346094,1204354.7885323856
5.590361445783133,169531.0,11,0.004310344827586207,983.2405601880438,10.744664150943397,500.996587395552,8315.201898978237,33.95129060100001,7.968660000000001,0.029755736999999987,264398.7915247079
4.54954954954955,198260.0,66,0.0,1250.1360599851932,9.573463235294117,231.90699505780802,1756.596575761894,83.35239859800001,13.981650000000002,0.015174158999999996,658113.0574074797
6.0,186566.0,5,0.0,347.6257851239669,10.41432,185.41287702504,3306.291761424197,42.799657752,13.700130000000001,0.02272750799999999,695208.4086835529
5.776119402985074,187403.0,68,0.0,775.386244109009,7.421725862068966,444.297182909125,5817.045331318957,77.42572200000001,7.496760000000001,0.019603553999999995,554099.1903905919
6.492753623188406,180094.0,68,0.0,733.3457859825892,10.443609302325582,418.579753662,8190.803601220216,67.47598350000001,9.08436,0.042078959999999985,424906.3702048917
7.344827586206897,180000.0,57,0.0,669.6172145328719,10.642748936170213,391.44623584716,7428.887767773108,65.0147701905,7.870920000000001,0.025136706,501958.4095420699
5.18348623853211,269850.0,61,0.0,1272.7135702644407,9.577184615384613,253.11115661869795,2388.4889763227225,290.52406632,8.24799,0.010617557999999985,612936.2501532008
5.75,143399.0,57,0.0,587.4691837107376,11.212870967741933,225.82113937408997,3304.9669134476812,143.29825984000001,11.469540000000002,0.025479036000000007,433422.79522867297
4.636363636363637,157031.0,70,0.0,844.8185256370516,11.922984,787.5770565023998,16403.13690477869,47.827368000000014,5.76018,0.032085143999999996,312809.9917337545
5.617977528089888,222738.0,36,0.0,1020.8329686104935,7.386842105263158,392.29775988508004,7446.609332905048,80.02031730000002,9.168840000000001,0.03016155599999999,555653.1547329621
5.08641975308642,203076.0,49,0.0,773.5975839440661,8.502747169811322,266.48276530615203,2993.0172036458757,71.19024799050001,9.53007,0.012799961999999988,689406.0669468842
7.5606060606060606,168426.0,53,0.002004008016032064,1017.992819188466,10.88282037037037,423.26988658681995,9664.705715283684,183.65657732500003,7.73991,0.02993461799999999,466355.5318046837
7.013888888888889,170760.0,38,0.0,841.7651028950972,8.248333333333333,440.59966401023996,6162.834899133052,71.48609208,8.48481,0.019572359999999987,584226.7394697854
4.7727272727272725,156923.0,68,0.0,804.6697206156404,10.562571428571427,563.4056220850199,9104.994902898487,113.34685490700001,5.857050000000002,0.020421092999999998,630609.3184192138
4.941176470588236,213560.0,48,0.0,711.468828667846,7.734666666666667,336.70437925986,3787.304027722274,55.35435186000001,11.2365,0.018379116000000008,581406.472041232
4.358974358974359,181570.0,63,0.0,624.1940587793205,7.471333333333334,385.706183650011,6056.100246530878,101.56270768200004,7.3086,0.016815551999999987,775878.8401063555
5.661016949152542,198320.0,56,0.0,635.0423589499694,7.237716981132076,544.4986309863,7611.584150199746,68.7693095325,20.983200000000004,0.020307096,508917.3343655643
4.957142857142857,140816.0,73,0.0,594.3377444444445,10.715552777777777,605.2934462563201,12824.67392061152,65.441702088,6.696630000000002,0.03729590099999999,425054.9995673445
6.089285714285714,201286.0,34,0.0,696.0436904174885,10.458366666666667,319.389458166608,5167.982170557252,49.179467497500006,10.85958,0.034335146999999996,424550.2152200059
5.478260869565218,93414.0,46,0.003968253968253968,473.7478991596638,12.393,855.61074865926,7612.21850443085,37.832576298000006,8.67177,0.0175308,276095.0862777258
8.17741935483871,160268.0,64,0.0,879.4925137903862,11.391962903225807,790.617104006678,14089.906674458003,66.72595098000001,7.168019999999999,0.021152522999999993,504623.624219531
7.72,180714.0,62,0.0,583.8750865051903,12.850491428571429,377.68258121180406,5815.496197231875,63.97121025900002,7.93149,0.016214483999999994,658691.3062331339
6.2105263157894735,155629.0,73,0.0,886.5016837653693,6.995756962025316,402.911081156016,7877.22816148422,96.26768544000001,9.98379,0.031536629999999996,337881.0985819174
5.885245901639344,150360.0,43,0.002785515320334262,674.909128879839,9.285278571428572,272.430151828308,5061.157338715874,311.988373565,8.61081,0.019501073999999997,723073.1935265228
6.3090909090909095,138500.0,42,0.002881844380403458,511.6203166515738,8.278331372549019,638.5922409230129,13670.706640371285,58.84379420400001,6.70986,0.028058888999999993,502508.3155936458
5.628205128205129,202990.0,58,0.0,887.0749354005167,8.140931147540984,365.510363423744,5995.707990748741,85.75399280250001,8.67744,0.020254128,690240.603946135
5.0,151624.0,59,0.0,970.2286327483902,9.541875000000001,406.72836380012404,5845.457155398786,62.73111213749999,8.605920000000001,0.014952924000000003,593960.3722986064
7.911764705882353,142062.0,50,0.0,437.9586776859504,8.27574864864865,553.3816848618881,11247.811854315518,86.22143692800002,5.597940000000001,0.034405883999999984,431560.3583967871
6.166666666666667,146823.0,49,0.0,498.5934770049543,10.400189655172415,621.3520021414251,12885.859480786257,62.508426420000006,6.223560000000001,0.030745418999999986,461177.4066148539
5.163636363636364,167162.0,55,0.0,573.6644170096023,8.463199999999999,320.60343258020004,3534.9919291291635,257.66299053,7.25376,0.013029275999999992,626830.7652090435
7.5,187403.0,71,0.0,102.27272727272728,8.33775,605.2934462563201,12824.67392061152,65.441702088,6.696630000000002,0.03729590099999999,425054.9995673445
5.223880597014926,147720.0,30,0.0,647.5119251894484,7.0130508474576265,336.46924501951196,5777.844963621117,88.811691939,10.31118,0.02159841599999999,742630.9071745763
6.203125,153163.0,31,0.0,711.9643129590747,10.715219047619048,286.56246529310397,4216.150920350303,140.76820296000002,12.214170000000001,0.031282271999999986,418574.7060548846
5.923076923076923,112795.0,42,0.0,295.15337146975367,7.9772,356.65849199072403,5175.137524084561,62.176031064,9.85032,0.023808527999999995,507908.61690348934
5.151898734177215,191501.0,31,0.0,756.1902329587565,8.102430769230768,169.2715489136,2220.043628420474,38.216732032500005,12.448770000000001,0.02079448799999999,497318.72084992053
6.75,208947.0,27,0.005291005291005291,1179.6349891545556,9.3386671875,492.7810150666821,5142.174144914074,361.69664742500004,2.049690000000001,0.014724567000000006,500632.8607232661
6.75,187403.0,68,0.0,236.37185082324933,10.68147,82.060911708718,3073.2432237167395,18.366102286500002,15.19377,0.028399289999999994,743215.2206538981
5.37037037037037,216322.0,5,0.0,301.880941602535,11.351687499999999,128.834633203872,578.6816358126244,92.484711945,12.824790000000002,0.0030069899999999937,1022983.6513189834
5.773584905660377,174000.0,0,0.0,1359.366118252077,9.307048101265824,410.71428587050997,6983.111851796966,128.81218810000004,10.81485,0.0259734,481519.9543446562
5.55,216322.0,5,0.0045045045045045045,437.04346707818934,6.458752173913044,449.1008843652,2216.872798565655,112.27924147800002,10.14177,0.006403643999999992,763727.6012463601
5.445652173913044,154229.0,46,0.001996007984031936,934.8136984109805,8.691997183098591,639.2068748168281,8770.991215649023,21.50985822,9.963330000000001,0.026532216,246048.3125638009
7.684210526315789,290426.0,2,0.0,436.1188590449954,13.086092307692306,377.68258121180406,5815.496197231875,63.97121025900002,7.93149,0.016214483999999994,658691.3062331339
6.838709677419355,221204.0,56,0.009433962264150943,398.68083564786855,12.915408695652173,492.33379497084,4058.4695081983277,48.26400579000001,11.751930000000002,0.013152539999999992,497570.2195249181
7.53125,167760.0,56,0.0,1039.2840108549658,14.901646511627906,464.37648557426996,6580.167081518927,59.49990904500001,9.98151,0.01626569999999999,641177.5887511265
7.423913043478261,161266.0,59,0.014641288433382138,1304.058562582325,14.938786153846154,616.6311682300559,10991.831905778727,98.99961581550002,6.539100000000001,0.015418599000000003,676697.2009808162
6.8,184037.0,51,0.00784313725490196,1119.5451299172594,11.053169491525423,624.6353433570661,14309.358538992381,51.11299015650001,6.736500000000001,0.040317425999999996,278152.1182075007
6.821917808219178,187821.0,47,0.002008032128514056,913.5680344841203,10.94604,823.60263398406,10249.945812803626,197.58462110000008,6.73491,0.019761179999999993,410839.2682248733
9.471264367816092,201094.0,58,0.00849514563106796,1463.5018824626195,13.651572093023255,592.3718246313921,9165.75197246037,87.29445636,8.59821,0.014780303999999994,704538.4599616842
7.469026548672566,251511.0,47,0.001184834123222749,2017.5370911490245,13.626860759493672,503.074125821225,7270.64268701907,88.24224297300002,7.17009,0.021077717999999992,482332.6382192412
7.666666666666667,164825.0,51,0.0024154589371980675,758.6766117969822,9.4400625,334.51841497184,6733.656467561099,81.724308765,9.87459,0.03055063499999999,604494.2289184927
7.621212121212121,123039.0,45,0.015904572564612324,1079.1410003669132,14.16319574468085,827.4983402449919,15785.273919169522,76.45108588800001,6.00912,0.024840539999999998,517038.3162638527
6.538461538461538,128774.0,49,0.01568627450980392,424.1282051282052,8.990571428571428,407.09410060704,7412.819641599514,93.98693280150002,9.25953,0.021536172,726253.4336553215
8.338235294117647,177223.0,46,0.01763668430335097,999.5328983088339,13.347378947368423,734.9564962377441,12150.641090676096,237.13389848500003,8.23095,0.02905691999999999,403233.1510110557
8.206896551724139,149305.0,47,0.01050420168067227,895.5824175824176,13.088133333333335,666.9677760450251,8880.688553323,60.213385050000014,10.26894,0.023961230999999993,401622.85731915315
6.390243902439025,125089.0,52,0.0,417.74524238389847,10.034600000000001,189.020200217254,1969.346343119041,58.55589366600001,12.47982,0.014849964000000004,652204.9135614294
8.165217391304347,212920.0,55,0.02023429179978701,1868.617965878028,12.683723076923075,882.9031758983999,13448.776578605277,83.54427525000001,7.152210000000001,0.019717655999999993,539975.3649587248
7.827586206896552,171733.0,44,0.01762114537444934,746.3137434955617,9.881570491803279,607.5308177697441,11861.286025410363,59.97164563200002,6.957900000000001,0.02114151,528709.0965784364
7.566666666666666,118717.0,43,0.0,399.29250842904526,13.99228,610.6934039101441,8732.77323373722,49.676127312000006,11.08356,0.029972591999999992,463793.8980477749
8.491228070175438,112430.0,51,0.0,857.4671280276815,11.077953333333333,522.417504280113,5572.634139805394,62.46821049300001,11.125409999999999,0.017180880000000003,533714.7439376604
9.38157894736842,182078.0,60,0.001402524544179523,1205.1747726944725,12.27723088235294,419.378274125019,8703.69591352128,270.6266701900001,9.46209,0.03189202499999999,575624.3581290202
6.0,200842.0,57,0.0,702.673125,10.577820000000001,593.814656514992,9428.68900649442,57.813186585,8.47038,0.04034637,311276.8577894218
6.746478873239437,206494.0,59,0.0,684.0039843283087,9.22973125,531.6299597288161,7999.380696940425,65.85200035950001,8.77149,0.02601161999999999,457345.56131842866
10.104166666666666,159592.0,50,0.0,786.0758481320809,9.663830508474577,445.621902600576,5359.07790434016,260.1761250050001,8.663820000000001,0.018563999999999997,568853.036083136
9.653846153846152,182078.0,60,0.006640106241699867,1103.0638638941396,11.857913414634144,380.71960348958396,9242.259895705534,151.74810368000004,8.141100000000002,0.027590003999999998,403728.0802337293
4.391752577319588,128266.0,55,0.004694835680751174,665.9502268517274,12.260975510204084,690.1445373245099,8175.515376405778,290.03262956000003,8.26584,0.013769984999999988,636888.9345892059
5.091603053435114,176290.0,49,0.0,1257.911285950413,16.87849152542373,953.7488555631401,11055.442833350062,36.13674107400001,11.4525,0.022198109999999986,284646.2789401826
5.05,172343.0,52,0.0,632.9845031640282,13.725305882352943,675.828710249498,6655.88715153806,235.22763098000001,7.646850000000001,0.024146361,1250979.7573311182
5.205882352941177,177433.0,48,0.0,647.8847418972853,10.263345,324.7230057477,4621.434292014976,79.43834430000001,9.80865,0.018450729,664404.2931227542
5.216666666666667,197786.0,46,0.0,482.5786312727091,9.620402777777779,323.2356731643,3998.4957931714553,94.15689390300001,10.91862,0.023608727999999985,588295.2056867281
6.494252873563219,184786.0,48,0.0035398230088495575,1224.3326390001603,12.054086666666667,781.4378233556589,13646.662031273818,104.68288162200001,7.324949999999999,0.008364614999999994,845061.0033109189
6.8133333333333335,160285.0,51,0.0,1076.292638357118,14.883726666666668,943.8353033046001,17126.86044576888,213.39982912500005,6.219780000000001,0.040529222999999996,870718.5478306237
10.8,142373.0,48,0.0,662.5602968460113,9.212645454545456,418.64673708865,8449.4702419259,101.89519986,7.053510000000001,0.017717013,795075.9779721124
9.94915254237288,143746.0,46,0.005110732538330494,881.7778231292518,16.043884000000002,741.679906986402,11295.327193241403,64.143842148,7.32264,0.024731117999999996,368171.01267068874
7.266666666666667,154163.0,45,0.0,602.4130275319086,8.802680487804878,421.065951202416,4455.810144861695,69.53267750400002,9.700980000000001,0.025569713999999993,404184.30314521655
4.634146341463414,170343.0,49,0.0,696.6471734892787,9.660708333333334,346.4559636252,3932.396084305921,81.4549153275,10.931700000000001,0.015431808000000003,730926.5975632267
5.793814432989691,163540.0,47,0.0,1057.3940621284187,14.6682,735.4182702534839,8768.615098714412,62.65488617250002,8.93652,0.01765994999999999,456240.52139959746
6.913043478260869,167760.0,56,0.012578616352201259,313.4396858988639,7.5837111111111115,517.014530177088,8878.821918108264,91.06001046000002,6.79932,0.02012215199999999,585825.7613348134
5.170212765957447,114408.0,42,0.0,442.9825649302384,9.64924411764706,565.9948718907,9497.331732118651,68.616839151,9.00324,0.024432056999999997,470654.89287089265
9.805970149253731,180833.0,29,0.0045662100456621,1251.7699570954076,13.226163934426229,503.4927171434399,13845.254674582653,132.74386249650001,9.6318,0.03777321599999999,765507.6576781657
6.9,167760.0,56,0.01932367149758454,912.4195041322315,13.668739534883716,560.015199846009,7767.942268761599,75.509445258,8.125200000000001,0.011825531999999995,710112.0553339738
5.666666666666667,173000.0,16,0.0,769.0783346938775,9.562704,135.91995925144,3498.2847485009565,66.80198616000001,12.434130000000001,0.015967125000000006,1092903.7138516402
6.933333333333334,166281.0,11,0.0,166.83183391003462,6.631155555555555,223.406618401389,8711.68983980702,38.633563197,11.133899999999999,0.03567843899999999,637004.0022056834
3.55,142615.0,69,0.0,578.576471788593,5.6250322580645165,503.4927171434399,13845.254674582653,132.74386249650001,9.6318,0.03777321599999999,765507.6576781657
6.768115942028985,182245.0,76,0.014989293361884369,856.50288581101,13.189117777777778,590.4637635392438,9786.599403003896,46.65920350800001,5.592750000000001,0.01686716999999999,487729.0524493052
7.052631578947368,207400.0,60,0.007462686567164179,1244.594214876033,10.12504,305.70474365424,4890.9848977574175,139.6808223825,9.12945,0.015110459999999989,989663.7290398695
6.4523809523809526,156226.0,28,0.0,504.0864694053433,8.10875945945946,233.775857769502,5592.885573572048,158.354889936,9.53079,0.01630962899999999,1230356.8902273949
8.513513513513514,182240.0,23,0.007936507936507936,1662.8896150531457,13.613338983050847,360.56715756973995,7896.289772700423,142.39931727600003,9.070860000000001,0.017096745000000003,1058347.4577310528
10.833333333333334,154653.0,27,0.0,1767.2784963936742,16.465849056603773,602.16248298892,9388.056037208373,331.86170867500005,9.54489,0.020073474,735439.6599002535
7.5394736842105265,181960.0,24,0.005235602094240838,1302.7670261789933,13.626875510204082,293.027544714762,4033.9252641452686,370.44681102000004,11.231190000000002,0.01549473299999999,985128.8528282585
11.333333333333334,146480.0,29,0.006920415224913495,1254.7357726628934,13.2073,760.73867093808,13394.287583026353,319.34712132,7.61367,0.018062243999999998,785648.7547111035
8.096153846153847,138106.0,25,0.004750593824228029,1069.5483911238728,11.925526666666666,353.511904752594,5105.909032003618,79.95754498800001,10.209150000000001,0.01705655399999999,682870.7274998134
7.931034482758621,174600.0,33,0.002173913043478261,816.7133345861635,10.27923076923077,301.74938679312,2939.9844440329434,87.5200822425,10.197360000000002,0.011534975999999994,779106.0329021214
6.5375,180626.0,26,0.0019120458891013384,1068.144047565425,12.406606,377.116737352173,5875.171411379004,314.64496791000005,9.4824,0.018814718999999994,766784.4412206998
5.987179487179487,145920.0,22,0.0021413276231263384,1067.3950967350463,9.75946607142857,228.73723126476597,6700.281483899997,160.7665701225,8.76999,0.016139225999999993,1238745.3687033416
9.5,162969.0,69,0.007259528130671506,787.6113016124917,10.96760983606557,568.7146887826559,7198.303503539147,354.88904744000007,7.53765,0.01886810399999999,641892.1633753161
8.291666666666666,145640.0,65,0.002512562814070352,867.3625946457544,9.717323076923078,517.7299862978881,5849.382963336405,287.25986380000006,8.844570000000001,0.016121855999999987,624842.5339710512
7.287234042553192,213613.0,54,0.013138686131386862,1501.5295803032693,14.442735714285716,417.01922651447796,6373.736812836669,90.21926474850001,11.026950000000001,0.011380004999999997,909508.380605661
6.125,226424.0,59,0.0,1157.7357881136952,9.047398684210526,618.85071618432,5931.069680078612,61.858618452000016,9.089550000000001,0.01809744299999999,445079.45398863405
6.514285714285714,185930.0,48,0.007309941520467836,1395.9652054007472,14.043438805970146,397.1261146804159,4604.271056195763,73.73998922400001,11.539020000000002,0.013481171999999994,746813.653258927
8.397260273972602,164301.0,60,0.004893964110929853,1144.190537249399,13.522582258064515,458.09724980448,5779.06029749948,73.8002189925,10.670250000000001,0.014823558000000002,703005.4735196733
11.287878787878787,190186.0,47,0.0,1700.008084800575,15.79851515151515,436.59491249184407,8593.71289414668,303.38311386000004,11.0145,0.019507068,816042.387637688
5.833333333333333,188081.0,66,0.0,926.3793714555767,9.720226415094338,551.777587600164,6485.183765303906,87.3310254555,10.04706,0.022655220000000004,582684.1436470455
8.238095238095237,153826.0,51,0.0038535645472061657,1001.3630760270818,10.492596610169493,294.30587636049603,2888.0545257917283,104.208569784,11.56617,0.010756607999999996,1039593.5370403719
5.637931034482759,233680.0,54,0.0,1410.2458044620087,10.14203076923077,457.3301682176639,5337.353283490579,59.5851803775,10.212510000000002,0.013576775999999999,548748.692206856
7.575757575757576,152733.0,52,0.01,1053.5948281157223,11.41034482758621,487.010276184432,4539.2724052688745,201.35676125500004,10.58505,0.01557877199999999,505468.31799674063
6.738636363636363,159154.0,52,0.00505902192242833,1269.839792661916,16.24925892857143,815.28430806009,9974.809399092577,257.30779745500007,9.88719,0.012865049999999994,594028.5373095208
8.009708737864077,205640.0,55,0.01090909090909091,1962.426035502959,12.363214285714285,786.5793779429039,8142.38762099095,66.83914762200001,8.366760000000001,0.015699014999999997,505984.62459987466
7.176470588235294,155862.0,63,0.0020491803278688526,1164.650149239244,12.025056603773585,699.4585094778,6938.0934944706005,73.19762916750003,9.23784,0.018344303999999992,506363.63385159837
5.215189873417722,189642.0,75,0.0,773.4931129476585,9.20159245283019,440.54549498242505,5206.321419237056,104.64807217500002,9.25416,0.018046185000000006,681054.2284798544
9.589285714285714,148403.0,51,0.00558659217877095,1165.4417668873778,12.697173214285714,741.3392027262001,10410.57898618224,67.873298961,7.74402,0.020359286999999997,508413.9831221719
7.785714285714286,185720.0,47,0.0015290519877675841,1198.6807424230558,12.37621791044776,484.42548644252,4285.439001217721,80.32108371000001,8.35557,0.011277630000000002,637701.4767225172
8.0,173658.0,37,0.015151515151515152,1044.9146278675087,8.8044,379.05898606898006,5429.472986834288,126.29422251900002,10.93281,0.013894872,1012186.9353613415
8.666666666666666,153173.0,48,0.005494505494505495,942.5379839298756,13.164171428571429,377.395953867504,5025.729112557247,138.52456987200003,8.89287,0.016514219999999996,792417.8100646597
6.121621621621622,153680.0,52,0.0,912.0794045559401,9.273665,632.950108023066,8807.200786846563,55.59176826000001,8.86926,0.029074896000000003,373894.5303114311
6.291666666666667,172654.0,66,0.004415011037527594,886.563905236155,9.977530909090909,479.98037248851597,4694.655709109338,307.117627645,10.831260000000002,0.018277049999999986,671181.6744771836
4.5,208323.0,66,0.0,778.6155723948531,6.014647058823529,229.34353615386,2930.3441029160276,110.639501838,10.65411,0.013207895999999992,917568.0932143091
10.05084745762712,132428.0,49,0.008431703204047217,1260.2155049820683,13.364149206349204,854.857821448648,10078.763050048798,190.29542931500006,8.430240000000001,0.018070703999999996,1350992.6031262414
5.670454545454546,207989.0,57,0.0,1051.0542666974454,10.591501818181818,375.39225102342596,2838.6827910012025,108.425183958,9.884910000000001,0.010195020000000004,811825.143022399
7.410256410256411,175293.0,46,0.006920415224913495,1126.4664386107725,12.793410714285715,369.97381225729,3179.7856127170558,238.40259202500008,10.358580000000002,0.013450775999999996,566514.1502244938
6.734177215189874,148452.0,60,0.0018796992481203006,1056.1885547567742,14.574628571428573,704.2896901063041,9924.078851353566,60.49346174550001,10.312950000000003,0.02288927999999999,539889.5055650767
5.184782608695652,178051.0,52,0.0020964360587002098,855.2829967235562,12.06901730769231,615.6386050963681,6728.804953339744,71.37580723200001,9.440430000000001,0.022316993999999993,415168.469713683
7.555555555555555,204803.0,54,0.0016339869281045752,1355.5892721869354,12.118603278688521,499.9544705613599,7138.376563206507,82.601807373,9.75984,0.02725465499999999,522396.38164882746
6.936708860759493,230106.0,39,0.0018248175182481751,1124.2529182879377,9.247870270270269,498.33145056637596,11060.185911508821,93.21611142600001,9.01299,0.02519035199999999,789625.1428398113
7.84375,190862.0,48,0.00796812749003984,1131.2968864422617,12.664880769230766,505.849293305748,10958.256867271559,90.318474225,9.54714,0.024593024999999987,745588.7808631859
7.929824561403507,133853.0,46,0.008849557522123894,868.518290283542,10.811372413793103,438.56590403698,6260.32457797613,115.07923243500002,10.67877,0.014789942999999998,863010.3711057424
7.246153846153846,143200.0,43,0.004246284501061571,965.1181098286837,8.692641428571429,249.76235133630004,2453.4973474881463,99.38063321999999,11.37261,0.008788725000000002,916115.8915225685
6.08955223880597,157467.0,57,0.004901960784313725,888.7187728268809,11.295253333333333,429.458154457162,8739.654403612898,344.82176251,9.89316,0.02435784,802547.0505974775
5.360824742268041,230040.0,40,0.0038461538461538464,947.1949605075118,7.8591500000000005,255.48309166133103,6103.899647522998,85.525166406,11.58567,0.023300792999999983,909625.4721156475
7.605633802816901,173760.0,55,0.0,1198.3407030321048,10.965599999999998,644.2633656543039,8484.769218691192,101.33901426000001,7.155480000000002,0.019405439999999993,651193.7049297568
9.782608695652174,124714.0,42,0.0044444444444444444,978.7369356945857,15.467142857142855,641.565305232984,8221.305353832877,69.6374106165,10.18467,0.01577547599999999,593962.6891172708
7.213333333333333,202222.0,54,0.0018484288354898336,1056.0725187045355,10.589665151515153,600.494012900628,8903.717196986241,86.066547489,7.76571,0.01979347499999999,600722.1026350675
8.523076923076923,158213.0,43,0.0018050541516245488,1210.0372408526314,12.393637288135594,476.97261186276904,6723.330846892109,289.45737369,8.46939,0.014420054999999989,731853.1641157083
7.614285714285714,193676.0,43,0.001876172607879925,1061.8772070176153,10.249364788732395,540.1825176071519,10078.827135881664,282.53559614000005,10.6113,0.024304223999999996,677587.4985908079
4.805194805194805,186190.0,55,0.002702702702702703,713.8940204961117,11.260613636363635,574.886614864947,7369.3721441862635,100.35781417200002,9.38244,0.018002562000000003,660202.6712135575
4.945205479452055,188564.0,66,0.002770083102493075,729.6612980466289,8.833448979591838,400.8291473648,4694.818731921601,114.08927946,9.11823,0.013985945999999983,825414.1773157057
6.549295774647887,229147.0,55,0.0064516129032258064,847.1883503401361,7.357333333333334,207.95679075584,2841.855415467,75.11251956000001,11.377740000000001,0.023688719999999993,548724.3844776643
10.898550724637682,204226.0,50,0.014627659574468085,1426.6459928723998,13.265715942028987,553.5658791138682,6301.5901526789985,82.65537417600001,9.282990000000002,0.019463183999999984,600311.998833642
4.901234567901234,160204.0,58,0.0,733.7281140927004,9.223898,467.9741180069761,4997.635269971817,349.1100286800001,7.32111,0.01772825399999999,540703.279419971
8.282608695652174,160374.0,59,0.0026246719160104987,856.5361970669439,8.791989130434784,233.17502186368498,2205.163069874743,52.232823045,10.5447,0.015171029999999986,476995.7861633441
6.043010752688172,179619.0,54,0.010676156583629894,1164.8801584133378,14.890838461538461,647.492650667632,8390.248293613999,69.567114477,9.809940000000001,0.019084445999999998,547001.4379626858
6.236363636363636,193106.0,38,0.0058309037900874635,1246.6762468300929,13.498855263157894,288.55545675618004,4829.614908718665,325.29142596,12.64113,0.010428620999999994,1093031.968741068
9.8,129062.0,44,0.0055658627087198514,967.4452770083101,14.8995,555.31326168108,8309.37764318269,76.59749874600001,8.68767,0.015981566999999995,684792.5734670981
6.527777777777778,171025.0,45,0.002127659574468085,1116.581716530488,8.17722950819672,182.574003326425,2047.6761589350963,82.163903106,11.155020000000002,0.014207478,649993.4173836001
4.9453125,213600.0,35,0.00631911532385466,1486.5658896405812,8.9253,219.45777007664998,2689.22263036528,342.64619596000006,12.5268,0.00952539,1117646.8892353661
6.878378378378378,218000.0,48,0.003929273084479371,1001.8297235197576,8.214091803278688,149.880527676984,2229.86482921624,115.28525938500003,11.84793,0.0196101,500081.5452157918
6.6415094339622645,110400.0,35,0.008522727272727272,656.0,11.743261538461537,682.1249835559499,7632.632338545599,64.48546046250001,12.33564,0.033623327999999994,424106.52439169306
6.192771084337349,267360.0,0,0.019455252918287938,992.9302644877099,11.420911475409836,412.1334700963199,3616.1838355362734,73.80655784250001,9.23946,0.00929802,641644.3237565126
5.780487804878049,120360.0,42,0.004219409282700422,465.05128586294046,10.119159375,653.075065623903,4319.247559944239,240.39734946000004,10.010340000000001,0.014191514999999988,1410896.1225387792
5.876404494382022,191406.0,47,0.009560229445506692,1134.6258313037235,9.366527692307692,437.02791073256697,4600.436253386871,226.92135825000005,7.771560000000001,0.015826833,507373.4905624667
9.210526315789474,107727.0,34,0.002857142857142857,691.1405614108317,13.8534375,265.886390978856,4997.212838222408,111.12070835700001,12.54315,0.01974499799999999,1033290.6218753589
8.741935483870968,129408.0,43,0.007380073800738007,553.3915929203539,14.269192307692308,397.6185603379,7484.276166682595,215.24700450000003,11.959080000000002,0.023711795999999997,657576.0117724267
6.46875,157286.0,42,0.004830917874396135,785.5519831799938,9.184885714285713,251.82254139480898,3392.90952659,40.025636055000014,11.54058,0.026353997999999997,396826.11633274326
6.121212121212121,166366.0,72,0.007425742574257425,704.5666784169202,11.63871304347826,562.518795438732,5602.837633906369,215.11049958000004,9.4368,0.015075395999999998,527958.5291506195
6.246753246753247,176000.0,40,0.008316008316008316,865.4718527506238,9.48984705882353,224.14820061862798,2595.7838933553307,157.90611611500003,10.536810000000001,0.018372942,472397.5950385281
5.444444444444445,113000.0,38,0.0,859.3705102074911,14.573924324324325,397.1261146804159,4604.271056195763,73.73998922400001,11.539020000000002,0.013481171999999994,746813.653258927
6.069444444444445,207346.0,68,0.002288329519450801,800.5647382920108,13.176058139534886,294.547681014,5466.380082841657,35.3160504,12.90618,0.024362247000000004,587235.017640388
6.205479452054795,236448.0,50,0.006622516556291391,844.3669607714696,7.653396610169492,207.95679075584,2841.855415467,75.11251956000001,11.377740000000001,0.023688719999999993,548724.3844776643
6.742424242424242,168416.0,40,0.0022471910112359553,956.0228277354112,9.897163265306123,250.63778519274004,2585.741310316932,128.852678625,10.401720000000001,0.01591691399999998,429723.61786824145
6.909090909090909,207989.0,57,0.0043859649122807015,817.6478330882867,9.579931034482758,499.1625775482249,9006.361600055563,256.83702180000006,9.618089999999999,0.033102732,487748.4562635477
4.931506849315069,186986.0,46,0.002777777777777778,731.1606805293005,7.731183673469388,244.62275458354404,2262.70781325099,71.07301891200001,11.375190000000002,0.018211133999999997,511025.10046418983
8.05,157659.0,6,0.006211180124223602,594.5694639234216,12.858868750000001,520.8721649147251,5866.712347494735,244.37640225000007,11.85261,0.026031599999999988,520915.95277183113
5.285714285714286,199308.0,44,0.002079002079002079,859.9624445646292,9.4905,218.03406949115998,1876.9100603916954,63.4854124845,11.48262,0.01705847999999999,477436.5402465726
7.0285714285714285,187759.0,43,0.0020325203252032522,991.716303924981,9.318480000000001,149.89468230968,1961.5698892059838,233.00783625000003,11.98821,0.01896803999999999,549116.5847176152
8.73076923076923,223786.0,65,0.004405286343612335,567.3238921761999,8.322954999999999,510.82961626984,9266.883875358933,149.923799472,8.240760000000002,0.009706158000000003,1218091.948394611
4.825,169450.0,45,0.0,735.2721813145458,8.070488000000001,191.30907688151999,2992.516903432707,251.62088010000005,11.60535,0.026582009999999986,512601.90085419925
5.861111111111111,161819.0,43,0.004739336492890996,814.1468665897731,8.924886274509804,213.497041468384,1939.9242486459332,261.1130842200001,11.09667,0.013829256000000003,582973.8785541123
10.838709677419354,213280.0,35,0.005952380952380952,931.3232756632065,10.29375319148936,824.16201432796,14920.836267609959,144.43610888999999,5.5574400000000015,0.018589979999999996,353172.61975242465
6.319148936170213,178775.0,94,0.003367003367003367,595.8032142857141,12.909891176470587,621.70796185644,8517.505986323877,96.50576808000001,21.7746,0.009058229999999994,794419.2394801921
5.148148148148148,167840.0,41,0.007194244604316547,311.92610155042894,11.397227777777777,417.01922651447796,6373.736812836669,90.21926474850001,11.026950000000001,0.011380004999999997,909508.380605661
7.05,290892.0,0,0.010638297872340425,534.962546681988,12.021387096774193,932.9263382250001,9329.89306176828,182.88973650000005,6.990510000000001,0.019450377000000005,1138834.7817018467
6.228070175438597,189642.0,75,0.016901408450704224,972.3189602842101,8.834428571428573,619.892107825172,8139.092964940797,20.11091036500003,10.11747,0.032981999999999984,62405.23833612441
6.755813953488372,200146.0,56,0.0051635111876075735,1272.631860776439,12.959254237288135,532.6612088042,4679.670639239187,121.15799572500002,4.88388,0.00687460799999999,864904.2180094934
5.75,189642.0,75,0.017391304347826087,543.9530438192335,12.136607142857143,260.62900762079994,3219.815998935197,69.01689746250001,13.03785,0.008299610999999993,1029226.0020579979
4.593023255813954,120600.0,0,0.007594936708860759,1739.4478499596694,9.62579090909091,728.75420790432,7232.824210191184,140.64196630000004,5.88333,0.01957625099999999,225833.615660483
7.016393442622951,135911.0,19,0.009345794392523364,864.0288286193792,10.952044444444446,471.038856036945,5080.2514419046665,66.26929105500001,5.82915,0.02380015799999999,286346.3704852635
6.136363636363637,142040.0,6,0.005555555555555556,1142.3345223939755,10.730842105263159,540.879680035845,12204.169237668802,100.06498784700001,6.7988,0.031205772,436674.0789170449
5.420454545454546,217143.0,0,0.010482180293501049,1035.8315916935223,11.3049,588.0396919807799,3268.7813225225304,86.069329944,6.34161,0.004926852000000003,651706.5005407007
5.185185185185185,200146.0,56,0.014285714285714285,881.1875962728212,11.11995652173913,640.382343727752,7909.80461892662,67.549173282,16.229400000000005,0.019820069999999985,396790.12719612935
5.47887323943662,189642.0,75,0.007712082262210797,850.8325159426921,12.141122222222222,629.356683582395,7145.473833581941,180.55562317000005,8.77668,0.018270713999999997,356918.6175380621
6.318181818181818,226424.0,59,0.0,1193.5200454518967,7.570987012987013,125.703267632595,3236.8022357755503,38.74731138900001,12.555990000000001,0.024368552999999998,685205.5853869572
5.447058823529412,193043.0,67,0.019438444924406047,1000.1320874999999,9.426680000000001,445.261172810496,3792.7383914999045,79.83776472300002,20.993900000000004,0.015259391999999998,367409.48574928025
5.670454545454546,207989.0,57,0.0,1051.0542666974454,10.12607090909091,233.400835767813,2354.6115905575293,66.30500375100002,10.56252,0.012311144999999997,649676.0671188054
7.605633802816901,173760.0,55,0.0,1198.3407030321048,10.4814,579.0259629664381,8838.500428192508,81.03808989900001,6.979860000000001,0.023126255999999984,561607.2788079918
6.043010752688172,179619.0,54,0.010676156583629894,1169.3093605365823,14.21751923076923,602.5874125975799,11240.146090853677,67.532577192,9.16431,0.029912093999999997,461047.54364914197
7.373493975903615,204803.0,54,0.0016339869281045752,1346.272507429637,11.3791868852459,425.628033786648,4983.57495140713,70.87520924550002,8.81091,0.020875523999999986,489335.10479334294
8.81904761904762,249773.0,55,0.0,1694.0247686589046,15.943785074626865,537.216604794128,6171.280950135657,75.46980785400001,6.299670000000002,0.016628760000000003,538275.7059922103
5.833333333333333,189666.0,55,0.0,930.8763586956522,9.32241509433962,489.41536531608,5299.273059027971,75.22794678,9.29481,0.01883664000000001,564429.0093899566
5.670454545454546,219225.0,53,0.0,1051.0542666974454,10.30298909090909,364.62346737471194,2715.003384902099,97.68266640600001,9.468960000000001,0.010237751999999992,744731.4156390249
7.239583333333333,220695.0,16,0.0,1270.371777133857,11.374833333333333,728.4939433983401,10272.461864898558,59.015700345,6.461939999999999,0.021903119999999988,337026.95571879094
5.555555555555555,166015.0,52,0.002,910.5232547052877,10.342187500000001,311.678915243514,3793.170828315379,177.78418686000003,12.00201,0.014739191999999988,660715.4988275236
9.547619047619047,185280.0,39,0.003740648379052369,1647.2390332660893,16.72884109589041,606.4748506375,7848.203000390553,84.82796250000003,9.22311,0.011818950000000003,594302.077135066
8.089887640449438,260800.0,31,0.002777777777777778,1325.4772373018004,14.448358208955227,749.5087809852502,6470.430454499099,234.96925237500005,7.66221,0.01287613799999999,511180.69586330006
6.078947368421052,202142.0,40,0.005772005772005772,1175.8246984881941,12.67794,443.194269638766,6832.540281315322,312.14263392,8.36328,0.017556546,673807.5179553294
8.648148148148149,160574.0,39,0.008565310492505354,987.3689247513604,12.312922,541.0911218679861,5839.486940126868,269.15318370500006,9.95748,0.015611318999999992,650555.1977108697
6.167832167832168,216206.0,22,0.0,1469.707096296718,12.272272727272727,771.8978978571249,8346.09329653123,92.607623355,6.200010000000002,0.014995893000000003,507333.9474595916
8.289473684210526,152941.0,32,0.011111111111111112,1359.696615322931,14.195045454545452,724.7172726562501,11012.52772433404,77.83178166000002,6.97161,0.012510182999999989,615414.9466214051
7.981481481481482,210960.0,43,0.008120649651972157,1861.916430826562,14.945590123456792,690.530793717744,10277.131163405156,93.83246844300002,5.102220000000001,0.01421549999999999,597189.6513406001
6.865853658536586,207407.0,27,0.0053285968028419185,1045.2411855946082,10.532995652173913,405.793617856341,5026.434263355374,221.21736013000003,11.24019,0.018503624999999996,618727.2043229674
7.666666666666667,233221.0,10,0.0,1089.6178498053632,11.517655882352942,503.392014545994,10237.212913047124,119.649460392,6.389730000000001,0.016096886999999997,891815.1072812816
7.125,166015.0,52,0.006578947368421052,1039.2679982828718,10.363703225806452,782.448654253266,15597.091566210182,120.788152485,7.485030000000002,0.025695656999999993,297128.6480794478
9.861538461538462,181384.0,22,0.0062402496099844,1412.4143750612686,12.29004647887324,563.8277575998999,8552.653902415062,95.45607011250003,8.48448,0.018489039,624786.6338606791
8.848484848484848,155141.0,17,0.010273972602739725,1320.5713571529004,12.332133333333333,501.97895577446405,7225.665991850731,182.713937976,7.1459100000000015,0.006107459999999994,1220352.7022152378
6.69,224191.0,18,0.004484304932735426,1360.2656498573267,14.212195454545453,672.8951703770521,4477.064930686498,253.11401047000007,9.779490000000001,0.009556427999999995,609837.034335639
4.611650485436893,213818.0,16,0.004210526315789474,935.3332562488689,10.473333333333333,579.8003091775439,5230.478071406588,50.33020566600001,9.41766,0.017273088,411263.98098890856
9.342105263157896,164820.0,43,0.01267605633802817,1582.8623180289358,15.239876923076924,456.79907228864,5324.695618393876,91.70171040000001,7.73739,0.009664632,724231.7848676858
6.746478873239437,125346.0,26,0.008350730688935281,1138.5866441251055,13.264751851851852,636.572824324554,12686.40767982843,66.202940388,9.920399999999999,0.021178169999999993,502736.14399849
8.25301204819277,198688.0,24,0.0,1436.0002380709452,13.39512676056338,607.9587978980879,7315.761716299604,83.68843672349999,7.45983,0.013836479999999988,571091.2599093299
7.328125,122487.0,35,0.019189765458422176,1046.1562489348212,14.549976595744681,555.92257465416,11577.438965932291,66.56344275000001,7.99551,0.017121032999999997,577367.3873322032
6.652173913043479,153038.0,22,0.002178649237472767,1015.7864527212162,11.478825,616.73214239784,14113.076140451254,121.20051136500003,6.97224,0.018312909000000002,608374.5229892641
8.364583333333334,205200.0,37,0.0024906600249066002,1817.686979785969,14.585122784810126,708.918226066791,14014.872821001738,50.62650265800001,7.490010000000001,0.02199061499999999,399011.4397445005
7.97196261682243,207272.0,22,0.011723329425556858,1945.6859504132233,12.947983695652175,568.3579138755001,6702.467703171647,271.85772141000007,7.140180000000001,0.011817629999999994,602334.5327413754
6.754385964912281,124674.0,36,0.012987012987012988,846.8654224275147,12.8888375,443.960617124129,4764.610821521942,94.20515793300001,10.02735,0.010503770999999997,908123.4130134187
7.571428571428571,142040.0,29,0.0,816.4592134229786,10.187223529411764,516.538762773264,7597.024169768291,69.35053633200002,10.61331,0.017056259999999993,666001.1190307451
8.507692307692308,141714.0,22,0.0054249547920434,1136.3738313711913,11.72452166666667,965.3918783453549,16270.002244546436,45.94300098300001,3.458190000000001,0.034769510999999996,207674.85277344563
5.609756097560975,254823.0,15,0.005797101449275362,1517.2979535206382,11.355559999999999,859.5926765326769,10230.247571717158,170.88536527000002,5.12154,0.023238548999999997,301903.0128037654
6.5054945054945055,181237.0,26,0.013513513513513514,1195.2586578635958,10.1653698630137,353.86781390168,5274.922237585756,74.007730998,10.65855,0.018498779999999996,696926.962012913
7.825,186153.0,23,0.007987220447284345,1224.6982037319292,13.890132258064517,439.05640656875397,6915.532670720378,358.377133715,8.966280000000001,0.012083681999999995,950243.378994166
8.420289855072463,141030.0,22,0.0034423407917383822,1179.9556969860926,13.277786666666668,574.124111042752,5450.110042958102,99.46146056700002,6.204090000000001,0.010106016,608447.7967115236
6.294117647058823,192755.0,24,0.004005340453938585,1389.9985999116523,12.256363636363638,543.8342362067999,8772.457623389457,86.88575937600001,5.198940000000001,0.01947887999999999,525942.6939663959
11.085106382978724,123789.0,26,0.003838771593090211,1287.776437166637,16.759210869565216,358.87690562463,5772.3399699461115,89.97578178750001,10.417230000000002,0.010734417000000001,825383.5326260214
6.838235294117647,177297.0,15,0.0,893.8503529411764,9.4372131147541,475.70534260344004,8790.510898288323,80.456921064,8.72223,0.029411304000000003,493205.5050240788
8.757142857142858,177735.0,13,0.0065252854812398045,1356.6359837938112,10.196233333333334,642.669585940116,7597.950155935357,145.02671982,5.929140000000001,0.01232114399999999,687467.7862895367
5.811111111111111,147175.0,30,0.0076481835564053535,998.3247216971223,11.866781355932204,573.9751725370521,8680.704578862964,67.41899890500001,8.73072,0.017061408000000004,641213.4316630164
8.757575757575758,178500.0,20,0.0034602076124567475,934.7312396517651,11.464852307692308,422.248486706859,9521.136293050804,59.187843261000005,8.4588,0.023532609000000003,564783.6707375287
7.1,164307.0,16,0.011737089201877934,956.4170918367348,12.160525000000002,459.218242589392,7111.986650574478,332.83509402000004,10.01772,0.017014661999999986,745773.3034889757
7.550561797752809,229925.0,31,0.005952380952380952,1504.819387288523,13.75461818181818,631.86156232128,11584.436072501721,229.53347526000005,6.685110000000001,0.019145895000000003,565036.8518217793
6.294117647058823,211636.0,19,0.007476635514018692,1067.301254973982,12.744039682539682,452.950558020522,8263.035805495678,108.435627126,9.793860000000002,0.011507165999999996,915143.6742043514
7.260416666666667,204800.0,22,0.014347202295552367,1424.0018039820684,9.403582075471698,500.1686724484799,5543.311815392928,310.88722140000004,10.07157,0.010950857999999997,779600.3161400328
6.557142857142857,134000.0,24,0.002178649237472767,1252.716244191636,7.4856182926829264,446.821794369632,6035.303213463301,93.12212267850002,10.000860000000001,0.014768901000000004,787970.8755135121
5.925925925925926,147555.0,15,0.010416666666666666,865.5385637968064,13.415999999999999,964.2506872162318,8605.024571521612,260.73173770000005,6.417600000000001,0.016694736,1387655.6627027483
7.985714285714286,160500.0,24,0.0,989.68376692701,15.468175,736.8326372056,6773.268373440923,230.67532662500005,8.386800000000001,0.012339405,484781.8009189711
7.545454545454546,175483.0,41,0.002008032128514056,933.356119193121,9.129740625,430.960822692315,7260.5249935802185,92.07911545500001,8.395470000000001,0.02571354,561816.8103135016
6.826666666666667,162901.0,31,0.001953125,1121.6131687242796,14.151466666666666,384.32743616696,4902.601317378246,85.85268346200002,9.88947,0.012319217999999998,805775.2411272819
6.6125,172920.0,31,0.003780718336483932,1253.919874890501,11.402594999999998,370.95913854730793,4608.538643145526,78.30099478500003,8.88846,0.013725128999999992,619536.2197665668
6.963855421686747,172173.0,10,0.01384083044982699,1191.373447541863,13.73162857142857,645.71205135,6516.54200695994,107.90903906250001,20.815600000000003,0.011191680000000002,703750.9540678385
6.705882352941177,166000.0,54,0.008771929824561403,1330.1352191342733,12.599453164556962,766.2025220705281,10428.598049452923,54.72004954800001,7.72752,0.016403711999999997,408732.0619584767
8.710843373493976,199927.0,13,0.009681881051175657,1578.1458406429545,10.696292045454546,654.7917956526451,10144.23036801174,232.54805403000003,8.66064,0.030805875,1261839.7300236146
10.853333333333332,194070.0,30,0.0012285012285012285,1767.2537731943246,16.451057971014496,417.2992935595201,5655.160639944,97.71886145700002,8.7225,0.010917269999999995,794037.8972420403
7.448979591836735,130909.0,14,0.00821917808219178,778.1505050505051,13.982381578947367,718.84960720432,9534.720999188734,76.57044392250002,8.80146,0.014184755999999993,620406.350272533
6.609195402298851,192000.0,17,0.0017391304347826088,1052.7050312249014,11.201472602739726,726.837511538789,7242.946467543431,71.89450287600002,8.70519,0.011336534999999993,635737.7792381315
6.617021276595745,230857.0,14,0.00482315112540193,1234.9390388038448,10.197838095238096,482.4071615076121,8606.175823256399,71.84753422200002,10.38123,0.022278479999999993,589625.19284838
10.160493827160494,190775.0,13,0.009720534629404616,1879.5188765223475,13.713618518518517,967.4507248760639,15069.526878399996,57.17426073600002,5.02224,0.025241171999999996,320384.7067751425
9.297619047619047,208140.0,15,0.002560819462227913,1263.4882070778476,12.474615476190476,521.8873095734549,5741.6208326638325,87.787707084,9.31137,0.016256457000000005,560844.176594574
8.346153846153847,163278.0,51,0.004608294930875576,799.6660387811635,12.44729019607843,648.4793163377499,9356.884345764503,99.75501206249999,9.71853,0.012866643,882414.6451067658
8.701492537313433,138750.0,53,0.005145797598627788,1196.1057215194162,15.8947,972.9833574288799,16721.7273873738,37.060220274000024,6.926490000000001,0.017587835999999996,315357.95019568974
6.697674418604652,164885.0,9,0.005208333333333333,1105.862876033058,10.942421917808218,903.97706997114,9697.227429508072,242.52632031000002,6.156960000000001,0.018513191999999998,365396.999757063
8.848484848484848,101877.0,14,0.003424657534246575,659.1056465240955,11.708388888888889,926.2528377053699,7934.437506021254,38.71668375000001,9.17724,0.012811359000000003,357057.6216258798
6.888888888888889,196388.0,11,0.020161290322580645,1478.9399200809846,9.92,693.6509787636,5180.379524431649,265.9284234800001,9.690570000000001,0.007179671999999996,576034.1070467681
9.719298245614034,151153.0,53,0.01263537906137184,970.1655200202324,10.493328205128204,629.327633509436,4889.269725940082,86.575151682,8.750250000000001,0.008026440000000001,627667.8009045154
8.46875,194086.0,52,0.005535055350553505,883.0563415685148,12.846350877192982,568.2082442329299,9698.260935171747,69.39771882300002,9.13923,0.01968696,633399.295974368
7.233333333333333,197853.0,24,0.004608294930875576,440.5608465608466,9.850192592592592,501.69713282742396,6984.75509301301,89.934076461,6.099360000000001,0.02105697599999999,461644.9969466861
6.150943396226415,240822.0,11,0.003067484662576687,1453.3583662318147,11.658149253731343,579.63324541466,11051.417695360118,263.68053736,6.92382,0.02397528,630718.9837876322
6.592105263157895,208000.0,12,0.001996007984031936,1201.7532408072393,8.507111842105264,319.64245751808,9628.158370770783,154.37540844000003,4.989600000000001,0.013559949,1117359.9362598537
8.317073170731707,130586.0,12,0.011730205278592375,658.7431007216097,12.650125714285712,703.9763112844802,10552.878742240231,179.95937310000002,7.312290000000001,0.022468800000000004,417035.8464699093
6.166666666666667,212000.0,4,0.005405405405405406,1153.30554,12.521725,254.38539000357,3237.6756018594247,41.0329870335,12.91863,0.013855608000000004,674642.5545269216
6.188888888888889,160574.0,39,0.00718132854578097,1112.6298557823127,11.00759836065574,547.75100603121,8992.553082598604,98.03795985,6.1948799999999995,0.016942652999999995,788382.6089378886
6.228813559322034,204662.0,14,0.013605442176870748,1276.7332895633947,12.783750000000001,582.1865430400801,7391.61497187336,258.75569016000003,6.22764,0.007681535999999997,792153.601090276
7.17741935483871,211200.0,10,0.015730337078651686,1770.7291666666665,10.369959016393443,783.0255585720449,11898.397916593023,234.04600188000006,9.067590000000001,0.023649318000000003,438356.9750149661
8.25,227520.0,32,0.003367003367003367,1121.8590945598194,13.55409,347.80300257011703,4480.14257953561,87.90418951200002,11.760900000000001,0.010781355000000003,1089254.9197504946
6.852459016393443,100440.0,16,0.004784688995215311,919.2957962271378,11.761591111111112,457.80833155616,9138.106788118,89.18047883999999,8.03265,0.022057632,667953.1345667576
7.094594594594595,163073.0,63,0.0019047619047619048,1008.1360748465271,10.76883620689655,770.75298975816,8987.328811688218,25.41355194000001,8.348880000000001,0.030658289999999984,180603.15487044514
9.106666666666667,162947.0,31,0.004392386530014641,1313.8712985173029,15.611588524590164,772.417273764268,12125.481195773851,59.04311288100002,6.4716000000000005,0.019420853999999987,423451.44416614634
5.465116279069767,152941.0,48,0.00425531914893617,966.5310076504566,13.984380000000002,716.199682185,8020.723527815739,90.17065605600003,7.923870000000001,0.010912385999999993,621122.6437936493
6.428571428571429,109844.0,11,0.0024691358024691358,872.5001762538055,8.29497857142857,763.4100508011901,7800.223260148798,307.59720023500006,5.675640000000001,0.009868751999999995,626710.7277256405
5.110091743119266,155887.0,49,0.0017953321364452424,1193.7394472531983,13.041482758620692,472.85925217804004,6284.2245274575025,99.629820264,9.60624,0.013707323999999996,809410.2632302559
6.813953488372093,219558.0,12,0.009101251422070534,1807.8076907683685,11.880998969072165,450.11415132185596,6692.139279059255,89.14429728,7.89537,0.013194089999999997,791057.6871633007
6.440677966101695,152903.0,45,0.005263157894736842,886.6887937811161,13.2544,456.79907228864,5324.695618393876,91.70171040000001,7.73739,0.009664632,724231.7848676858
6.1,191020.0,48,0.0,946.103830298527,14.446685454545456,628.285559024016,8511.462665489233,41.98135546200001,10.34187,0.016775343,443449.6904802977
7.978260869565218,100440.0,16,0.0027247956403269754,781.6086703039479,14.005973170731707,641.908042550445,5833.006735273899,83.321517915,10.15539,0.006698051999999997,771568.6613946366
7.196078431372549,91115.0,10,0.005449591280653951,748.8803765686264,12.214272093023254,551.794626053726,7298.616394933496,155.78028351000003,7.722240000000001,0.010179665999999992,946930.3742569714
7.267605633802817,135384.0,11,0.007751937984496124,1081.645919902967,9.481890909090911,288.329616324672,9163.224870759721,104.17146597,9.37467,0.024462095999999992,934092.5941378041
8.827586206896552,166015.0,52,0.01953125,500.1865085723442,11.864275862068967,732.8824417152,9653.183392011306,77.463301617,9.00216,0.025686311999999985,426401.32018643984
5.696428571428571,107650.0,11,0.006269592476489028,685.6686151557019,13.481502941176474,223.516978293004,3844.5080765616012,17.492567295000008,14.044500000000001,0.01932645,423363.1471227319
6.395833333333333,168929.0,10,0.004885993485342019,1369.6278110958553,12.11821587301587,306.20106089142405,6873.3912717786825,91.90376011800001,9.72195,0.016282050000000003,1045860.8580561382
6.216216216216216,165128.0,28,0.004347826086956522,1670.901723286252,14.587661538461541,808.9035832846081,15265.219071712727,35.570008089000005,9.78648,0.03282602399999998,294164.92126824154
7.530612244897959,150648.0,6,0.018970189701897018,756.4355413889352,11.416157142857145,755.685336385716,9394.628931410736,275.3379200550001,7.61238,0.01891889999999999,568216.0006397208
9.228571428571428,204000.0,41,0.009287925696594427,663.0197017692961,7.877800000000001,906.45127598109,11350.70496416376,58.61843470500002,19.009800000000006,0.014429939999999994,475763.111053537
6.84,107520.0,10,0.011695906432748537,679.5591715976332,12.3728,822.286017156384,9895.592555866078,78.83449941,13.122600000000006,0.01626551999999999,474538.654269724
6.895833333333333,134857.0,44,0.00906344410876133,764.5282996889889,12.56232105263158,652.78423090704,10722.275304421373,75.05804422800001,7.4800200000000014,0.013778063999999998,672396.8662442514
9.26530612244898,185946.0,5,0.006607929515418502,1218.5533978297203,12.66474693877551,568.987663167405,7648.724145070636,38.00793969000001,8.64813,0.014543549999999992,460857.09241781215
6.828571428571428,261545.0,5,0.016736401673640166,542.9157561761338,5.447896363636364,688.5165521412359,11174.126434452797,100.9926288315,5.607630000000001,0.018102636000000005,733697.8916384013
9.365853658536585,187615.0,45,0.013020833333333334,813.4162683552674,6.649518987341773,820.6866276840001,11055.394097212466,300.09688890500007,6.14937,0.017959967999999993,532803.8053895858
6.849056603773585,159910.0,55,0.011019283746556474,753.1960190158223,11.661607692307692,940.1566148101158,7438.796669223917,52.33868941000004,6.38958,0.01695977999999999,418253.9707956368
6.739130434782608,131080.0,3,0.00967741935483871,662.0405994260814,11.220121212121212,824.1202010023361,9517.655793717333,64.66298592,6.421410000000002,0.02979,298103.78398364276
7.117647058823529,256134.0,5,0.011019283746556474,805.1556318056091,11.082963157894735,617.06703301367,6628.4970172158055,77.45475271499998,17.437400000000004,0.01870255799999999,433928.46911559696
6.093023255813954,185280.0,39,0.015267175572519083,522.69,14.317364285714287,847.073612756371,10233.864005217398,67.94652820200001,7.95171,0.012797405999999999,451160.11424112355
7.428571428571429,152558.0,60,0.0,490.40272746643933,10.830258064516128,247.385737432715,3943.184821715998,70.440570585,10.257060000000001,0.013010165999999995,745273.8729651254
5.115384615384615,176000.0,53,0.0,1003.052670746129,9.852774683544304,666.637810760922,11612.236548766465,68.47515838800001,7.3782,0.014550695999999995,600903.0715951765
5.763440860215054,212200.0,50,0.0037313432835820895,1022.0158730158729,8.058235051546392,719.499626280846,11574.580014096524,266.24080681500004,6.423660000000002,0.012966737999999997,656887.1181436293
4.803030303030303,176091.0,51,0.0,722.7057284271168,5.739886206896553,246.09104900675203,7777.170618559392,89.30131266000002,10.1907,0.03427040999999999,768164.1203458938
6.636363636363637,188824.0,39,0.0027397260273972603,777.4377643038612,10.245218181818183,491.48926933272,6538.421502930522,65.3007897675,9.719760000000003,0.009314801999999999,623246.692912199
7.117647058823529,226000.0,28,0.0,456.5735731272295,16.0886,457.5799795515479,9033.805861904746,121.8755693925,9.36609,0.013109417999999996,958075.6943019574
5.205479452054795,155360.0,42,0.0,687.7066427102435,8.30036923076923,353.44461452699,5812.854536460469,69.93009051000001,8.08197,0.008743163999999998,854683.9653532312
5.465909090909091,187213.0,38,0.016632016632016633,1182.207862196654,6.348054761904762,97.93582386577599,4217.373204588401,31.104346201500007,14.25459,0.030490668,1030338.1880855974
6.181818181818182,175081.0,33,0.0,780.3698070919714,11.43898775510204,305.140118119302,5175.434980666469,81.93565995300003,11.521920000000001,0.014699969999999994,861315.4871326449
7.232876712328767,180000.0,29,0.003787878787878788,1408.036650067904,11.65824,436.204673375328,11949.931707415824,116.96617803150004,7.977330000000001,0.015829944,943704.7639624084
5.27906976744186,171874.0,28,0.00881057268722467,505.03631421351054,10.926527586206896,421.15725389994293,6614.114911798324,135.575084433,8.999640000000001,0.011668080000000004,973255.8803090283
5.955555555555556,229102.0,25,0.0018656716417910447,1124.5446790772,10.850946835443038,853.9387643498401,10287.738781118347,43.197397542000004,9.205680000000001,0.008246877000000003,479883.06512946426
6.492753623188406,236466.0,17,0.0,874.3574879227052,9.050249275362319,304.885922440656,2477.398364311024,337.07139270000005,10.17663,0.0050222699999999945,1053578.8018038983
5.467741935483871,153901.0,29,0.0,812.5608732457117,11.074,381.53902736249995,7317.128616743219,74.354675616,9.986790000000001,0.013653996,713120.112417942
6.159090909090909,141500.0,27,0.0,588.5875398113095,10.727836111111111,549.133260344575,13654.851896228836,99.78251310000002,8.145480000000001,0.019665224999999998,772105.9998604956
6.770833333333333,180047.0,27,0.0,684.4170749585279,9.77904255319149,611.1082483413838,12937.237957399784,225.74531424000003,8.23833,0.020006124000000004,605132.2123935509
5.888059701492537,217263.0,36,0.0038022813688212928,1609.787232,14.571252,730.942419426912,11706.319093643951,91.66963131900002,5.050650000000001,0.018222035999999997,515818.67494711134
6.836734693877551,214645.0,21,0.005970149253731343,709.8907090970681,10.871091836734694,416.059937046,5791.821257421823,73.51830427500002,10.40241,0.005638679999999996,956346.9842840725
5.397590361445783,238515.0,21,0.0,797.2510288065845,14.133923404255318,308.980450949632,6150.691933171201,62.657761572,12.021390000000002,0.015442896000000005,704457.7341506047
5.641025641025641,185000.0,14,0.0,520.7506098705197,8.782,371.41568021934,11773.328666100319,388.1584406250001,7.914840000000001,0.021555377999999997,914446.8520284687
5.586206896551724,166184.0,20,0.009259259259259259,767.1490649659497,8.375094339622644,481.69701554260007,10476.323650452494,126.0092623185,8.15142,0.015673091999999996,1012565.2747602431
9.428571428571429,134333.0,9,0.0,443.80681818181813,9.636000000000001,403.32385510194496,3304.819550972371,85.37402590500001,6.73491,0.005926064999999998,764658.8379281266
7.671875,211426.0,7,0.002036659877800407,1029.7324101468814,9.440767105263157,933.15609007944,13389.008514974397,95.33492117250002,6.175740000000002,0.016638344999999995,527959.8666599614
5.441176470588236,189133.0,25,0.007207207207207207,1060.9651546579055,9.079518987341773,347.774116621176,8290.318212980688,68.29523979150002,9.25491,0.021068940000000005,703847.6278969481
6.967741935483871,206186.0,27,0.0,812.1252513645505,11.346171428571429,269.684054515428,4864.023359880191,200.83259952000003,10.561499999999999,0.02372541599999999,616306.2362983243
5.416666666666667,206386.0,29,0.007692307692307693,874.6467863845317,9.001698630136987,539.129492489697,9595.646783245074,279.9585408600001,6.696870000000001,0.021636639000000003,573616.9851867281
4.80327868852459,211346.0,9,0.0,616.3159481095679,8.16784255319149,355.817747012984,8001.763795827647,51.094500264,10.7283,0.022892975999999992,644186.7083034315
4.890243902439025,172066.0,18,0.0199501246882793,764.6569881149389,8.680695238095236,717.492742398432,9998.801899431368,157.93468236000004,6.878760000000001,0.017245529999999995,410446.6446089137
6.059701492537314,208266.0,15,0.0,809.4160117498518,9.051457692307691,360.373612761088,5271.545276092464,71.80503552000002,8.47902,0.016538004,669995.9177373215
4.485714285714286,175546.0,30,0.0,619.0734241741005,5.560215384615385,346.61730018622,9853.611424608902,120.38950930650002,8.140320000000001,0.029763684,756445.3787096757
6.091954022988506,128500.0,35,0.005660377358490566,1110.1242065429688,7.066666666666667,695.3627046239999,9442.633904788137,126.39277894500002,7.274520000000001,0.018895704,548724.6116672469
5.520833333333333,206386.0,29,0.0,601.7745985491971,15.038173913043478,505.41887179316,7672.7766381235215,280.96063332000006,8.84826,0.020399640000000004,587713.3293478171
4.0,158253.0,24,0.011494252873563218,761.5058823529413,9.722164705882353,856.639075206096,15297.082894043997,60.51241452,5.746140000000001,0.018727631999999987,459259.1367221556
7.488888888888889,185640.0,23,0.0,875.95646484375,7.1987929824561405,452.78681704614394,12161.059536192002,96.4807280535,7.151040000000001,0.027547968000000003,705535.7200563722
4.590909090909091,182465.0,3,0.013201320132013201,600.3023880531556,8.7567,566.3883571837259,6437.977583406925,94.759118916,5.5932900000000005,0.013289933999999986,668337.6666680328
4.887096774193548,188986.0,20,0.0,547.8748201822153,14.115311111111108,468.140858615376,13362.38607802021,399.7105378050001,7.9597500000000005,0.028284185999999992,807536.413376926
7.607843137254902,159400.0,18,0.0,700.871228380255,10.597623076923076,550.896333670053,16790.172130828796,131.66803083,6.243390000000001,0.020740104000000002,816585.799961017
6.612903225806452,244026.0,10,0.01951219512195122,698.0319651796534,12.1744375,694.70023901334,15888.588069577856,55.84408927500001,7.343820000000001,0.018347960999999992,612557.0804713919
6.103448275862069,175880.0,24,0.0,514.7073982003432,9.742866666666666,464.52009402925995,6778.761893337881,90.97159319100001,8.89779,0.020862927,615163.0782692252
5.178082191780822,161080.0,9,0.0,963.5479439321832,10.775314285714286,868.17817355688,17185.633252180633,84.00902329500002,14.763200000000005,0.023235743999999996,458686.954593596
6.068965517241379,134826.0,7,0.005681818181818182,657.7360703812317,11.189506976744186,608.1717877035579,14109.52165138947,118.94673790350001,6.199620000000001,0.021622949999999995,705395.7879854309
7.263157894736843,251066.0,11,0.0,1133.3142403653376,11.540742857142858,483.60765689870004,8538.845582846696,367.18463015000003,9.70839,0.043248629999999975,913022.6515157878
5.579831932773109,215999.0,56,0.010542168674698794,1284.6061018101466,13.100209230769233,615.8364699701759,7706.5397252270095,81.32649057000002,9.48306,0.019353600000000002,641098.8154626472
7.982142857142857,147199.0,52,0.0,888.963976331361,14.690655000000001,572.192098197174,9756.981170488349,226.29634965000005,8.530050000000001,0.019115232000000003,653039.0341787194
7.492537313432836,149464.0,58,0.0099601593625498,1106.8430141287283,13.896179591836734,610.446157908132,9382.401429988688,59.192822850000006,10.12533,0.021746699999999994,546681.3916217192
8.373134328358208,162499.0,55,0.0142602495543672,1119.4774846260661,14.443199999999997,488.77871381999995,6189.8369159592,90.13248010800002,11.33424,0.01203312,989516.5052569454
7.984126984126984,137684.0,47,0.007952286282306162,933.8592105263158,13.066822222222225,761.023631456424,12211.309291894599,77.187659202,8.12388,0.018103667999999996,626892.2596208062
6.413333333333333,149999.0,49,0.002079002079002079,843.9154488747828,11.971836842105263,328.10967690933603,3769.8112499430686,141.80273969400002,11.167679999999999,0.006751328999999993,1370958.3689794801
10.166666666666666,151174.0,46,0.0029806259314456036,1495.2566772163714,14.35038656716418,712.4780629006741,10180.181579005748,113.819363784,8.95335,0.013773149999999998,893954.0540759685
8.981132075471699,118199.0,44,0.008403361344537815,916.6606060606061,14.294808888888888,478.9024479756,8327.707273277572,74.06620980000002,10.69176,0.018459810000000004,808433.4864537589
5.901960784313726,113877.0,38,0.009966777408637873,558.1671330589849,10.899544444444444,582.129641027616,9363.565075249675,68.56483389600001,9.205710000000002,0.019538747999999984,675693.679603753
9.39655172413793,187340.0,40,0.005504587155963303,838.3917358957373,9.578171641791046,319.08142316212496,6580.719620529598,98.43124356,10.956090000000001,0.026798135999999986,771892.1561096157
5.888888888888889,153402.0,35,0.0,1088.816326530612,10.6164,428.588253409536,5513.71760700043,82.90019034000002,11.06058,0.021118379999999985,733393.3514652874
5.777777777777778,234000.0,41,0.004807692307692308,871.091828319409,12.18464,413.09599806882,6771.915282122098,179.35160130000003,9.71574,0.022327379999999987,586812.0320125371
7.1506849315068495,234000.0,41,0.011494252873563218,1240.75089570007,13.111866666666666,610.446157908132,9382.401429988688,59.192822850000006,10.12533,0.021746699999999994,546681.3916217192
9.0,218400.0,58,0.007407407407407408,1402.7832673816652,13.32529411764706,392.96264513218495,7954.263179561791,68.41622616600002,11.295390000000001,0.027218361000000003,688677.214841243
10.279411764705882,227693.0,69,0.0,1386.1146888733556,12.472157142857144,408.8750088534,4624.723564025038,136.061217125,9.908280000000001,0.013613183999999988,552321.2583354637
9.333333333333334,208571.0,52,0.0013227513227513227,1574.8337260816288,15.5526,855.036648490024,11001.255958536125,235.098844695,8.394900000000002,0.01558796399999999,492040.1228623849
5.6020408163265305,182232.0,62,0.0036429872495446266,916.7644934885795,10.0284,305.868121538436,3737.69479233144,102.56091469200001,11.175300000000002,0.012976199999999995,906907.9226191347
9.534246575342468,195820.0,52,0.005747126436781609,1444.0408821947283,11.835866666666666,583.207893178452,8354.271990831627,55.36937058300001,8.211780000000001,0.021870900000000002,482055.1887971703
8.666666666666666,205928.0,51,0.004437869822485207,1605.3805754988973,17.021429629629633,751.7832258020778,14594.88763210111,118.12677145500005,9.889020000000002,0.033710985,1001091.8628931385
8.544117647058824,208506.0,67,0.0017211703958691911,1300.2336132580263,11.0471703125,271.87665002572805,4877.243044027379,129.33377740800003,7.9485600000000005,0.009996524999999994,1181979.066709051
9.301587301587302,155133.0,55,0.008532423208191127,1404.811595073295,9.94021282051282,461.811891534084,6828.523223200815,70.2984335445,9.50142,0.016160876999999997,687086.597044104
6.072164948453608,211840.0,66,0.0,1040.3933712375704,13.213988461538461,332.85458568435996,6109.171840598113,264.07007645000004,10.1661,0.02052905999999999,804726.2863982877
9.507936507936508,208293.0,47,0.01001669449081803,1249.4830503421235,10.51844,407.929750344882,3857.3234287734736,385.16327526000003,10.81218,0.0072884700000000035,887882.0697682044
8.015384615384615,263200.0,44,0.0,863.31328125,9.692308196721312,229.43368826487202,5612.566352579648,131.9974529055,9.439860000000001,0.01660213199999999,1117173.6103732756
6.426966292134831,182232.0,62,0.0034965034965034965,1211.3309394343553,8.926171428571429,335.481721247872,4098.4109481591895,119.57990536800003,7.6224,0.010261367999999995,894341.478194612
9.538461538461538,199253.0,49,0.012096774193548387,1265.2435542343785,11.128114285714286,441.586658076912,7579.143703830871,315.224679375,8.720130000000001,0.01773786,809436.1816756086
9.4375,222000.0,39,0.015894039735099338,1374.3892767688349,10.597602150537634,409.874306262984,4682.231553263817,113.7243382155,9.604170000000002,0.010738439999999991,959089.4595249818
6.316326530612245,203571.0,49,0.0016155088852988692,1253.880215973284,11.836554411764707,411.73374653837993,4228.989923738398,385.2734760000001,10.995780000000002,0.012777425999999991,894149.5536745004
9.04109589041096,220870.0,40,0.0030303030303030303,1296.465041017734,10.068473684210526,472.35215856213006,11318.752554948383,62.12074264200001,6.8676,0.029698949999999988,520669.43759825605
6.942622950819672,226285.0,52,0.010625737898465172,1617.158935546875,14.2020725,611.13010630471,8781.17258345527,61.48617898500001,8.425980000000001,0.02126835,445678.69113922876
6.764705882352941,205346.0,60,0.002898550724637681,1434.3207756232687,12.095125000000001,348.48209250355205,4634.446228174884,149.64895251600004,7.666980000000001,0.009134268000000004,1084383.530549997
11.256756756756756,200533.0,56,0.003601440576230492,1720.4293628808869,11.779545555555556,384.40113526357396,4552.960455199106,129.45413021400003,8.95758,0.011675646000000001,881318.399688487
8.58,193421.0,45,0.009324009324009324,961.7719426365672,11.089649999999999,415.77749209018,5632.968695342998,277.9290131000001,8.437050000000001,0.01955231999999999,612569.9727605403
10.866666666666667,248708.0,51,0.009202453987730062,1712.527091491634,13.6757,392.96264513218495,7954.263179561791,68.41622616600002,11.295390000000001,0.027218361000000003,688677.214841243
5.858695652173913,190666.0,55,0.0018552875695732839,1327.767794273282,11.564816666666665,411.7262956058559,3147.143240330816,356.96939789000004,11.57496,0.008035091999999999,910754.5110189199
6.1652892561983474,180266.0,55,0.004021447721179625,1823.70812416,12.204388505747128,613.032249219921,5658.200556216743,81.29458715400003,9.74535,0.011299994999999992,652697.5198703953
9.607843137254902,164000.0,56,0.006122448979591836,1247.1528671440622,13.197333333333333,500.03668683105604,6573.593916507494,87.307231626,10.51776,0.013204704000000005,904893.5612949498
7.491525423728813,206853.0,44,0.004524886877828055,946.3054420395292,10.408683018867924,357.732297844376,8147.138000001659,81.802126653,11.3199,0.027812132999999996,779993.2030810927
6.142857142857143,197676.0,52,0.008944543828264758,1162.0190357627885,9.25975945945946,526.550719163904,7789.517076608845,85.51511097750002,7.26135,0.020401367999999986,572335.889289992
6.878048780487805,195662.0,50,0.0035460992907801418,1097.6071490928716,11.90623448275862,524.883082616336,9984.590579161173,279.9004702000001,6.36177,0.022999499999999992,583907.8320526324
6.714285714285714,201749.0,52,0.0,905.7265441052454,8.98875,397.54150869299997,5524.203154157397,393.90726120000005,8.367510000000001,0.015756707999999998,801817.9997810875
7.0,171080.0,49,0.0,832.6412042923258,10.95486976744186,358.719644631168,3640.798647066672,292.58900419,10.254780000000002,0.014694371999999994,692946.751939105
8.0,224760.0,48,0.0037313432835820895,1172.6420995217293,10.789044067796608,318.636630995256,5165.1104000796295,313.44452766000006,8.185920000000001,0.011777987999999996,1004485.0204958264
7.481927710843373,194000.0,63,0.0,1278.1919523839047,13.4757,692.702821734,8783.506663764467,50.595817222500024,7.45206,0.019188828,407636.8888759404
5.588235294117647,272973.0,53,0.014035087719298246,976.5830791250415,9.520701492537313,335.16966552209095,5774.568549161949,166.95206488000005,9.38721,0.018921905999999985,658502.0678631787
9.15625,241287.0,51,0.006825938566552901,1940.6462133932387,14.633257142857143,547.0874296025601,6806.625795790714,398.1001024,8.54436,0.01180871999999999,831200.290579933
6.53030303030303,197800.0,60,0.002320185614849188,897.8879770156407,9.23143559322034,241.778333252961,4467.609063942777,97.773386688,11.17977,0.013899032999999988,1047836.3545537288
6.530864197530864,200800.0,41,0.01890359168241966,1387.9083180097348,8.835005333333333,212.965021560452,4602.806531081128,354.87432204000004,9.46227,0.010890179999999992,1159874.2866500937
7.118421052631579,203076.0,41,0.0036968576709796672,1211.211655793236,10.244279104477611,449.400752777658,8375.179443818191,101.32741792050001,7.4406,0.018594009,732736.8246850192
7.080357142857143,281080.0,57,0.006305170239596469,1464.4158131487893,11.363396296296298,188.238550637538,4714.35672071904,44.02694451600001,13.0749,0.02323144199999999,933466.0858625574
10.790322580645162,168240.0,75,0.0014947683109118087,1395.2202582257394,11.879656,483.05962952416803,8085.100711008279,126.19235860650001,8.30055,0.014807825999999998,924856.1443757839
8.2,201400.0,47,0.0,1359.8890701468188,11.892103947368422,571.705472867155,6192.914733961897,90.29169357,17.300200000000004,0.010914560999999991,652599.4526777695
10.015873015873016,172714.0,69,0.004754358161648178,1605.3804175075923,13.936748529411764,629.709392842,7993.827502004422,131.990897745,8.68797,0.008327474999999997,1055248.9899364356
8.743589743589743,207142.0,48,0.002932551319648094,1550.7593162879766,13.581142465753423,702.4697852633179,12330.239566612965,267.66120494000006,9.36486,0.018295589999999994,663130.9345351375
10.189655172413794,194586.0,37,0.00676818950930626,1179.013500886711,10.612554166666667,420.21294134373403,5425.928451386586,95.473469922,10.450230000000001,0.013375004999999997,951150.7367183848
10.0,173415.0,46,0.0,914.4765250814527,10.130219178082191,593.3730917816041,10821.004428595681,87.320183742,7.17663,0.017690699999999993,845962.7473588279
7.704225352112676,229213.0,47,0.007312614259597806,1376.5155077525674,11.050311666666667,347.329969158562,6060.3886603680685,87.88117114350001,9.69036,0.01787078699999999,829077.4856964058
9.064102564102564,259990.0,35,0.008486562942008486,1218.8971186488232,10.461854320987657,390.00710329378205,7754.686854770085,262.7283424000001,8.939520000000002,0.019893761999999985,806531.1904079989
7.152777777777778,158920.0,36,0.001941747572815534,1122.5503469511896,14.372461538461536,526.1880988752,8481.095713584002,353.6241191250001,8.815140000000001,0.011510927999999998,925412.3254768045
6.532467532467533,148831.0,42,0.0019880715705765406,1054.656729543156,14.841710638297874,626.570337598608,9912.08855073862,227.65843249500006,9.632430000000001,0.021068843999999996,552229.2458459291
6.685393258426966,238666.0,36,0.0016806722689075631,1423.549102948261,10.813926666666667,411.37297426413994,7086.950489450016,60.78838208100001,10.447560000000001,0.017131235999999994,689473.9834738183
6.285714285714286,239256.0,27,0.0,843.1178675402466,8.79848275862069,111.529053493704,3025.8722111096145,76.30960393350001,13.81095,0.018942809999999984,1204538.8469648173
7.446153846153846,155133.0,55,0.004132231404958678,1096.4398108121854,11.121440000000002,547.54983060352,10069.033235870704,121.914386736,7.501320000000001,0.018417126000000002,900365.329363964
5.203703703703703,183440.0,44,0.0035587188612099642,1199.9904153217683,10.124959420289857,192.508515312505,3840.2099176328816,1.4625715020000019,15.079410000000001,0.04057016699999998,59863.24898565031
8.306451612903226,191106.0,34,0.019417475728155338,1346.5816451120188,8.496822368421052,577.261928533689,10929.591514546706,220.29223371000003,8.19498,0.027014189999999993,517957.8532783414
6.214285714285714,183053.0,40,0.011494252873563218,1055.056933148185,9.9238,312.46099364438004,5560.336195445542,156.67455915900004,8.60373,0.013121433000000005,1135313.534300004
8.657894736842104,189040.0,37,0.0,560.7304038261773,10.1981775,132.45193796661002,2516.7776636911985,109.1778421425,13.286100000000001,0.011511419999999987,1326788.870854596
6.7631578947368425,227320.0,49,0.0,1047.3548681784032,8.309452499999999,348.913199470392,6390.193678173407,146.204630622,9.00333,0.012883281000000003,1132704.1015787853
8.263157894736842,209920.0,38,0.0021231422505307855,1045.525150373455,9.823942372881355,335.1825006528599,5239.537386809262,114.93420282,9.057630000000001,0.011670659999999994,1111401.053830365
8.583333333333334,214986.0,39,0.0,576.3135773317591,10.145052173913045,240.915783679326,4406.128722773192,42.232299102000006,10.075080000000002,0.017171115,648164.8293538836
10.3,137514.0,48,0.007281553398058253,844.0428863587802,11.433,472.9456204605,4943.855560458362,335.20821300000006,8.00577,0.011745972,734419.1244252748
9.681818181818182,197714.0,57,0.004694835680751174,1146.6346825050223,11.614464,461.6859485137921,4696.15926070532,116.7282604305,9.623820000000002,0.009805487999999998,915474.2668764147
7.906666666666666,200640.0,45,0.008431703204047217,1323.7356908350143,11.91365238095238,924.64215569364,12691.41181930842,26.88797796000001,7.67577,0.02866082699999999,207602.02134161995
6.122302158273381,210720.0,46,0.0011750881316098707,1726.6233098972416,16.17516666666667,277.1305010961901,5110.298020029151,206.99889388000003,11.60364,0.014878148999999999,925209.8679726543
5.912087912087912,203531.0,41,0.0018587360594795538,1030.5250582423137,8.56032911392405,515.8606134352799,9879.832602504406,95.04091715400001,7.8096000000000005,0.021716333999999993,714468.3479773789
8.563636363636364,143414.0,49,0.010615711252653927,972.8172381251966,13.017498,536.210757023175,6448.281154996143,196.32885300000004,9.949679999999999,0.012845250000000002,673724.0332254128
10.1875,215453.0,36,0.003067484662576687,1332.4318968433206,10.810820253164557,463.806284222953,8596.673023046624,119.73773191800001,6.4899900000000015,0.014113484999999993,897355.5464790604
8.627450980392156,150769.0,56,0.0022727272727272726,761.5065336498633,12.176083333333333,479.541038206068,6026.5467970588925,370.596345435,9.64593,0.013213935000000001,895549.6319633748
8.44927536231884,216320.0,29,0.0,1103.6652124075472,12.963500000000002,500.5671858603401,9687.83223300969,26.728836636000015,8.70969,0.03039466499999999,298975.7397306999
8.442857142857143,162373.0,52,0.008460236886632826,1115.0534977771174,11.658295833333334,668.2434169778079,11538.054828702865,93.42650539800003,8.18478,0.017350757999999997,695259.7897271742
6.339622641509434,185280.0,32,0.0,1035.147106314269,6.058226086956522,616.9038669269189,13983.649875354316,78.34488205500001,6.480870000000001,0.03338119799999999,460160.0439284813
7.246153846153846,156800.0,36,0.006369426751592357,1046.6824677021339,12.171194117647058,680.995995476235,9374.70071351069,24.554710005000008,9.13227,0.018626384999999995,325514.2060398963
5.838709677419355,175542.0,30,0.003683241252302026,1156.8748644134914,12.379394444444445,306.09830320726803,5241.296141662666,97.56218630400002,11.299290000000001,0.019078970999999997,884191.6463542696
6.725,255306.0,31,0.0012391573729863693,1651.6323820760952,11.73543068181818,680.104699438644,10557.330609413282,77.456423799,6.9485399999999995,0.023995313999999993,480360.46618512616
9.660714285714286,206324.0,21,0.009242144177449169,1120.882917983338,9.100822222222224,456.01057122232004,11092.99298560047,117.29869052999999,15.398700000000005,0.01908813599999999,843092.9938128389
8.426470588235293,187764.0,53,0.0,1199.9050516498216,13.890561818181817,605.214022564501,7136.505072923602,273.64230614,8.12307,0.014068161000000003,660211.5160064374
7.327586206896552,162373.0,52,0.0,768.6088527551942,9.735927419354837,668.2434169778079,11538.054828702865,93.42650539800003,8.18478,0.017350757999999997,695259.7897271742
4.687943262411348,196400.0,36,0.0015128593040847202,1108.4892142987583,10.62942328767123,344.73537796261195,4782.361134671235,247.17057736000004,9.54546,0.017218875000000005,669648.8787441849
6.76530612244898,230117.0,35,0.0030165912518853697,1377.3856985439236,10.738877922077924,661.5351991329601,8947.918612531947,156.93534525,7.813680000000001,0.023753951999999988,365010.6584745054
7.037735849056604,242250.0,13,0.0160857908847185,1377.3849687075713,12.052448780487804,579.7974013603199,5938.414193823657,194.64161145000003,9.35091,0.01628572799999999,475164.551673525
8.6,192520.0,51,0.0033222591362126247,1147.098938897095,11.621378461538463,406.86087078575997,6316.340627028909,108.195481368,8.92407,0.015346224,874860.2150672093
10.538461538461538,137853.0,33,0.0024330900243309003,1009.9194484343578,12.50865918367347,519.5201177443681,12177.866337343168,69.530616675,10.146900000000002,0.018058697999999995,696627.8547764437
5.909090909090909,210360.0,32,0.0,921.8504515858014,9.570411290322582,358.842276988965,7715.75784187927,91.44318258000001,9.543750000000001,0.016194608999999995,978709.1685575773
6.80327868852459,230440.0,33,0.0,734.8785326608371,9.023509433962264,364.661716392856,6021.89572182001,31.52556976800001,11.05104,0.024672059999999996,465898.79519646533
9.22222222222222,241703.0,35,0.0015060240963855422,1380.9910396866826,10.461494736842106,334.7145713845,8000.932699643818,124.3265416875,19.0929,0.014954850000000004,991561.8783773121
5.785714285714286,231133.0,37,0.0,1079.985402249135,9.207943373493976,313.326447434136,3410.8183200844105,58.11950376000001,11.768550000000001,0.010488284999999986,807809.5704288859
6.339449541284404,236000.0,65,0.0,1306.7558721163884,12.775207999999997,878.9533120844579,15961.273491945354,98.11986783300001,21.6755,0.023538215999999997,554220.2652388215
6.028169014084507,205720.0,35,0.0,887.3329854780178,11.414851063829788,313.61024163743997,6233.902425158669,37.416302136000006,9.98643,0.020819240999999992,512116.1688758075
8.18421052631579,214720.0,32,0.00482315112540193,1321.2308886703588,11.610666666666665,474.53963436431997,9125.05225986904,41.94212417850001,10.48422,0.02701137599999999,474913.19194399996
6.957142857142857,218400.0,58,0.004106776180698152,814.264,11.233778846153848,243.61849071103,2033.8073851407514,224.80194913500006,11.12862,0.009780155999999991,691502.2061781412
6.819277108433735,178775.0,59,0.015901060070671377,1109.5485426254656,12.639145161290323,721.8570825375,12857.653469599643,78.04282926300002,9.55125,0.024286574999999994,596784.1157854702
7.0,242400.0,29,0.007407407407407408,1944.217035434323,11.00632300884956,414.18615255314404,9421.9025868846,19.757619405000003,9.62397,0.028224482999999995,262159.7580652559
5.867924528301887,215520.0,23,0.00482315112540193,1241.5611141157383,11.865982857142857,428.55437594089994,6401.229137558527,121.29786870000001,7.98366,0.011842199999999997,917605.2101092234
5.35042735042735,196679.0,60,0.003194888178913738,1161.7750280725002,14.56661612903226,754.609111152876,6029.13384315041,314.0545356900001,9.473730000000002,0.010297775999999998,685789.9053847766
7.757575757575758,218400.0,58,0.00390625,1506.9444053997315,12.64390243902439,265.60827564749997,3656.8157971392197,68.622744657,10.41021,0.009532379999999998,851038.4088717854
7.538461538461538,137514.0,48,0.0,313.45914440923497,9.755523076923076,270.731082012763,2471.2942662072574,136.499170314,9.322140000000001,0.00613868099999999,1030159.2445522968
8.48,177149.0,29,0.0,1034.3627262225646,7.407459154929577,422.119123638016,8963.935322427824,102.54654648000002,8.38821,0.01760058,997932.7397479868
6.845360824742268,230117.0,35,0.0030120481927710845,1379.4632033682733,10.755075324675326,661.5351991329601,8947.918612531947,156.93534525,7.813680000000001,0.023753951999999988,365010.6584745054
8.722222222222221,218400.0,58,0.011464968152866241,1538.4506539833533,13.4235,662.786373814578,5125.139749365976,147.27423383000007,6.94161,0.010598405999999996,387774.9097752121
6.655172413793103,198646.0,25,0.0051813471502590676,1246.764297337278,12.04498153846154,550.5581559457981,8162.746817695893,280.8212413300001,7.466850000000001,0.013358861999999997,754495.8006758189
9.45,187242.0,56,0.008818342151675485,1464.8434371244298,13.28781176470588,832.4906840156159,12871.550054563593,93.33058774050001,9.33087,0.009023952,881355.7532314364
11.0,186511.0,58,0.0061633281972265025,1353.3176951253877,13.325810447761192,590.34489615843,10810.073746131326,377.2141235,8.29416,0.017937107999999993,809718.9635809347
7.988235294117647,190451.0,18,0.007363770250368188,1541.3259994949922,10.632522727272727,485.8007975350399,9196.117031299966,71.27664382350001,8.79903,0.017213975999999992,685835.0260499645
7.976744186046512,218400.0,58,0.0058309037900874635,692.403251910121,11.415230555555558,658.917143418642,7940.896242397654,95.49441624000006,5.79087,0.020876463000000005,235848.2544001915
6.652173913043479,233769.0,21,0.013071895424836602,926.4023444965917,12.1080375,379.071060561024,5412.994223525278,208.27141717500004,7.645860000000001,0.014768471999999993,557101.1318835096
5.826666666666667,165633.0,8,0.018306636155606407,851.8811313999284,10.854484090909091,234.72624277394698,3166.276140942069,362.37602683000006,9.286800000000001,0.010669814999999992,999002.177355115
7.542857142857143,188473.0,31,0.001893939393939394,1130.9391435011269,11.469333333333335,637.5707454330201,10511.796584057996,54.213081429000006,10.970640000000001,0.026090633999999988,504150.26776397834
7.289156626506024,234032.0,20,0.003305785123966942,1424.958524226017,13.386246575342467,477.521241689928,4960.157362990079,95.77132112100001,11.50878,0.005117951999999998,990802.9044796656
11.066666666666666,171502.0,15,0.007228915662650603,1438.6997143238998,11.846363636363638,420.47426103777,4364.399251031559,62.983140588000005,7.93923,0.007643255999999996,667278.2887195895
7.531645569620253,168618.0,54,0.010084033613445379,1241.0977362558392,15.355033898305082,783.8600012121599,10162.593723881037,89.32235471999999,8.99421,0.012027149999999999,670056.0862026082
8.97872340425532,171502.0,15,0.014218009478672985,977.9914318668643,10.966725,543.459272939352,5716.442130055832,67.76945160900001,19.2205,0.013210050000000001,503419.12686123146
10.235294117647058,247767.0,27,0.0,1372.7392785396105,11.551582608695652,268.8261235513,4501.357515989283,224.78289375000003,9.19584,0.016866216000000003,677849.7852639069
5.372881355932203,205445.0,28,0.0031545741324921135,1329.769341563786,9.799005194805195,581.834951894268,5160.624060713337,104.95087710750002,6.1125300000000005,0.012726557999999989,627690.4113489396
7.104477611940299,162666.0,28,0.012605042016806723,1012.6350598691998,10.175651612903225,749.5675300341719,8991.640707770452,103.572282636,20.9416,0.01432326,693448.5646299728
6.985915492957746,290280.0,37,0.010080645161290322,1030.0934263709305,13.880766666666666,287.8311181914,3971.012837451966,248.51018092500001,9.80967,0.009446033999999997,869395.6475682885
8.720930232558139,273777.0,27,0.010666666666666666,803.5549399815329,10.78125,233.7028770006,2610.679340596989,311.50505121,9.56427,0.007747079999999986,977909.7389125528
7.733333333333333,218400.0,58,0.014367816091954023,779.4871014260534,9.738463636363637,350.79617952990804,3383.5258698783064,271.7937972050001,8.33766,0.008260676999999989,840546.6681789408
7.572815533980583,218972.0,27,0.010256410256410256,1684.8892493307558,13.131529411764703,765.68068846575,13569.529656111,145.09734003900002,6.80529,0.015742487999999995,866866.125118983
7.425,203493.0,33,0.018518518518518517,1275.241020793951,9.3852,271.47868847814,3528.5136808521597,53.41194573000001,10.805940000000001,0.014330999999999995,640354.2065455773
8.943396226415095,242746.0,26,0.006329113924050633,939.3775566029794,9.655613114754098,476.82745625443204,5179.515965463842,36.236574039000004,20.062200000000004,0.015146910000000005,308109.0466233645
7.575342465753424,218400.0,58,0.014466546112115732,1070.6005759606019,10.55193125,721.6864603324922,6215.873155291626,76.224626802,11.801500000000004,0.015442007999999995,369099.38442640373
8.60655737704918,218400.0,58,0.011428571428571429,1103.7523610288686,11.813421052631579,795.5021392162021,10495.352134190656,13.888495395000014,18.1023,0.020927501999999997,127573.7406266015
4.7368421052631575,219904.0,45,0.0,391.1593341260404,9.679499999999999,604.70044258437,7472.381480063806,68.67853539300002,8.3709,0.018076343999999987,536289.7568342964
4.687943262411348,226428.0,20,0.0015128593040847202,1108.4892142987583,11.217984931506846,633.2667682236479,11576.085014789567,341.20776060000003,6.209880000000001,0.024597539999999998,605119.9944906634
10.980392156862743,195506.0,40,0.005357142857142857,966.1259515570935,8.659839999999999,548.576095400118,7637.398207663584,22.905903753000004,3.902730000000001,0.02018028,204941.74376355115
7.568627450980392,269154.0,25,0.0025906735751295338,807.0645551020409,9.93356153846154,477.48800388133,5568.506917113891,225.42468160000004,7.10478,0.010729824,627337.4765975239
5.653846153846154,292261.0,5,0.006802721088435374,610.5363098440022,8.7899,525.175225640802,4929.5661433527575,48.643109928,8.059320000000001,0.012961121999999988,468797.11489304586
9.4,171502.0,15,0.004909983633387889,1089.9182023745911,10.294942666666667,406.66498347897806,5036.68395762912,259.70831692,8.22816,0.012864167999999995,684554.4860084462
9.83673469387755,223326.0,23,0.012448132780082987,1239.8334228373703,9.414774545454545,292.027301474364,2546.5130154741896,360.83979928499997,8.32539,0.008749214999999996,849093.7500493309
10.36,248708.0,51,0.003861003861003861,612.2779584120983,8.0703,724.779744467688,11347.042826262423,105.09316773600003,18.2881,0.036103619999999996,384905.1244381214
9.8,200640.0,45,0.0,103.75750000000001,7.310255555555556,416.435487151776,7255.343434725749,110.16821536000003,9.69759,0.020963396999999995,383626.34043027443
5.42,232000.0,26,0.014760147601476014,934.6617783062491,8.844026086956521,255.54020252577297,3423.647240020735,42.924690105,10.76496,0.019734119999999987,474890.0922881375
6.438775510204081,218400.0,58,0.009508716323296355,1364.9052851291747,10.132808333333333,377.45058235679994,5281.610152022731,253.13818680000006,7.141920000000001,0.01150674599999999,862753.3552605362
6.565217391304348,218400.0,58,0.0,300.8902230733399,9.660225,217.423723254192,2722.115092054626,209.54361519000003,9.36138,0.012556332,694625.9023553358
6.12,240053.0,13,0.006535947712418301,239.12390011890608,14.169985714285714,682.7882026153919,8581.257560924932,93.56871656400001,16.815000000000005,0.014575584000000003,613596.701406678
7.724137931034483,284386.0,28,0.013392857142857142,419.82477096966085,14.010666666666665,913.9154300951998,7329.144695207744,77.70777792000005,8.96475,0.021842478000000002,158977.7522088685
7.619047619047619,247111.0,58,0.0125,313.3412604042806,13.6192,599.5378133256961,7969.0064056415995,162.494444025,8.46411,0.016956575999999998,529859.5897053529
8.0,218400.0,58,0.011363636363636364,415.33400949328575,10.318880000000002,900.250271853504,10961.763293100534,50.688345114000015,9.506600000000006,0.035125482,174940.47575566504
7.457142857142857,179513.0,51,0.007662835249042145,636.806592,12.0321,477.35168870277,3462.3860136228036,99.21890340600002,8.21052,0.007306464000000003,695738.598465348
6.421875,183306.0,14,0.0072992700729927005,952.159487534626,7.623365,195.085182921482,3938.607484006799,229.64771436000004,12.258090000000001,0.017828039999999986,1058829.399571432
6.513513513513513,276546.0,9,0.0,434.5847969104776,9.38656129032258,258.77928502284004,3779.351377827841,51.00721531500001,11.4309,0.01579617,713095.6658141776
8.025641025641026,219386.0,11,0.006389776357827476,707.7070257014169,7.125445,215.40228395797197,3228.8357435078988,64.61985108150002,11.108849999999999,0.02144982599999999,678546.7469568175
7.736842105263157,285658.0,7,0.0,322.31111111111113,9.850729411764705,456.47734032000005,10181.439135398527,135.0648118125,15.564500000000002,0.025631423999999993,651230.9415843764
8.631578947368421,179513.0,51,0.006097560975609756,362.4651711924439,8.546636363636363,383.35029004622004,3217.0183969388418,155.30013145500004,8.929020000000001,0.009990617999999998,597325.3763526613
8.11111111111111,248708.0,51,0.00684931506849315,335.2033672545154,8.41617,724.779744467688,11347.042826262423,105.09316773600003,18.2881,0.036103619999999996,384905.1244381214
8.470588235294118,260413.0,42,0.006944444444444444,375.04947264145454,9.2376,560.3488768820799,9049.665701384514,61.073865055500015,20.761400000000002,0.018072876000000005,517856.5371424065
8.551724137931034,164000.0,56,0.0,487.38998724489795,10.925353846153845,759.8448922951679,14765.980450298,81.37848435600002,2.795640000000001,0.030256379999999996,435265.9684927098
6.943661971830986,215798.0,14,0.008113590263691683,1170.1822153551068,10.174972222222223,357.3429338736,6758.189149041581,109.19752392000004,5.330250000000001,0.014706236999999987,879576.857713052
6.45,283626.0,41,0.007751937984496124,329.47334227808767,10.9150125,144.78513414349598,1060.9943371963016,253.215390215,11.20095,0.003106229999999996,1034656.5717807635
7.444444444444445,155373.0,30,0.007462686567164179,320.1502629601803,9.9989125,275.66357820596,2712.5854587617773,93.630693033,7.52046,0.006179145,985936.7197545635
6.260869565217392,220040.0,34,0.0,297.286475855287,11.1051,566.801020481049,9495.532874271023,210.38712540000003,8.92638,0.025457909999999997,536792.4139755169
10.066666666666666,183306.0,14,0.006622516556291391,327.57045850609944,10.951473684210526,260.11129565408,3940.567080672418,154.67049446000004,12.23202,0.011804940000000005,828173.8701431797
6.59375,236466.0,17,0.0,428.12542936288094,8.169802777777777,304.885922440656,2477.398364311024,337.07139270000005,10.17663,0.0050222699999999945,1053578.8018038983
5.01063829787234,187623.0,41,0.0,961.8181719848567,8.2739,656.9405379955199,13305.57425811094,63.19020378000001,6.385440000000001,0.028693727999999998,435437.671097603
4.295454545454546,221323.0,24,0.005291005291005291,1359.7907523066935,15.8169375,374.20217212910995,5722.118209501203,203.96280815,7.18794,0.010724670000000002,690136.8511410258
5.494736842105263,235350.0,17,0.0,1034.4299999999998,13.732615384615386,703.30119495552,12160.00641682888,97.75583496000002,17.051700000000004,0.017921591999999993,600032.5253856876
6.321100917431193,253639.0,16,0.00725689404934688,1354.1655540997647,13.014270454545454,615.2576549167601,9682.32807544608,80.25954732000001,10.59894,0.006678744000000004,750059.6412399707
6.611111111111111,201015.0,29,0.0,861.6073388203018,9.869910638297874,563.913684493526,15732.498053093163,352.2343420100001,5.8806899999999995,0.024264899999999992,766337.8711019696
4.78125,275587.0,13,0.0,1188.8568656853092,13.749465789473684,191.348640254703,2856.246156977025,125.316512727,11.82882,0.012912047999999995,1100625.9846784947
4.900990099009901,194833.0,19,0.0,914.1603535353537,13.04664705882353,553.001628223044,15300.651216111413,75.51755823150003,18.7911,0.02614761599999999,528161.2313178473
8.157894736842104,196568.0,27,0.016129032258064516,1306.4285714285716,6.819999999999999,343.41447280139994,4979.915863299826,234.951229695,9.590160000000001,0.01360846799999999,740223.95022015
6.461538461538462,140725.0,21,0.0,950.2695595003288,11.675192307692308,542.5609711347,8691.58333325082,117.416861352,8.74797,0.012204521999999992,917529.4143435803
5.235294117647059,214749.0,30,0.0028089887640449437,1285.1389349112426,11.501479569892473,569.00280107097,7512.685162365599,243.37493852500006,11.515680000000001,0.012899136,755792.8728470873
4.983870967741935,182160.0,12,0.0,623.9934221622533,10.80198947368421,365.05923421248,6166.752797013273,99.30299854500001,11.24688,0.01603506,989363.3281314917
5.604166666666667,203546.0,32,0.01858736059479554,1150.3971261558083,10.81822191780822,401.44839079375794,3753.8771783552634,117.081483096,9.27783,0.005563559999999997,1008896.2885456993
5.757894736842105,192835.0,27,0.003656307129798903,1239.8738384384678,8.801670114942528,621.4372014696421,5570.103794348053,77.23259745750002,8.279610000000002,0.009574514999999997,661372.5745738012
9.7,169712.0,30,0.010309278350515464,1082.3600163593098,7.961005555555556,480.506611369565,9166.501541195932,76.41053142000001,8.719230000000001,0.014516837999999994,639226.0583648972
4.295454545454546,221323.0,24,0.005291005291005291,1359.7907523066935,15.8169375,374.20217212910995,5722.118209501203,203.96280815,7.18794,0.010724670000000002,690136.8511410258
10.941176470588236,236725.0,7,0.0,350.2278224732271,8.1084375,779.3726948289,14156.517996039847,95.81157092400001,8.22453,0.01817669399999999,820416.4714987279
5.958904109589041,145090.0,31,0.004597701149425287,692.9706837767457,9.3905625,503.679771456664,11798.078733685532,44.605759281000005,8.34219,0.018736992,585376.8931770384
4.518518518518518,207626.0,13,0.00819672131147541,285.04918032786884,9.273435294117647,589.770228693282,16574.401162824124,263.53133561000004,7.140330000000001,0.031548203999999996,581428.8470395483
9.127659574468083,160769.0,17,0.006993006993006993,925.589179548157,9.797645000000001,405.828254531616,9036.69256782846,103.27565900000002,11.055630000000003,0.020509475999999995,551367.1721412415
6.089743589743589,182241.0,16,0.004210526315789474,1496.7409069059445,9.517272727272728,494.6522217096,10816.722435915002,66.25730078400002,7.857120000000001,0.023250720000000002,556402.9713236011
5.777777777777778,236133.0,15,0.00641025641025641,665.048076923077,9.63755,716.487771415212,9087.48139601016,91.11231156150001,7.42644,0.009912060000000002,759200.7185473957
4.657534246575342,194564.0,16,0.0,758.268,10.082416666666667,417.49572691760994,4735.5619680129585,124.57604049000001,10.40292,0.009260159999999993,988783.3851158678
7.970588235294118,143316.0,24,0.0,552.731564539178,9.638346341463414,449.67870330926394,9474.592291729628,75.52937445300002,8.85504,0.014876849999999999,710170.4928850551
6.366666666666666,144444.0,26,0.005235602094240838,659.2934605256168,6.547871794871795,489.8794626087599,6700.43495735929,178.41557300000002,8.884350000000001,0.01571168999999999,535718.7316145549
5.476190476190476,199626.0,23,0.005797101449275362,661.3145025382283,7.429194915254238,351.47061999472504,8554.949159667249,63.114935454,9.65967,0.021595157999999993,750606.0569654697
5.463768115942029,206896.0,26,0.007957559681697613,852.3287165130007,6.4341333333333335,351.64239066880003,10161.174225677401,96.82851416700001,7.95654,0.021327023999999997,837825.6161155761
6.5625,174545.0,17,0.0,586.8575584662063,8.953372340425533,292.2437884275,4566.241495069415,82.55388503250002,11.68698,0.01129285499999999,1158773.0385470605
4.495049504950496,194833.0,19,0.0,979.2567106891242,11.735899999999999,553.001628223044,15300.651216111413,75.51755823150003,18.7911,0.02614761599999999,528161.2313178473
6.384615384615385,191000.0,18,0.008032128514056224,476.5440367462479,7.028914285714286,338.6886835643999,10397.199897996717,119.93773945500001,19.849700000000006,0.020126927999999992,955123.240066561
6.40625,202105.0,23,0.0024390243902439024,767.1918270979812,8.363999999999999,241.45936624454401,5032.1429783938775,103.438421838,9.711599999999999,0.013232999999999991,1046395.0155911399
9.88,164262.0,20,0.008097165991902834,506.7375425330813,6.9654,98.902817066592,2915.3465221891774,57.15589454400001,12.70353,0.036435083999999986,546370.4898818441
6.586206896551724,177600.0,17,0.0,390.3573528176702,5.572859090909091,278.98342516678207,5160.104531491679,61.25924072700001,10.60194,0.01674257399999999,726921.0318327878
7.5,111114.0,15,0.0,977.8222078402366,9.094444444444445,359.85518157852,7373.979165920832,68.94521707500002,8.54442,0.016434719999999993,728846.9077994871
8.155555555555555,192000.0,17,0.0,829.5548536512237,5.863489855072464,369.082936521728,5555.6913748884745,82.09196767200001,7.10979,0.017459159999999987,645275.29504568
7.245283018867925,138352.0,21,0.0,918.2090729783037,10.019446153846154,565.0431803146239,8449.032966523991,306.06027366,10.386000000000001,0.02269831199999999,618171.1875778026
6.927536231884058,171144.0,36,0.0,940.3289164494216,10.00900655737705,450.0878190763201,6920.74786084845,91.94514848400001,7.970490000000001,0.015668129999999992,736896.5491307888
7.553846153846154,197714.0,26,0.002036659877800407,720.4898164859292,9.250886363636363,564.8730052035451,7837.147593801748,68.856318747,7.575000000000001,0.020972763,490146.00222812634
10.583333333333334,137445.0,18,0.0,690.1557872530325,8.320006779661018,333.30201022709997,6718.34540616315,97.38359968500001,10.72803,0.02287625999999999,732706.2109246743
5.52054794520548,168568.0,16,0.0,1001.203125,9.14004,238.96879518896998,3997.2957142261894,135.21130780500002,11.126520000000001,0.012849029999999985,1114930.1883883043
6.072727272727272,219930.0,22,0.0,681.2151333753413,7.9158,163.76321907263997,1897.2110521708814,82.84976556,11.764380000000001,0.013122936000000005,766241.4679520002
7.351351351351352,181343.0,13,0.0,423.56063166482136,8.483927272727273,238.168814432913,4250.925275072207,93.846087972,9.02391,0.016939313999999994,827063.2356811046
6.340909090909091,184784.0,17,0.0,490.23245092207003,7.1417025,318.61707075649804,5766.504458474639,48.50663569200001,10.949010000000001,0.039642224999999996,398232.62727747747
11.185185185185183,174600.0,8,0.0,505.49600812890117,8.700188571428571,123.06463372482,1014.9843930645504,66.12458844000001,13.13751,0.012475406999999989,613500.9509080308
5.642857142857143,193903.0,13,0.0,440.77570093457945,9.063206896551725,101.0729977362,1095.0666723341396,59.195374560000005,13.08792,0.008779973999999992,846138.7600219984
9.0,221973.0,60,0.008960573476702509,1491.5744459833795,8.149489156626506,442.51259963129996,7024.388909855203,231.91456600000004,9.28344,0.026548320000000007,483790.75374614034
5.775700934579439,236000.0,60,0.014563106796116505,1172.077129928147,9.210671999999999,167.304395430864,6714.184721799399,68.688464376,12.195300000000001,0.03196935,951957.7658165402
6.945454545454545,166404.0,56,0.01832460732984293,843.9714187188121,12.505854054054055,375.0253073713201,5554.1615333451755,329.80397973000004,10.81215,0.016688321999999985,980017.3444242331
6.483870967741935,208813.0,65,0.003316749585406302,1042.468812,11.767239130434783,672.2008750635999,13988.942657074229,95.4217504575,9.834930000000002,0.027196487999999998,734056.3006738084
6.297619047619048,219173.0,61,0.001890359168241966,1066.1543874400054,10.96053870967742,547.4779653917519,9114.313136883571,363.46059223500004,9.159690000000001,0.022986882,705392.6072635289
7.924242424242424,170078.0,57,0.0057361376673040155,1120.443028141102,10.289255882352942,412.06857325432003,8520.25721032645,149.5491358275,9.26592,0.016437599999999997,1049305.1240316099
9.1,151389.0,50,0.015384615384615385,1035.818849947333,12.452163043478262,404.73520880715006,8435.154622361608,165.01959370000003,10.953150000000003,0.03621050999999999,412626.3021691468
6.616279069767442,195613.0,56,0.014059753954305799,1131.7936347514349,14.02423962264151,667.56937766365,9376.40781601536,69.36065793750001,9.55938,0.023033438999999996,545762.5397023564
7.302631578947368,180653.0,50,0.005405405405405406,961.4737861303789,10.123047945205478,460.7084911983,6744.754312360416,324.32426640000006,9.7497,0.01638666,770186.3529085522
10.918032786885243,198536.0,55,0.0045045045045045045,1126.921890606421,9.979158139534883,630.4388013337921,9266.395634397599,61.120912575,8.09655,0.023322437999999994,444067.680617391
5.181818181818182,241800.0,51,0.005263157894736842,1070.1415152830307,11.5995,378.58031380026006,5977.166729699879,288.520422645,9.208440000000001,0.018595361999999994,699524.4018461658
5.967741935483871,135506.0,49,0.008108108108108109,710.2132526564343,12.038536585365852,455.0275752875999,7642.006573139701,382.67766355000003,10.195290000000002,0.018397583999999995,858515.3077546775
5.309278350515464,192786.0,64,0.0,1068.847289175816,9.152048387096773,312.61589556399997,8142.89055709536,62.110569015,9.43089,0.032746128,580849.6428165488
9.393939393939394,217573.0,41,0.0032258064516129032,1672.6705653021445,15.096557142857145,210.431085324273,4263.346462275,61.91489789100001,11.26749,0.02274393599999999,667248.8897047135
7.011904761904762,214588.0,67,0.003395585738539898,1275.639870082495,9.543391891891893,502.19832035999997,10224.665539513604,90.88167548700001,7.4722800000000005,0.024310181999999996,686883.0059523633
11.0,146413.0,41,0.0023923444976076554,935.0351423532377,12.005308333333334,443.70791006256,9380.758551513782,347.96670480000006,10.7352,0.020881475999999996,864785.456317707
7.317757009345795,196969.0,51,0.005108556832694764,1545.400165606534,13.27235844155844,467.535969916236,9431.75861598621,57.935688726,10.133670000000002,0.029322648,485719.5257039742
5.986111111111111,156674.0,58,0.002320185614849188,790.2218003892439,9.868273584905662,558.803240893275,7946.040202118314,79.37268220200002,8.19321,0.022881650999999992,543781.3395970237
6.53932584269663,242600.0,52,0.0,1174.0974148624878,10.857433846153846,536.704550021298,9578.399431703743,87.37597377600002,9.462750000000002,0.02459268600000001,749017.2182189823
6.405063291139241,176585.0,54,0.0,956.2469750959353,10.269390476190475,701.9210653428601,9423.844022374651,95.1275848545,8.86599,0.024665555999999998,557991.2097450114
7.25,190666.0,57,0.0016420361247947454,1260.534840987054,10.401555405405405,414.69315866292595,9210.749446793623,81.65072254050001,10.714709999999998,0.029140364999999988,693040.2069754966
8.049382716049383,151515.0,67,0.006134969325153374,1296.0202143677047,17.08571525423729,855.4045638987242,10328.525760464603,57.87939654000001,9.44448,0.010212579,601307.2925032381
7.258823529411765,171125.0,62,0.008103727714748784,1230.238571188639,15.6949375,622.0459423409,11542.038358698339,176.799520005,7.08642,0.013205429999999995,1072162.5940735277
4.918918918918919,195651.0,8,0.016483516483516484,436.82164090368605,5.4054,215.18893591509604,5387.217304503261,69.30907588800001,12.38241,0.03236842499999999,873429.9074414095
7.36,133193.0,40,0.0,749.2640985580512,10.232,313.81880527921993,7218.052004502828,116.8490212425,8.67198,0.01413226799999999,1112688.0357359366
9.051724137931034,208346.0,41,0.009523809523809525,1387.5163114397565,11.921318181818178,550.1969577294,6522.977276178297,52.46621887500001,10.62003,0.021225404999999992,515066.8034735324
6.806451612903226,164177.0,59,0.002369668246445498,883.7657196472132,11.503169565217393,634.9871082847601,6581.11294080383,206.91452897500005,9.019200000000001,0.01845267,490962.9114858877
6.792792792792793,214603.0,57,0.010610079575596816,1569.8032446941634,14.630878260869569,607.101956806647,10039.296270546613,80.776972986,8.56431,0.021932324999999996,576063.1156003409
6.604651162790698,167076.0,47,0.0035211267605633804,1211.8052927564434,10.584593939393939,512.72294943408,7436.741647333547,79.95827347200002,9.097050000000001,0.020118780000000003,666029.9909981148
5.35,181565.0,70,0.001869158878504673,1166.8470280887093,10.961043103448274,370.08060005247,5418.018550422717,230.77003637500007,9.15534,0.016437431999999988,704068.7783664768
6.868421052631579,125893.0,32,0.013409961685823755,1029.8054615557592,13.687275,860.4449268130098,15737.886771487201,52.60335411000001,7.71474,0.033578586,371762.8487905675
6.191919191919192,189120.0,62,0.0016313213703099511,1122.6657528515436,12.162941666666669,404.705810490045,5625.297002215798,98.72833311900001,9.06084,0.016341533999999994,799753.8844192977
6.63855421686747,199680.0,69,0.0054446460980036296,1253.8872629057835,10.988776666666668,655.8015655442242,15268.939798015526,90.81523651200003,17.296800000000005,0.03427187399999998,491605.32303278346
6.061538461538461,181565.0,70,0.0025380710659898475,1591.1819146722164,14.120960000000002,475.70516051968,8879.230853032406,82.61783295600002,7.876830000000001,0.024762167999999994,631283.0181357494
4.968992248062016,177575.0,44,0.0,1204.3677777777775,11.082462666666666,479.189504567732,11445.553440570597,71.67619643100001,9.44187,0.02899600199999999,603691.8468021688
6.321428571428571,225132.0,52,0.0,1505.336978037515,9.36151011235955,374.270720631872,5992.916500852707,95.478914046,9.17118,0.018250080000000002,793245.630399521
5.8604651162790695,171315.0,25,0.003968253968253968,1172.1487889273355,8.339563636363637,623.4091808901001,12209.20002072975,87.36780504000002,6.330749999999999,0.023928596999999996,586809.0934031623
5.560975609756097,163673.0,31,0.0,1054.1553345874763,8.08944,639.574326711684,10926.696873901348,86.45230655250002,7.16031,0.025281449999999994,556309.5136174996
6.0120481927710845,137399.0,53,0.0,990.8043395251678,14.575336363636364,598.222188957708,10341.093842483044,65.90299253100002,7.569090000000001,0.021691920000000007,548727.5740658914
5.943661971830986,138000.0,37,0.0,859.6673078952281,12.944347619047619,446.913065581008,7750.928142630071,83.2271388705,10.121250000000002,0.019236860999999987,811457.4215991541
5.984615384615385,192196.0,56,0.002570694087403599,1433.8753174426377,13.51775,352.50926538671996,4439.6240375835005,85.21558749900001,9.620460000000001,0.009482738999999997,967991.1457817019
9.8,169846.0,41,0.005442176870748299,1694.3847505592032,11.363277108433733,428.29962699190395,5717.177190930243,71.31686870700001,9.82434,0.015888096000000008,687225.3057071561
10.27659574468085,172500.0,43,0.004140786749482402,1021.1750120604544,11.89695294117647,272.7545957136,4283.175388675177,312.43245852000007,10.9806,0.013530347999999998,975288.3005286125
5.525252525252525,160235.0,49,0.010968921389396709,1137.3254360806131,14.270388461538463,752.530640309364,14150.77894606826,204.73174745500003,7.281270000000001,0.023312849999999996,489391.8343387429
6.206185567010309,185847.0,35,0.0033222591362126247,1211.1474421040934,14.787772881355933,758.4952181125501,10999.853112234425,276.1210827000001,9.00135,0.01635774,640956.3707283209
7.0,177637.0,47,0.002857142857142857,853.9962375705456,8.2005,389.1844044066,5766.441519629698,86.64396384,9.723990000000002,0.017808710999999987,810037.5516761071
7.444444444444445,164087.0,48,0.007462686567164179,1365.9556345679014,10.352568115942029,841.338149781723,17241.276100552073,308.69875759000007,6.394290000000001,0.025665903000000004,604221.4894332541
11.27536231884058,172988.0,46,0.0,1521.3016104400947,13.940722666666664,348.768055728266,5874.353052970609,89.0476489095,10.88766,0.012420284999999994,1117445.6166698295
7.893333333333333,177230.0,47,0.006756756756756757,1253.41566515394,10.972894117647058,728.24213459752,16846.39316654551,75.83040850500002,8.28612,0.03578867999999999,535518.3856569879
5.821782178217822,177599.0,46,0.003401360544217687,1192.5957119999998,10.802129032258065,316.14013358081,4292.444728912316,280.86741837000005,9.222660000000001,0.013409483999999985,853848.1189888568
8.871428571428572,193044.0,27,0.004830917874396135,1375.9285841558217,11.554148571428572,360.531899726592,3525.414585761373,68.121598248,8.14917,0.0076751999999999905,761699.2798334735
4.717741935483871,201684.0,26,0.011965811965811967,985.7217632412855,7.408928571428572,546.9569059671751,7763.273019087869,93.10355592300003,6.73716,0.021875951999999983,570225.6488610632
6.397590361445783,183356.0,54,0.0018832391713747645,910.8636734693877,12.780761538461539,465.25996860235205,6052.862882295431,279.079254,9.314820000000001,0.014867291999999989,798240.2402252218
10.08108108108108,184601.0,43,0.006702412868632708,1459.5048538805895,16.73205806451613,484.8540068133321,8990.966125340996,162.42183030450002,9.48474,0.013264829999999988,1249977.7218679946
7.227272727272728,140010.0,51,0.0041928721174004195,802.4949494949494,9.642466666666666,399.62411858106395,9532.1167447378,105.969020118,9.48663,0.035863884000000006,694212.1289784204
6.645161290322581,194549.0,47,0.0,1106.4886956521739,11.48244,296.498486587044,7525.582640230364,131.1387319485,8.463000000000001,0.016384284000000006,956532.5828077601
6.5,181565.0,70,0.013574660633484163,469.32760611023116,11.27525,206.49943477968,3600.247195933676,74.72874835200001,12.36261,0.011187488999999998,1147750.9856504905
10.72222222222222,205834.0,31,0.0069084628670120895,1180.064487025262,10.615296923076924,437.44173420083195,8543.45110329522,319.18405720000004,7.67853,0.022637411999999996,692930.6225981266
9.373493975903614,228411.0,18,0.0012853470437017994,1693.9650806144311,12.9352225,848.69576417808,15496.374052771738,81.70320389400003,6.97641,0.025977584999999997,530697.532277738
7.148148148148148,152163.0,24,0.0,416.85459192605305,15.915607142857144,200.77876264254002,3178.8654974714855,100.0408767795,11.47647,0.009982439999999987,1395761.7736575922
6.462962962962963,233865.0,42,0.015759312320916905,1424.0438054286483,10.884595180722892,787.795193784816,7290.376844029114,246.18824244000012,5.503439999999999,0.013727745000000003,479689.52741440607
6.943661971830986,180950.0,58,0.012170385395537525,1044.968053434526,9.360173846153845,462.913237808784,6784.245044988934,75.52720063950001,7.42815,0.016237494000000005,646346.2673201765
9.430769230769233,249303.0,53,0.011419249592169658,913.3655222790356,9.827581944444447,273.17896710036797,4870.211227427754,159.270680676,6.382230000000001,0.010523243999999989,1095117.2472455192
6.680412371134021,220235.0,58,0.004629629629629629,1079.7377512389487,11.339032835820896,425.36646602976,4087.79881603096,375.67833945000007,8.003910000000001,0.01108404,820908.3998803783
7.544444444444444,195452.0,45,0.004418262150220913,1382.4548353963582,11.140823076923077,126.58249920002402,5148.032253755301,87.02356512000001,14.3607,0.034997945999999995,706260.1150032663
10.204545454545457,164756.0,48,0.015590200445434299,893.6925808091005,8.701453703703704,375.8136741995999,8675.508133568635,112.10291893499999,6.397140000000001,0.02593717199999998,721116.1349555984
7.453488372093023,214785.0,48,0.0046801872074883,1296.4922817539837,9.809080555555555,450.71444758832797,6179.043288115826,194.09422868000004,8.033700000000001,0.023645364000000006,444847.352249339
5.837837837837838,184234.0,45,0.016203703703703703,893.5171061660621,8.546277966101695,354.11973797547205,5276.241113208988,370.88368211500006,8.25819,0.01334054399999999,951404.6320765015
6.348484848484849,144370.0,41,0.00954653937947494,818.7731417237596,9.801108333333334,840.439697125028,10982.483503703716,36.280895175000026,4.604310000000001,0.028610160000000003,223549.2467214575
6.781609195402299,161506.0,52,0.003389830508474576,1082.5890694499494,10.617276923076922,581.63287794066,9325.046689632123,54.716438243999995,7.477950000000001,0.027136967999999987,417548.9725799798
7.536231884057971,168605.0,54,0.019230769230769232,954.6512388427208,9.931235294117647,500.09922353664,8130.767001496775,90.27898752,9.7722,0.016848842999999995,911590.1364300766
5.884955752212389,211258.0,45,0.013533834586466165,1143.8571889277075,10.344444444444443,171.8972484684,3165.4629280409904,245.59045374500002,10.849169999999999,0.02176891199999999,655504.2550262229
9.0,141540.0,35,0.005555555555555556,854.7,11.479,574.22083334499,9855.9308590028,211.54466187500003,6.015900000000001,0.025058340000000002,473109.36793204845
6.531645569620253,176343.0,57,0.001937984496124031,1029.6119471716188,9.89938181818182,414.37355007516,4535.520373645148,72.929743545,8.578320000000001,0.012756030000000003,623724.4598786058
8.205479452054794,210784.0,35,0.0,1226.1259502825199,10.843771875,542.381955180366,8764.511520851382,69.89618892600001,8.1231,0.020542698,694344.8799567604
6.509433962264151,176343.0,57,0.017391304347826087,657.9905325443785,11.0201625,135.058015723536,2292.648146722197,41.164360677,14.28687,0.014710448999999995,964958.1487117813
5.04,174586.0,42,0.003968253968253968,1017.2692040660954,11.189668965517242,469.71630259340503,7836.684317018643,85.17116365500002,7.627140000000001,0.016812306000000003,697120.877055479
7.444444444444445,195452.0,45,0.0029850746268656717,1336.8591503368164,13.191784615384616,126.58249920002402,5148.032253755301,87.02356512000001,14.3607,0.034997945999999995,706260.1150032663
6.12,155248.0,41,0.002178649237472767,748.5548006237469,12.607851063829786,301.31272484577,5497.216738540762,115.752192138,10.582559999999999,0.013516290000000005,1132060.6119029056
9.137931034482758,153048.0,39,0.018867924528301886,1042.8860731272296,13.0164406779661,535.6580351976,9808.190184246296,81.255841794,9.697890000000001,0.014278835999999987,849331.6141542447
7.217391304347826,195887.0,41,0.002008032128514056,728.8266983199414,9.064403225806453,257.43667648988,4402.246773866257,106.19128357800001,8.95836,0.014103761999999997,922829.810948403
5.703125,141146.0,43,0.0,677.1186518971554,10.802128205128204,409.82893792089993,5831.266713559694,356.4147089000001,8.54385,0.017573490000000008,776260.4677694234
6.508771929824562,192141.0,34,0.0026954177897574125,707.9026063100135,9.944752631578947,285.257925945608,6606.227987504098,115.05745171200002,7.315950000000001,0.020760407999999987,867752.6520668244
6.515151515151516,168263.0,35,0.0069767441860465115,807.9225712198685,11.123318181818181,272.739747424032,5831.696227814422,308.89271664,9.85932,0.02171365799999999,805648.0538169679
9.013333333333334,182937.0,34,0.014792899408284023,1448.4355042750697,13.052594285714283,845.9372704446,13166.026822828107,55.02478488750001,6.947730000000001,0.024216732000000005,370961.13053170993
6.557142857142857,202591.0,35,0.0196078431372549,942.8933823529413,9.56110909090909,449.72325316743996,4880.613634907195,282.68792572500007,10.37676,0.010712387999999995,849134.5875371934
6.866666666666666,236910.0,40,0.0013869625520110957,1534.2872259870217,9.570693548387096,436.91232405599993,4887.40711417097,85.7010564,8.4486,0.013756742999999997,671363.0767525524
8.191489361702128,219213.0,52,0.012987012987012988,826.1484848484847,10.5249375,347.80251482289,6782.429183316923,44.70102019200001,9.41001,0.03109893300000001,423803.20539543004
7.697368421052632,170413.0,30,0.010256410256410256,1270.3458029875148,12.818104838709678,379.27390017088,9671.779218170937,65.452455264,11.12157,0.026611694999999998,666746.8658713746
6.196428571428571,205013.0,63,0.01440922190201729,1472.95135949236,11.613823076923076,402.75002877381604,5394.194139046894,67.40949532500002,10.75437,0.015025151999999993,759998.5946405317
5.845070422535211,243916.0,25,0.01927710843373494,1831.4004350039334,10.373403846153847,274.124884414698,7970.136125215272,34.92597968100001,12.84555,0.03256941,603751.9132561946
5.255813953488372,249800.0,32,0.0,736.8992020824417,6.691106666666666,101.06820472349999,2483.635846093051,33.5325283125,12.51645,0.028300625999999992,531717.4569206204
6.757575757575758,174190.0,22,0.011210762331838564,965.6156885719238,10.49849019607843,239.79290432076,7371.435214067403,200.64633225500006,11.511030000000002,0.03192806400000001,696124.8888931351
6.625,249800.0,32,0.0047169811320754715,466.6060296920722,10.686819047619048,163.07109164902798,3582.58486788723,130.58469373500003,12.669960000000001,0.022979033999999992,753229.8628404036
5.303571428571429,181570.0,63,0.005050505050505051,1104.22501270706,8.380216216216215,151.88642631792,2477.5936877189533,60.758284104000005,12.112860000000001,0.014250096000000004,926100.7363398753
7.138461538461539,212500.0,19,0.0021551724137931034,941.389977810651,8.512853333333334,190.31945046912,4798.252654902721,23.856833385000005,12.07782,0.030629376,457307.7808337954
8.225,121411.0,24,0.00303951367781155,592.1434497978757,9.944416666666667,292.149859999425,6203.81222633844,65.81377929000001,11.678220000000001,0.024203138999999988,712756.8952387593
5.803921568627451,206193.0,23,0.0033783783783783786,730.8383621596599,9.115108571428573,139.640706677576,2020.6531472684005,120.65740219000001,12.80334,0.014747627999999997,712054.3509263839
5.333333333333333,201054.0,48,0.0,719.8456790123456,6.437014925373135,427.344365745792,8355.072675811682,208.93441536000003,8.659260000000002,0.03446354399999999,458655.39433663525
5.694444444444445,185946.0,26,0.014634146341463415,837.5104166666666,10.785459999999999,372.553034170408,10672.52341831792,28.410459057,12.12009,0.042414723000000015,354612.4139205719
7.525,166133.0,55,0.009966777408637873,639.7802317506569,9.134248780487805,441.31812259149996,8583.94907798093,310.34305720000003,10.85487,0.02906706599999999,706190.8260406884
7.555555555555555,172384.0,10,0.01764705882352941,786.6072951755843,8.933130434782608,195.75611435071997,4857.926659709594,63.605458680000005,13.0815,0.023724900000000004,966072.5077082975
10.678571428571429,173842.0,72,0.010033444816053512,973.108656,15.168541818181817,502.87168261638,8282.061327396726,182.35616899500002,11.22045,0.032331320999999996,1103972.6418851505
6.571428571428571,130061.0,36,0.0,988.2048768240268,10.250923076923078,251.26252075180804,5305.601863614276,50.2291539315,9.6462,0.020002331999999998,634272.7723388763
3.583333333333333,156923.0,68,0.0,726.9247703731633,7.092592,102.36957610145501,2113.9165998217672,57.912484164000006,12.674280000000001,0.013697189999999991,1022052.5514147936
4.7407407407407405,238597.0,21,0.0,697.7009767092411,6.852977777777777,138.859525752976,2593.790707035351,56.91895194300002,12.31896,0.01844153999999999,843994.133688683
5.0625,138750.0,13,0.00411522633744856,591.9104916897508,8.908380000000001,127.123204393926,2328.3257294394502,30.486880302000007,14.21664,0.024984761999999997,650868.4584701458
5.388888888888889,170874.0,12,0.002577319587628866,797.7799909461293,9.392902127659573,198.885450920796,3236.4180886148483,22.009098204,12.875459999999999,0.023854278,437031.2253740274
10.625,159713.0,11,0.01411764705882353,1005.6556213017751,13.405714285714287,359.990822507904,6231.241071996785,26.84088587250001,13.17645,0.026189591999999994,476699.71916382574
5.940298507462686,162500.0,19,0.0,836.467018053276,8.265913725490195,232.56973877759995,5968.790981078925,36.4587894,10.762410000000001,0.034980816,452784.86815805716
9.0,190318.0,12,0.0,710.9883063947314,9.617004878048778,267.59631041178903,3828.8234924361527,179.24826581000005,9.866729999999999,0.019048995000000003,601238.6463503061
9.95,135872.0,10,0.01256281407035176,665.7337294085877,16.62423888888889,962.2104708843,10220.572097726998,51.82417033200001,11.426309999999999,0.016508853,466926.0524404699
5.222222222222222,196261.0,12,0.0,427.70383427539184,7.151188235294118,124.58018027505602,2161.875925357903,55.93390040700001,12.665099999999999,0.02584058399999998,593211.8001346629
5.0,203000.0,6,0.0,690.0034137460171,7.55,292.11242396399996,7136.932667578558,38.499363985500004,11.01378,0.024241775999999986,651136.1296251882
6.193548387096774,181846.0,16,0.001736111111111111,1044.5227825706754,13.392,182.49257657466,2859.713032549785,71.14740146850002,11.067450000000003,0.015898553999999995,800326.4239164985
5.441860465116279,129031.0,14,0.008547008547008548,568.0206644055614,10.759612500000001,565.877488278816,7173.503759287047,106.31351344200003,10.80657,0.009505889999999994,1168183.5321481095
5.657894736842105,185000.0,9,0.011627906976744186,929.3088757396451,9.779695652173913,154.606431198134,2266.6405075895013,88.46243814,10.87149,0.011761704000000001,898665.669246383
7.388059701492537,201676.0,13,0.00202020202020202,1071.0849554851366,10.441698113207549,173.33036318754003,1725.099273252006,57.764060793000006,11.31639,0.009801036,714667.2943771016
7.767441860465116,190059.0,17,0.011976047904191617,627.7347536733871,8.46281777777778,249.26871312295802,5679.542009618753,262.53238614,9.411240000000001,0.01795779,889942.5863047568
6.348837209302325,177303.0,9,0.01098901098901099,492.85165319724155,8.772639473684212,503.41317418662607,7426.073793372936,19.292214562500003,10.70793,0.02311545599999999,306611.1971623685
8.280701754385966,171371.0,13,0.0,935.4055328798186,10.655168627450983,166.03824909317802,2005.7266380689996,84.6004549335,11.78574,0.010167410999999994,922748.9498840421
4.904761904761905,181898.0,15,0.0024271844660194173,829.6350494829311,7.900280701754386,232.37917960809997,3313.8737470528818,167.61171745500002,11.668259999999998,0.022430772000000005,538397.6415122198
6.576923076923077,185620.0,10,0.011695906432748537,602.3538188658962,7.26824347826087,198.49858961087997,4440.375695156897,269.35752766,9.12255,0.016809743999999998,940577.0174490205
6.6,191334.0,8,0.001893939393939394,1004.7378368621123,9.578800000000001,208.61732978793,3447.1515528115187,218.186427375,10.418940000000001,0.01588274999999999,758477.7282452933
5.866666666666666,154500.0,13,0.0,650.2158476525842,7.252503703703703,365.119339528466,6768.3630306081095,33.294552804000006,10.506450000000001,0.03395363999999998,358980.63644827344
5.8,206871.0,13,0.0,1209.4335327783558,9.578653968253967,228.83475646001597,3678.357291431131,161.34932271500003,10.373999999999999,0.019654512000000002,551925.4873724586
5.760416666666667,137299.0,50,0.0018083182640144665,1227.4227110410732,9.15255072463768,164.73147235615997,5386.1223739671,30.640323804000005,12.85734,0.037715244,538191.1619420379
5.761904761904762,145975.0,7,0.0027548209366391185,754.0765316507227,7.754124489795918,227.64978981322196,3069.365363140629,186.761319885,10.74891,0.018752316,574959.3171536808
6.6,164531.0,8,0.004662004662004662,817.7230456869086,7.61982,171.36812115851998,4186.886644786438,88.76837476500002,11.07834,0.023127074999999987,885548.5455794721
6.883333333333334,226906.0,82,0.01937046004842615,936.5481317841688,15.795739024390244,816.9861112486261,10625.068748621516,91.47191790000004,11.59692,0.016300388999999995,274357.6560362082
6.0588235294117645,206242.0,58,0.0,394.2645983379502,8.19732857142857,185.15933693838002,4081.784290764841,45.971020404000015,12.89934,0.023854613999999996,819629.4426412305
7.679245283018868,178467.0,63,0.004914004914004914,940.8619090938109,10.56909512195122,225.348924767967,3772.227661631161,93.56873047500001,10.20843,0.017797382999999983,792874.4571562369
4.709677419354839,195133.0,67,0.0,974.1154698419656,6.419911999999999,234.81213057696402,3577.0347441779604,96.80338276800002,10.936710000000001,0.014034069000000005,1035423.8208198573
6.52,165245.0,59,0.0,753.7224479547114,8.780531707317074,309.7636801443991,5271.681212679152,81.73513500900002,9.58743,0.018342858,818722.9276916932
5.369230769230769,199146.0,64,0.0,618.7170737861628,6.688048076923077,401.52398801728,3454.513898496525,100.15086240450002,6.963210000000001,0.015965978999999995,509431.2905065012
4.19,243624.0,53,0.002386634844868735,846.2460457434003,7.632656363636364,218.43785425785998,5052.534999088641,93.36466068000001,10.43331,0.028886624999999985,698953.1787321449
8.98360655737705,215708.0,44,0.0072992700729927005,972.1364460024726,8.033247368421053,286.12519037502403,6679.208781147273,152.94918327150003,20.994400000000006,0.015327158999999988,1043447.9861139603
4.92,234274.0,49,0.005420054200542005,731.8504342913636,6.800739622641509,169.966792494576,2867.6220320096704,244.36230484500004,10.652429999999999,0.017096015999999995,750363.748656319
5.5,197760.0,47,0.003952569169960474,588.288564961521,7.090657894736842,217.0653687579,2710.3359561836774,76.18117104,10.077930000000002,0.012560268000000003,773408.267469778
5.444444444444445,176640.0,44,0.006802721088435374,604.417575877802,6.779514893617022,581.045648310822,14316.721176290897,72.420361974,11.686100000000003,0.034982837999999995,438463.7929342207
5.958333333333333,272916.0,38,0.0,552.1012778970107,7.6130108108108105,178.7392639494,2005.1777617978505,90.982945998,10.523670000000001,0.012482489999999999,739433.3909429283
9.066666666666666,179076.0,48,0.001838235294117647,952.1197520214188,10.591329032258065,424.59104784241606,7766.302215877098,110.77933368599999,9.33672,0.024789932999999983,713385.0223309464
6.96078431372549,178373.0,45,0.0,761.1351143167257,7.264773584905661,391.900369976192,6830.584245309209,76.14597251100001,7.22307,0.020420945999999995,654803.6620974515
9.078947368421051,192991.0,51,0.0,673.1020138216603,5.7226875,204.46785920889604,4216.566484564001,104.46441154500002,10.45842,0.019060127999999996,899963.876648203
4.593023255813954,187053.0,48,0.002531645569620253,998.0847171639548,9.858840909090908,421.6979283471361,8038.431835470907,104.66996337900001,7.9642800000000005,0.026379017999999987,676336.8620556653
6.803921568627451,208956.0,39,0.01440922190201729,633.3597167968751,6.486972222222223,195.92636939598003,4116.4008222339,267.0925765150001,12.02229,0.03407250899999999,606008.8772636543
5.571428571428571,215469.0,40,0.0,870.379709576138,8.23134,204.54061282683998,2759.6917177839796,104.629372728,10.07286,0.011906900999999994,925149.5029602811
5.47457627118644,178973.0,35,0.0,648.8535913872453,8.888959999999999,419.42216847744,5528.099428567547,83.93888725500001,9.19935,0.016763399999999987,670990.1231332971
8.507692307692308,259489.0,39,0.0,724.0088358872961,8.525416666666667,343.2352212,4744.718793025956,329.61174088,9.361830000000001,0.018868907999999993,708826.0293309608
4.8125,204590.0,46,0.003246753246753247,661.6564072469378,4.973938983050847,167.061120621408,4280.07014712723,96.53009706,10.32333,0.024818783999999986,782974.6902510539
5.430769230769231,173558.0,54,0.0056657223796034,682.835579058301,8.138952173913044,194.98605021945,3984.6557988710174,104.795350506,10.368810000000002,0.017192933999999986,949352.5493547417
6.230769230769231,168241.0,39,0.01646090534979424,495.08105378335154,5.652858139534883,212.44910901802,2856.2484366396,106.70347358400001,11.01834,0.014460560999999995,957714.3374329525
4.280487804878049,188080.0,42,0.0,780.8771109275643,5.626682608695653,297.65703481464607,4927.960515468364,114.96541992000002,10.587390000000001,0.01839825899999999,983802.8540386194
6.5,228362.0,53,0.005128205128205128,782.0667902949233,6.778327868852459,212.628279598812,4088.581857151852,150.462364206,11.06364,0.017951190000000002,1092208.01842548
11.107142857142858,213538.0,38,0.003215434083601286,330.4374999999999,8.510472972972973,206.894188267875,2161.907465250002,114.09697226400002,9.46899,0.009195144000000002,929977.754232384
7.947368421052632,153609.0,57,0.0,660.9911816578483,8.616130232558138,257.50579321356395,2874.493136471322,109.792619517,11.05239,0.010267884000000005,984956.5129767957
6.346938775510204,185080.0,38,0.0,558.6031539351851,5.8828982142857145,251.56790066865597,2900.9833609407297,367.41130283,9.101880000000001,0.012724580999999995,765491.0950688355
7.222222222222222,175431.0,33,0.0,794.5299145299144,7.9350000000000005,220.81590373548005,4147.593076748502,114.59826662850003,10.308750000000002,0.017187575999999993,975741.374839431
5.695652173913044,143392.0,35,0.0,325.9758690031599,5.95395,276.49510698771,6514.715846985981,106.87543358250001,9.628020000000001,0.018436142999999988,1012606.9201172605
10.37037037037037,90228.0,35,0.0035714285714285713,513.0981079699028,11.15483870967742,300.3150480096,8086.639067823888,107.867170944,9.69486,0.023427671999999983,866969.7603507449
9.263157894736842,179077.0,29,0.001893939393939394,975.1886209029066,10.709744262295084,459.34924076532405,8831.885560975119,114.2722656075,9.06216,0.02396644199999999,760767.0409253815
5.074468085106383,299061.0,63,0.0,1083.7876038781164,7.363373684210527,325.874343358452,5022.198362493237,104.70048444000003,10.25121,0.015132431999999989,1018982.0834796545
6.241379310344827,126439.0,43,0.0,372.2521230572024,7.4666434782608695,109.87031524963199,1196.7817528409407,97.1928055665,12.60528,0.010882871999999984,857862.5232141285
7.142857142857143,181333.0,36,0.0033333333333333335,665.3452805404393,6.849411764705883,436.34325651888,10590.810453403326,73.67253397500001,20.675700000000006,0.032564699999999995,456913.44711677404
7.865384615384615,184946.0,30,0.0024449877750611247,697.8637937777778,9.211151923076923,104.188138906488,2079.636444082639,38.932853664,12.5889,0.015370577999999987,658243.516590888
9.107142857142858,231426.0,23,0.011764705882352941,462.3889098329754,10.3115625,247.780682249295,4317.40719386496,280.80875693,8.40909,0.021454355999999997,617197.4124119302
4.780487804878049,90228.0,35,0.00510204081632653,763.8706371191134,6.8376,169.966792494576,2867.6220320096704,244.36230484500004,10.652429999999999,0.017096015999999995,750363.748656319
4.2,243624.0,25,0.002380952380952381,844.8947027659233,7.4118545454545455,136.40990116860002,3634.4327652792904,56.98856047500001,11.98428,0.031164353999999995,619176.3959700915
4.907894736842105,234274.0,49,0.005361930294906166,737.0042203482172,6.823827777777778,110.15578080648,2048.356333461149,254.21824740000005,12.32415,0.016500989999999983,823631.9789861677
5.341463414634147,196586.0,23,0.0,703.3405726886966,4.818476086956522,71.882613390588,1907.724470722225,142.60606668,13.57656,0.022647585000000005,697980.4294518017
7.394736842105263,197857.0,37,0.0017793594306049821,1342.6554913434081,8.563888235294119,217.21276369716,4243.549554485999,116.3097256125,19.247100000000003,0.010622381999999991,1026180.5517614746
8.038461538461538,230133.0,52,0.0,1196.8592672912241,7.302084269662921,163.70990421093,4909.823174201617,41.88759787800001,11.483580000000002,0.026829659999999995,718712.8659277055
6.306451612903226,237633.0,28,0.005115089514066497,1074.9603703703704,7.806125806451613,373.37008331250604,6458.9961351338525,66.18958262400001,9.11307,0.018818646000000005,650977.122447638
6.018867924528302,217893.0,20,0.004702194357366771,1331.176337093289,7.340952212389381,536.387892316584,6266.5855973198495,64.99331725500002,5.53665,0.01104537,591498.7720820835
4.91869918699187,218253.0,40,0.0049586776859504135,1470.6594673675859,6.629071428571429,131.068889421535,4386.087215799546,24.53487105,13.17945,0.025015499999999986,583788.7933885392
5.613636363636363,190191.0,20,0.0,618.2936442859595,6.053110869565217,219.324622099029,3834.4841903625006,102.26196541800002,8.92023,0.012348020999999995,949204.9096545377
6.0285714285714285,201700.0,18,0.004739336492890996,893.9178868791271,7.08828125,198.268022793,4052.718639488487,87.761678892,8.82039,0.013186601999999985,978648.6409484248
8.423076923076923,218373.0,13,0.0,844.6680169753087,8.282110714285714,175.56469056111402,2626.2645894848993,213.56838718,11.443019999999999,0.013878884999999992,853000.548624193
9.816666666666666,229200.0,39,0.006791171477079796,1390.8348678255984,8.22926,370.7938364236079,7933.948508008187,34.48722084450001,9.08943,0.018371043,510617.70591889793
7.362068965517241,197857.0,37,0.00234192037470726,1078.0896,8.342314814814815,126.7543965492,3034.8336775267253,54.03264982500001,10.41975,0.012377555999999991,985287.6088262628
11.0625,181348.0,23,0.0,960.9173111243307,12.033917647058821,229.841022676576,2567.8118700515533,202.63158276500005,11.1417,0.011571432000000001,769546.7250804639
8.185185185185185,191333.0,28,0.004524886877828055,1002.3382352941176,9.357876666666666,154.434804829714,4744.4006124101015,23.285515440000008,13.57656,0.02800266299999999,601503.5355527918
11.0,223834.0,79,0.0022172949002217295,642.6494331065761,8.377146031746031,267.18167049736803,3657.810292000117,369.2903095200001,7.31991,0.009007206000000007,964127.5493603065
8.573770491803279,181720.0,6,0.0,819.1843136890606,11.599745283018867,299.8562935701901,6400.400756826836,80.74852972200003,11.271390000000002,0.028240407000000002,716265.0635966273
9.692307692307692,213226.0,32,0.0,1041.6746572402474,11.147242105263159,171.20049900141302,5283.600513336602,21.208586022000002,13.66119,0.029011932000000008,611317.6640915357
6.026666666666666,180920.0,26,0.0022123893805309734,966.8861694553223,9.995657142857143,423.21662582976,11700.983181684065,38.140414437,8.592450000000001,0.030340919999999997,455430.6919851638
8.943661971830986,225405.0,22,0.0031496062992125984,1150.3489487678517,9.806103658536585,348.330898968507,4569.51100717673,95.85152313300001,9.11331,0.012183266999999994,823780.163126741
6.024390243902439,100080.0,17,0.0020242914979757085,1155.2971988650534,7.394308235294117,285.182965728648,3316.092182842608,83.65540458600002,10.677719999999999,0.011089403999999995,828689.7930387977
5.0625,212693.0,4,0.0024691358024691358,849.2096933009959,7.186851562499999,289.794794116683,4616.447339123901,386.9032310300001,10.07307,0.016381868999999997,938487.861370644
8.104477611940299,206586.0,3,0.001841620626151013,957.5657262643028,11.15865,330.000176184111,4251.758345765722,115.147709898,8.692110000000001,0.009911715,954723.6687368808
9.305555555555555,189080.0,26,0.0,834.6422848524837,6.563254098360656,58.493293754622,2349.3804038640005,18.855128173500002,14.93874,0.024469418999999996,856268.1713823105
5.785714285714286,211466.0,3,0.0,639.1881698494362,9.422868292682926,412.976985183972,11888.989364589792,88.744424364,21.300200000000004,0.026656559999999996,697157.6091404002
5.893617021276596,211306.0,20,0.0,583.3576685407072,7.7760825,314.166256355601,9154.990807769265,56.515901052000004,9.17496,0.03241330499999998,596337.6267565
7.121212121212121,240866.0,8,0.00425531914893617,534.1302955617225,9.501293103448278,402.22790717655005,8433.56587821174,49.27903211400001,20.334000000000003,0.020336129999999994,527590.2077555353
8.756756756756756,240320.0,4,0.0,638.8044860631512,6.863498181818182,341.00610797579697,11874.624026994661,119.80980827700002,6.8673600000000015,0.023504354999999987,1028649.6130995908
5.976190476190476,205706.0,17,0.0,652.3008376904481,8.534,488.3044518144,8104.068850699539,58.561348572,8.6778,0.015482015999999998,640217.3902028862
7.630769230769231,206333.0,22,0.0,812.3148148148148,7.8374278481012665,430.20479269152,6501.810424877999,90.794749584,8.574240000000001,0.017562575999999993,696382.3779118748
5.851063829787234,269775.0,11,0.005454545454545455,1015.2764346243997,10.2815625,251.327894247936,4479.963138424081,259.67524990000004,10.82154,0.016971240000000005,835927.5118003018
9.161290322580646,164600.0,2,0.0035211267605633804,648.6539434225618,9.832424242424242,266.2367712069,3233.3761581841422,144.86823288000002,8.160300000000001,0.01034565299999999,612921.7589970243
6.077922077922078,202575.0,13,0.002136752136752137,787.8842592592594,13.023503999999999,354.19617943506,5874.699364739639,94.24507137000002,10.34751,0.013589159999999992,841640.1024811945
6.622950819672131,183826.0,3,0.0,866.953834321423,9.74301090909091,471.453083557536,7689.686900240449,59.681496822,7.67502,0.01770444,514428.53610877873
6.2,133386.0,4,0.0,395.30997551020414,6.4272620689655175,196.20960860699,5921.85606671053,18.916786807500003,10.91418,0.037079640000000004,349957.8408383926
10.333333333333334,182773.0,7,0.0,332.475,5.3730153846153845,390.863847079174,4521.464647936596,74.661767061,5.9443800000000016,0.012861827999999983,596087.3128518237
8.316455696202532,188946.0,10,0.0121765601217656,1116.3365709683083,10.640379310344828,527.9092849912499,11232.618374973215,80.67977964900001,8.61186,0.018799811999999996,692925.3515260853
8.469565217391304,272000.0,0,0.002053388090349076,1675.8706638243316,12.792850505050506,755.5609090821,9618.828953320492,313.76758792500004,7.076820000000001,0.017417024999999992,644347.888735668
5.2125,177986.0,2,0.009592326139088728,769.2380502614269,10.979364705882352,903.198257268048,16976.73886732568,49.68824162400003,6.191669999999999,0.029114651999999994,323975.4792321297
6.653846153846154,103640.0,1,0.011560693641618497,697.7972059897736,9.360996078431372,397.06897666385595,5120.9353955592815,61.6779798915,10.60314,0.014166882000000002,621027.2568648827
8.542857142857143,245426.0,3,0.0016722408026755853,1158.1868123373445,9.273484999999999,355.16540869896005,5506.097406126769,65.71874183850001,9.80475,0.015617159999999996,756307.9220282122
7.595744680851064,215306.0,7,0.0,676.8086583161156,7.181192307692307,224.50177032192002,2990.430833627954,62.52938955900001,9.841230000000001,0.015132648000000004,644727.2058512673
7.0344827586206895,174893.0,2,0.004901960784313725,826.5134110457221,8.108072727272727,412.581496489464,7461.212578190665,82.699408992,7.56087,0.01580204399999999,699862.9970663467
9.226415094339623,189760.0,2,0.0,1061.5694113929203,10.057840909090908,432.2210809854,5500.860012191523,77.38120248600002,8.47314,0.012123975000000006,664848.5456383122
7.666666666666667,227200.0,1,0.0,581.9644223905882,9.66069,262.49779239313494,3887.401040048202,76.490455329,12.98454,0.013686153000000005,908959.4500942329
7.372549019607843,206546.0,2,0.0,725.687168985241,7.462610526315791,284.01678653832,3314.8376729172032,53.943192864000004,7.90689,0.010583076000000004,645445.2958285321
6.344827586206897,272640.0,0,0.005434782608695652,703.2392251018053,10.4834,587.705629644576,12520.989207501916,54.88796851200001,19.872100000000003,0.025453470000000002,359892.90686113347
7.578947368421052,185520.0,0,0.0,620.4035501570462,9.079024390243902,408.98524840965007,9986.925222750244,57.14738183250001,7.51626,0.02318778,539288.8420667257
8.065573770491802,199322.0,45,0.01016260162601626,1188.300730943265,10.187523809523809,434.68887029867005,8357.073159989874,132.63978012600003,7.19307,0.013888665000000003,1009171.4612365692
6.734375,227200.0,43,0.002320185614849188,978.1388408304498,8.37252258064516,418.99259716624,3742.259738041277,291.38352359000004,9.3327,0.011717399999999989,728972.893425205
6.323529411764706,228247.0,43,0.011627906976744186,891.1399411559249,7.813714285714286,438.65926065504004,5051.788987150594,74.37212028000002,7.1071800000000005,0.013719552000000001,645432.2843938174
6.517241379310345,192857.0,38,0.0026455026455026454,642.6438746438746,7.4151,472.2313289848001,5377.795968760041,235.03205610000006,8.858130000000001,0.019948194000000002,501877.5159813899
8.814814814814815,156923.0,46,0.01680672268907563,1287.0342915346312,9.542123943661972,531.219414264144,7074.712255010401,97.08821846549999,9.50199,0.011667384000000001,867925.9311432642
7.041666666666667,150500.0,27,0.014792899408284023,839.1988819984277,7.882835999999999,194.78490111521998,3957.085523366764,61.22469296400001,10.960200000000002,0.01302465899999999,1055946.3724659716
6.0,219360.0,24,0.0,903.468283973955,8.625062068965518,299.25557517967997,4408.36882086672,110.749485504,8.53323,0.017249183999999997,731212.3182622165
6.423728813559322,214500.0,21,0.0,807.9339930367767,7.759488679245282,242.230673107008,4358.76677537752,125.71773404250001,6.63891,0.010767173999999996,1053587.4649085235
7.075471698113208,127036.0,22,0.0,734.5484869584853,13.663541666666667,472.200325004278,9283.272747939294,406.5820615350001,6.96267,0.016160796,869703.5890825202
5.446808510638298,175206.0,19,0.0,542.0228928199792,5.904422641509433,501.3083656680319,8803.162887219087,109.136455272,5.92983,0.015426839999999999,876697.442347124
7.219512195121951,117600.0,33,0.013513513513513514,538.5883531814853,8.473616666666668,785.378537378344,10659.27058003024,79.53814714500001,7.18518,0.01693388699999999,574702.2473381807
5.094594594594595,198521.0,21,0.0,857.8320046633443,9.532363043478261,357.802050291282,6512.758672728385,117.68422091850002,8.527500000000002,0.019090512,837317.720042923
7.214285714285714,113814.0,30,0.0049504950495049506,999.7742801298057,12.756944680851063,739.808876514393,12317.37873479568,94.25859483,7.227060000000001,0.015760137,588927.8305992087
5.068702290076335,250840.0,47,0.0030120481927710845,1358.1187329910501,10.168254545454545,687.2720514107159,11922.485569992885,84.78241775100001,17.337500000000006,0.016138415999999996,662639.6563805812
7.543478260869565,180863.0,76,0.0,642.2413334624765,6.23906,427.792666596724,10677.88254477175,79.95029499600003,7.32009,0.03260522699999999,531301.0360562212
5.783582089552239,195725.0,28,0.0025806451612903226,1552.0301431523023,8.674216417910449,578.1848144112,11759.423166038496,132.95015691150002,8.263200000000001,0.012806262,943477.5476095016
7.958333333333333,230053.0,27,0.005235602094240838,1808.2940690681382,12.631177272727273,452.51968717244904,5816.09490756494,115.32327618000002,8.52219,0.007261905000000002,1077977.9772733692
8.216981132075471,246106.0,20,0.012629161882893225,1915.18342264708,12.62571304347826,885.4821956402558,15485.991038034199,282.51872690000005,4.63614,0.021109247999999997,546538.0052411958
6.348484848484849,198522.0,52,0.007159904534606206,818.1030625260308,9.361883018867923,584.10959842116,5979.7362151597445,102.50452388400004,5.571600000000001,0.013894253999999995,629198.5140797378
5.485714285714286,240946.0,33,0.0,1293.3803374493355,9.032399999999999,398.879738181925,2717.176763865002,97.97672415300002,9.57048,0.007968924000000004,800189.5680568598
6.567901234567901,222426.0,30,0.0,1039.2239700828172,7.6996047058823525,366.433335468312,8363.301200478982,116.8358584995,8.91168,0.018737082000000002,1021548.058264652
6.368421052631579,187373.0,32,0.0,1140.5626044017617,7.554688607594937,449.26398651398006,6925.329237756149,330.95971183000006,5.189310000000002,0.012073562999999995,832405.514614773
8.022222222222222,219653.0,35,0.0013850415512465374,1386.595446153846,8.344549056603773,345.261337306368,5866.323152968906,113.17034937600002,6.487800000000001,0.012518907000000004,872534.578783926
10.083333333333334,234266.0,29,0.003305785123966942,1242.0643355652394,7.26545045045045,481.3969230744,7774.184925843086,65.18840385600001,9.03477,0.018257598000000003,597016.4481441051
8.74074074074074,251491.0,27,0.0,1438.1002469040545,10.530204878048782,401.36035581633604,6382.191006594938,228.30312875000007,7.413150000000001,0.016002431999999997,643336.1530385413
7.661971830985915,208573.0,43,0.0,969.4984590485699,11.47224150943396,435.654315930198,4907.493435854521,187.92906312000002,7.49418,0.015976887,503844.0468950574
4.947368421052632,167773.0,31,0.0,747.3516832426346,10.14509387755102,483.46114455100803,5311.542159216217,332.9926225800001,8.88312,0.031927479999999994,986153.86191145
8.936170212765957,166120.0,35,0.002380952380952381,1004.0728343638582,9.044736842105264,396.95424965760003,9186.808094508366,81.72144414600001,7.34403,0.022211141999999986,677740.8183850519
6.085106382978723,213786.0,28,0.0034965034965034965,1254.0547368117843,10.109258823529412,333.00774675492,3703.0122091122275,383.45518304,7.77777,0.00833788199999999,1010782.9343438534
5.974683544303797,198522.0,52,0.0,1021.9289387872258,7.619338666666667,261.171266143352,5755.982114348329,75.08820960900002,9.320490000000001,0.016197675,871900.2543852595
7.25,236120.0,24,0.003284072249589491,1467.5237625708883,9.856,733.2950117222398,11840.717343629158,94.55484769500002,7.96902,0.021816143999999996,528682.4043394183
8.674698795180722,227382.0,33,0.006944444444444444,1836.6101694915253,13.030105263157896,567.159888984,11655.01706209306,115.96836521250002,20.5694,0.015523949999999993,850110.3375202696
9.884057971014492,192146.0,42,0.005865102639296188,1849.6383316495887,11.174071910112358,663.74167206078,9558.865047761848,215.37545400000005,11.031,0.017882478000000004,613229.6133042483
9.513157894736842,217760.0,25,0.0,1634.8916000801148,11.10119347826087,558.831271375608,12917.972131182081,94.88652733350001,6.5848200000000014,0.015016193999999995,863092.6682146178
6.8352941176470585,189100.0,32,0.0,1521.2330254942767,10.137595588235296,351.02945680887007,5481.795081733154,91.05548454000001,8.12601,0.014662548000000001,806312.9378076183
6.521739130434782,202480.0,28,0.0,960.7602040816325,11.22163043478261,338.46503976739996,3889.221265987276,210.04308762500003,8.94963,0.012680607000000003,687160.8003235388
8.837837837837839,241309.0,28,0.00764525993883792,1517.4481457999068,8.34717551020408,346.52430358372,9116.850500077318,127.88203578,6.189330000000001,0.016014455999999996,995855.5347338293
6.604651162790698,207386.0,38,0.0035211267605633804,1270.9334586310306,7.521851685393258,452.05648770092006,4942.353449400665,59.28004110000002,7.62945,0.014890043999999998,518557.3578301393
9.885714285714286,236682.0,30,0.005780346820809248,1647.4646691380697,9.587208695652173,485.69280006079003,8979.52564892032,90.59303358000001,5.46216,0.016841519999999995,672356.2883130737
5.670454545454546,221988.0,33,0.002004008016032064,1116.3497826086955,11.875292727272726,578.068448628549,7455.570099870894,54.20906891100001,8.69073,0.018949065,459644.08372726536
9.33783783783784,202813.0,34,0.0,1206.4696747213604,12.371904347826087,612.789921119814,8108.807334868243,63.978716754000025,21.165200000000006,0.01806129,497149.87752135226
8.978260869565217,192146.0,42,0.002421307506053269,1098.8577752177757,12.820208333333332,376.9574111688,9045.117117446674,172.48018804500003,11.04717,0.016885067999999996,655976.9707648543
10.0,212986.0,20,0.006329113924050633,1568.8140768936114,15.913030769230765,417.285310389332,9613.781797470594,150.02719724850002,7.372380000000001,0.018627840000000003,879597.7323842081
8.44047619047619,195866.0,27,0.00846262341325811,1738.3569103734753,12.155311392405064,680.1383770573281,12550.94749766386,75.66253059750001,7.221360000000001,0.01990559999999999,618203.4931433226
8.505154639175258,292266.0,25,0.007272727272727273,1699.7954216643657,7.391410714285715,436.74302919592805,5020.960847356765,252.29022406000007,6.4128300000000005,0.009041273999999993,803919.5177868356
7.637254901960785,184741.0,25,0.007702182284980745,1372.8147094650208,12.314829787234041,586.9023430887,7384.25840276352,331.64971965000007,8.57784,0.009622079999999998,804933.501862112
5.609756097560975,190746.0,25,0.0014492753623188406,1641.8569470572425,15.265235294117646,414.035686111776,2455.8240868700605,107.22370190400001,9.844560000000001,0.0033929999999999937,1023068.2078806148
6.955882352941177,190853.0,15,0.0,879.2581395348838,14.4386,548.4450707776319,8062.091396636533,80.2193903175,6.40095,0.016737732,556083.9490546444
9.862068965517242,208338.0,27,0.0,1286.9816731933072,9.474043835616438,194.536473124797,2758.4946590256004,44.1620778,11.24322,0.013660901999999994,619516.954334358
6.372881355932203,212704.0,30,0.0,747.9592223204141,6.999335593220339,434.734511228535,7685.031905864964,110.23652929800002,5.19741,0.01879469999999999,729051.9553262943
6.8533333333333335,186583.0,27,0.0,1039.0922469135803,7.633875949367089,437.113051278795,4599.9480739479295,73.36350175500002,6.503760000000001,0.013210796999999991,553535.8618917598
6.354838709677419,296560.0,26,0.001692047377326565,1183.7042582196998,11.553154545454547,423.83260485127994,6078.6124024328465,80.72365005600001,8.268210000000002,0.013280627999999997,762814.1188462476
7.84375,268991.0,18,0.00199203187250996,1146.7092542094924,9.357571014492754,736.4924842816,11554.524824520327,93.37549215000001,20.606900000000003,0.021252923999999992,586548.3259892255
9.784615384615384,232122.0,16,0.006289308176100629,1064.3302988200653,11.338608,566.455290423102,9038.908469142758,87.32729873550002,6.664079999999999,0.013965942,760805.4104871381
5.272058823529412,245479.0,43,0.002789400278940028,1372.5203729554048,11.604032926829268,589.6226407222749,9842.935862662607,90.93807870000002,5.219790000000001,0.015827451,646647.2097996856
7.509090909090909,194560.0,14,0.004842615012106538,739.9007505419926,9.623650909090909,540.6405878865601,6587.249738482583,54.11355978000001,7.989000000000001,0.015676295999999996,505238.7967179924
9.788461538461538,236574.0,25,0.0019646365422396855,1180.0764866343823,6.321998924731182,472.24378243963497,8058.551891229318,265.34665250000006,5.08281,0.019121463000000002,588213.9452629993
5.907894736842105,156754.0,45,0.0022271714922048997,888.2662309600346,10.793269230769232,138.36811291249998,1831.9464447463215,45.21511457400001,11.724269999999999,0.006728784000000002,986553.2557933173
6.182926829268292,216768.0,28,0.009861932938856016,923.3136094674555,5.445180000000001,525.3182133738,13823.130552344444,127.67215172250002,4.321080000000001,0.026024228999999996,677580.8428808879
6.714285714285714,170237.0,22,0.0026595744680851063,774.5830303831493,5.64423,473.70350007052804,8737.32947511065,109.22861476800001,6.3326400000000005,0.02088526499999999,681955.5347078815
7.96,171063.0,42,0.0,918.4468173900423,8.906122807017544,549.62891961714,6894.2588438392495,112.84127281350001,21.0208,0.013839062999999993,715072.3243718497
6.816901408450704,188906.0,10,0.002066115702479339,1087.569525239257,9.617771428571428,459.377994994048,9344.038329511503,69.17482427250002,5.99004,0.027850175999999994,485042.0609347957
8.253333333333334,265826.0,11,0.0016155088852988692,1287.4223274161736,11.332930985915494,356.89354227063603,4933.395195040622,326.12505336000004,8.27838,0.03387325,917124.4760946207
7.6875,233022.0,48,0.0027100271002710027,799.0664812778892,14.997484615384614,458.341296400471,7275.790574527393,125.89386435600002,8.84652,0.006574113000000001,964584.7122605453
9.08641975308642,277447.0,10,0.001358695652173913,1333.0245739199365,8.587138461538462,594.918049663392,8309.571466126785,55.759897830000014,20.205600000000004,0.01765658999999999,495334.84276524314
5.604395604395604,196706.0,15,0.00196078431372549,1050.0519652305366,10.893435483870968,631.192353575952,5791.730849600312,60.240004917000014,16.668200000000006,0.011409326999999993,426874.0959288716
8.595238095238095,194723.0,11,0.002770083102493075,815.1026545942808,9.671039583333334,548.1152852535361,9126.464811016358,71.26529459700001,18.663900000000005,0.016765244999999998,583010.6477387054
7.477777777777778,254016.0,41,0.01337295690936107,1525.8500059333096,11.216666666666669,284.31155248650003,3616.9927426340396,60.30105316200001,12.185220000000001,0.011185547999999993,905643.3780370229
6.45,243346.0,13,0.001937984496124031,1031.3586040584257,10.20350909090909,335.15232548990394,4974.662830653345,75.75067234800001,9.30066,0.014077161,685334.0456661794
6.986301369863014,244127.0,11,0.0,999.8684210526316,12.317020408163264,639.088454879538,15757.740732783417,77.03558207100001,3.544170000000001,0.031160999999999984,477257.34877908695
6.788732394366197,244866.0,17,0.0,1043.7100691516275,7.007303797468355,385.07232471923004,8120.833657699929,75.89045531400001,7.93716,0.024996329999999997,620052.2530139781
6.941176470588236,189069.0,12,0.0,552.5276859504132,8.649042424242424,330.491548385784,6483.682877354495,106.011218475,7.900650000000001,0.016163549999999992,861114.8881721608
6.128205128205129,292600.0,17,0.0010460251046025104,1786.1907464390192,14.076853608247422,358.82655628392,3259.44948371929,49.173836061,12.100679999999999,0.009039008999999995,706722.8758577638
4.845637583892618,225160.0,12,0.0013850415512465374,1211.1206060252898,11.415622222222222,359.75534564928,2985.144229658059,97.745718159,10.89027,0.005114177999999993,1226830.1305413288
8.075,217333.0,5,0.0015479876160990713,1522.3292368381126,11.316745454545455,234.329674457928,4231.49895706403,55.828940688,10.37925,0.008994645000000002,1019289.4166387151
6.79,224666.0,4,0.0,1102.348014938236,11.33335875,165.932220697608,3909.685120176477,54.8616136785,12.7455,0.010357295999999992,1413942.768530674
6.1,179920.0,23,0.0,579.5427933673469,16.690761904761903,90.089559122784,2948.3256442038346,21.897915579000003,14.58789,0.03385364399999999,621826.5585277992
5.090909090909091,264573.0,69,0.0017857142857142857,1368.6870684616028,8.986526315789474,510.05464729067205,4427.812349343634,78.02182983900002,6.82308,0.010398132000000003,636758.0182927919
6.28,259666.0,50,0.0031847133757961785,1751.9197173390517,16.14717931034483,529.506558131427,6854.510961384299,335.01722171000006,10.92129,0.010293275999999995,977884.1607419087
6.107142857142857,236253.0,60,0.01023391812865497,1699.5841209829866,9.017140909090907,284.11553804833795,5475.786225026495,61.919882454,10.28055,0.021864321000000003,668368.5448913309
6.859375,224133.0,67,0.002277904328018223,941.5181235827664,6.530406410256411,402.708287028478,6484.11624889816,73.657844022,7.3627199999999995,0.017558228999999984,659416.4450790372
6.39,284253.0,42,0.001564945226917058,1421.169664155908,10.662664864864864,352.24485622754395,5510.019598741153,113.464043028,10.790460000000001,0.01611648,1026703.2058721174
5.729411764705882,199533.0,62,0.004106776180698152,1213.8674162217517,8.841384931506848,413.85660391095996,6269.522540710007,61.87585062,10.035150000000002,0.015297351000000006,712710.8616813888
5.349056603773585,249573.0,44,0.005291005291005291,1160.9633152173913,10.143,357.6177858596,4686.99575530704,103.79002348500002,9.456900000000001,0.014280479999999993,725056.2545282041
7.767676767676767,270120.0,31,0.0,1550.2724301114222,9.85252121212121,232.020708347232,3437.7443340306054,283.27328424,11.471820000000001,0.012860700000000003,893419.8499426851
5.567796610169491,244160.0,54,0.0015220700152207,1309.208172745074,10.939050000000002,625.0502301606,10688.58301728885,270.97607087000006,6.618030000000002,0.020724767999999994,536477.3423322625
5.213414634146342,249173.0,42,0.011695906432748537,1638.7460905349794,12.948500000000001,422.6260578298111,6154.628975534469,125.47645983000002,9.41892,0.0070646939999999955,1186194.9659530933
8.890243902439025,294093.0,54,0.009602194787379973,2014.2677656493659,10.351799999999999,123.89397129250199,3265.054482628455,69.17638214,13.01139,0.019973069999999992,589754.3433286839
7.215827338129497,230360.0,49,0.0019940179461615153,1891.107865875707,13.63394188034188,581.871941812224,9547.273248200474,51.29291125800001,10.68111,0.010220399999999994,618367.0782143335
5.703125,233973.0,47,0.0,1666.6525689378936,13.062493827160493,319.20003637876,2914.8678688788505,129.46703377500003,9.47061,0.004657499999999992,1100395.6228693568
7.662790697674419,192560.0,41,0.009104704097116844,1367.2131603250548,11.753307792207792,824.694882740856,13557.320245415232,69.64195322100002,16.848600000000005,0.019113729,474658.5229460871
6.4324324324324325,213506.0,54,0.0,1138.3806123123718,9.657751515151515,527.694995136918,8438.159401465296,67.76471772000002,8.08464,0.01647275399999999,627749.1462289485
7.140350877192983,247013.0,41,0.0085995085995086,1473.2886184888112,11.491119101123596,627.459217614432,6920.228883351302,77.29163836800002,16.546100000000003,0.01220184,607354.6317026722
8.58,225720.0,49,0.0034965034965034965,1996.0273460449714,10.558079999999999,158.8078388736,4133.6258452128,24.674248927500003,14.011560000000001,0.021052608000000004,711830.0779340374
9.3,155000.0,34,0.005376344086021506,499.18969713358575,9.250399999999999,424.18460937635206,8817.517604428975,52.92423269100001,10.638120000000002,0.027486599999999996,651517.6889535784
8.729166666666666,167040.0,44,0.002386634844868735,1143.9775317082838,12.161475000000001,309.57658188502506,3763.441010278208,32.785493286,12.62616,0.008895119999999994,643266.7020497884
5.624161073825503,202306.0,39,0.0,1853.8654910504508,12.746296226415094,486.868922364021,5378.8965549141485,88.80773989500001,9.965670000000001,0.0046380869999999965,924263.7662093963
6.515625,200893.0,39,0.004796163069544364,1584.8792640666622,13.637885714285714,693.2426902677519,11707.70128062909,61.752613071000006,5.871720000000001,0.020400383999999997,419184.4782120996
5.913793103448276,197906.0,41,0.0,596.1414618540405,9.662560975609756,273.448050876,2627.5638412775183,81.76394982600002,10.74525,0.009878729999999997,906411.2453382113
6.35632183908046,246000.0,31,0.0162748643761302,1362.0338777927136,8.79908076923077,398.06785480215603,7481.760008974021,352.7647660900001,9.19044,0.017760929999999994,933864.261291909
6.2898550724637685,186106.0,43,0.0,893.361811738988,11.112372727272728,336.599963432534,6571.481806062721,115.19570802900002,6.00675,0.013322609999999999,1025484.609851583
7.721153846153846,245986.0,46,0.014943960149439602,1925.1760518756803,9.900383962264153,324.03445282026,6294.778428708001,118.90471320000002,10.50369,0.023868000000000004,413233.7827917499
5.624,276093.0,33,0.004267425320056899,1374.8577374758438,10.976278651685394,563.80980352068,9377.710857544498,89.551308969,9.225990000000001,0.020122607999999997,615906.2122816042
8.370967741935484,198626.0,34,0.0019267822736030828,1135.7233653612877,12.022482352941173,501.71707740561,6578.228740228608,94.45789638000002,6.466590000000001,0.015355650000000004,696330.9660107582
6.934959349593496,234213.0,40,0.007033997655334115,1503.0990787767657,12.273001086956523,190.72957879955,5961.831175583052,21.526789356000005,13.10937,0.02908925999999999,496214.2315535457
7.115384615384615,217200.0,40,0.0036036036036036037,1396.0075243024871,9.478607142857143,524.44238580195,9712.701639150087,90.448742076,20.604800000000004,0.021614300999999992,648423.231224439
3.949275362318841,195493.0,41,0.001834862385321101,1150.3918665312237,10.431760563380282,637.8447063582,11482.544413953596,48.5492780025,7.8645000000000005,0.02536640399999999,363469.50865216774
6.308333333333334,231440.0,34,0.001321003963011889,1509.0045617205217,11.325814457831328,567.348879664224,6391.075738298371,72.5105956185,20.582,0.016843248,457383.52917504666
5.452991452991453,245292.0,61,0.0,1289.6260784876824,9.169654999999999,397.047810437784,6930.779757004771,292.2860635200001,6.9231300000000005,0.015006288000000001,873215.3520472305
6.767676767676767,205026.0,39,0.0,1282.4101923690084,13.585235294117648,478.6819493643,3877.6789208567798,324.70022145000013,7.892850000000001,0.02019815999999999,916307.9876814268
4.669724770642202,242680.0,38,0.003929273084479371,1056.581693073789,9.704162121212121,418.141207142304,4708.603544862285,301.10308668000005,9.86541,0.014233455000000004,742169.0261972456
6.8431372549019605,301250.0,29,0.004297994269340974,1157.1432536061732,8.823825742574257,455.30739684864,12401.581247249613,79.22589810750002,6.237630000000001,0.026118096000000004,581464.0992970185
6.5177304964539005,258093.0,41,0.006528835690968444,1753.6285231988156,10.360556779661017,400.93569014720003,6407.3385971207135,64.66372125,10.046730000000002,0.017529057,639410.7716316292
9.548387096774194,241546.0,55,0.010135135135135136,1267.6110578525315,10.814473846153845,608.086666805436,10855.12028938839,43.80875352,6.96102,0.0262224,398438.52695966914
5.016806722689076,159440.0,37,0.0016750418760469012,1162.9516423357663,11.92615652173913,552.2484302005361,7399.591774593329,113.32994575500001,7.71825,0.010645439999999989,949220.7686431503
4.7375,183000.0,38,0.002638522427440633,930.1847249335659,6.673558333333333,286.96416143265,2436.758874891997,72.77579382450001,8.355120000000001,0.010404389999999984,617460.9100339474
6.845238095238095,165226.0,38,0.010434782608695653,1277.871265519516,13.931967213114751,902.4905864886,13656.08183973381,121.64927297500002,7.4516100000000005,0.018072768000000003,295978.0681272778
6.430769230769231,151746.0,45,0.0023923444976076554,862.0025990903183,11.517234042553191,696.078522776,10441.982487284642,169.18679744000008,7.29666,0.024300804000000006,366609.0853275862
5.083832335329341,237960.0,49,0.005889281507656066,1562.5695361781075,9.774024793388431,162.55312350116,4045.454458750079,21.645669886500002,13.98009,0.017533151999999993,725466.9390960075
6.379310344827586,188773.0,42,0.0,1557.1906349050748,8.19203125,403.203405072,8505.44651965464,49.84296000000001,9.850679999999999,0.015533783999999997,685028.460895406
8.154929577464788,222400.0,44,0.0017271157167530224,1426.034354918438,6.698172222222222,514.585659715864,13723.317156154913,71.68732242000002,8.14725,0.033517499999999985,551284.8928765202
7.0,152666.0,37,0.005952380952380952,749.0708701781365,9.163576470588236,486.775574063233,7007.982263802963,140.71059171000002,8.99595,0.011330280000000002,1048321.2723853637
9.35135135135135,151426.0,35,0.0,599.1460945627006,8.585549019607843,549.55338477597,12809.714315130019,103.83525988200002,20.2956,0.020992040999999993,807842.3249444426
6.0,243120.0,32,0.0,833.1446847908425,11.256242857142857,236.182879567266,4943.371042268775,119.57552747999999,11.5482,0.014779379999999993,1146410.6838194816
4.984251968503937,199906.0,35,0.001579778830963665,1497.127794292509,8.250720588235295,471.46437174749997,4994.002561583712,84.14945981250001,9.68556,0.013110179999999997,683737.4949846546
6.968085106382978,236000.0,29,0.0015267175572519084,1114.6259305366934,10.710929487179488,495.15965538749504,8500.291401042477,311.51099482,7.5399,0.017995451999999985,721520.9527106575
4.481203007518797,215946.0,36,0.0,1224.9920148114647,9.935163157894737,681.2264456659439,7482.2147152073985,68.423916105,13.6933,0.012501749999999996,528836.6526088656
7.647058823529412,230440.0,37,0.015384615384615385,1214.4177162629758,10.164,620.07353924208,10692.118908441953,383.6001862000001,5.039490000000002,0.017257266000000004,756001.055814558
8.25531914893617,183520.0,73,0.002577319587628866,1644.6166444319251,9.430775510204082,229.6508228736,3910.847519090481,55.507150890000005,11.342280000000002,0.016400412,770298.875856153
5.8125,142520.0,38,0.004301075268817204,993.468816749733,9.133190476190476,417.37709666655,7916.03267049583,118.89785566800002,8.45553,0.015857789999999997,1053204.1566424996
6.5375,208066.0,37,0.0076481835564053535,1177.6544842363026,12.046433333333333,426.211980673,4758.662795380875,361.42595087500007,8.756730000000001,0.008870724,887417.915611728
8.913793103448276,242000.0,28,0.0038684719535783366,1034.811105538624,12.500381967213114,619.051655507397,11764.998320043542,48.59192859300001,7.61916,0.013629869999999994,562083.3507060265
5.330097087378641,264843.0,28,0.0036429872495446266,1285.140606060606,12.332370000000001,375.95091074426995,6036.813727421403,76.99737294,9.3321,0.012527130000000001,839136.499089074
5.246376811594203,279306.0,31,0.0,1483.9718966603655,9.898415533980582,521.652110689104,6514.753636995028,252.15264263500003,9.3639,0.012350676000000007,700117.2871315747
5.813953488372093,285026.0,30,0.0,564.9318550949793,6.406666666666666,340.29189701618407,4690.189464627132,94.70048422050002,8.83953,0.016215947999999987,721797.9249001159
6.044776119402985,236360.0,23,0.0,884.487316325466,9.485437500000002,411.40736376432005,10248.669254866629,175.55674170000003,7.4531100000000015,0.03514528799999998,1412460.049751892
7.337209302325581,215053.0,27,0.001584786053882726,1443.2678648229482,9.850203488372093,687.7165948231501,7799.650879629605,324.64826427500003,5.164770000000002,0.013367202000000002,574238.4161857489
7.303030303030303,221413.0,32,0.006224066390041493,823.8391604938271,7.808400000000001,420.50586986496,5105.615629484158,61.667282178000015,8.59059,0.013651175999999989,573573.4723194455
7.807228915662651,237066.0,20,0.0,1470.4617159131362,10.101510000000001,514.34725625514,8671.123499228193,296.8809619500001,6.5090699999999995,0.017026503,718334.2855618994
3.952380952380953,245292.0,61,0.0,1294.1041953526192,9.027483783783783,397.047810437784,6930.779757004771,292.2860635200001,6.9231300000000005,0.015006288000000001,873215.3520472305
6.803921568627451,222533.0,32,0.008645533141210375,1350.3301210197883,11.866553658536583,687.2261343346139,11946.964760826817,77.8142090505,6.64842,0.018277257000000005,551305.7432196867
5.858585858585859,270293.0,45,0.0034482758620689655,1157.443815495587,9.841357142857143,738.95002541955,13257.725842438565,88.66030116000002,7.19325,0.020285736000000002,548561.1831092411
5.890410958904109,238000.0,41,0.01627906976744186,989.2257562345474,7.434932432432433,399.0394268715001,7857.416474352041,63.092262600000005,9.22737,0.02122417799999999,620114.1603313356
5.181034482758621,240666.0,35,0.0,1098.8743649136852,11.143198630136986,338.39359557408,5514.954926023291,47.621402112000006,12.695549999999999,0.019866954000000003,683472.2829535881
4.914634146341464,250773.0,32,0.0,1695.4385518404226,13.30826436781609,975.6298377715501,11998.507072583856,10.424001546000014,5.4730500000000015,0.016685297999999994,89778.73076609313
5.971428571428572,166506.0,25,0.004784688995215311,1112.5903304487288,9.296045901639344,448.698613618332,6267.991676192839,101.14730757450002,9.760200000000001,0.014210987999999994,812651.800242208
5.655913978494624,193333.0,35,0.015209125475285171,1222.2923545617246,11.644551724137933,568.32955627284,8458.078930691721,172.49318676000007,6.669060000000001,0.021268368000000003,379490.01660654927
5.737373737373737,199625.0,24,0.0017605633802816902,1361.6898915816325,6.836608849557524,315.58636515367505,4314.395199238258,310.18574466,8.806650000000001,0.0076089359999999984,1044015.9186227912
5.285714285714286,144626.0,36,0.010810810810810811,767.2525729561148,10.389462962962963,469.776729412176,8703.29313425942,86.071598622,10.48332,0.011504997000000001,920387.4455824187
6.524193548387097,300826.0,33,0.006180469715698393,1558.2469096239324,12.727937804878048,525.25760143136,10463.92230922875,154.18749696,8.104560000000001,0.025356203999999993,1431850.7993195609
7.492957746478873,183520.0,73,0.0018796992481203006,1177.7590428219798,10.219548387096774,229.6508228736,3910.847519090481,55.507150890000005,11.342280000000002,0.016400412,770298.875856153
5.246153846153846,192973.0,33,0.004398826979472141,1596.3548493758929,10.352289655172415,660.98337339114,10894.574782053714,81.92445846750002,5.8931700000000005,0.016900446,647258.6795645923
6.0227272727272725,149386.0,32,0.007547169811320755,1360.130157467293,8.440417721518987,680.701790172339,7521.327457773699,74.45620529100002,4.7835,0.015059304000000003,486322.6446563538
4.956521739130435,208746.0,27,0.0,1236.9422222222224,8.903745454545454,422.009638570863,5948.141146553256,69.023486394,7.73115,0.013426335000000005,656337.2436686406
6.054347826086956,276040.0,30,0.003590664272890485,1305.975698040919,7.461856976744185,687.6847703068978,13767.06607500258,235.30398508500002,3.1467899999999998,0.033489521999999994,356759.5002479207
8.018867924528301,174733.0,19,0.004705882352941176,1092.2634736318482,8.992734375000001,574.7515612012439,7401.686722584265,89.7552308205,9.6099,0.015120869999999988,769709.1343377107
5.833333333333333,238000.0,41,0.009022556390977444,1456.2609444749003,10.85228846153846,421.45122906021606,11412.091505233695,56.50879447800001,9.05817,0.029600339999999992,558694.5647031097
6.112676056338028,194040.0,32,0.01152073732718894,890.5754520909813,10.38876862745098,610.592654155008,11621.665808850033,42.77032373250001,8.48019,0.03224779199999999,366383.8891453372
4.115384615384615,233253.0,17,0.001869158878504673,838.7169921875001,7.735536842105263,548.69678679744,10216.332623118724,115.58973681749998,10.21704,0.021220944000000005,834650.6867775997
7.545454545454546,214440.0,32,0.0017211703958691911,1233.153795429153,10.398548837209301,638.9560850836799,11369.396294116683,44.771340150000015,9.5394,0.012724272000000005,544373.5129374593
5.9405940594059405,240186.0,28,0.005,1437.780889283519,9.095,581.556842535942,6854.562877923508,65.765267604,8.59035,0.017680922999999994,532533.6060718828
4.723076923076923,229013.0,20,0.011400651465798045,1551.72301637867,9.850631325301203,701.627371043904,13101.916110984983,76.05673397100001,19.5726,0.02103426,552605.3333559125
10.807017543859647,262280.0,30,0.0,1600.3203589690077,8.785050602409639,341.41664217454496,2512.7146777846965,106.80172213500002,7.390560000000001,0.007401683999999999,743700.9120216294
3.857142857142857,248506.0,33,0.0054869684499314125,1481.0710090212503,10.706893548387097,430.183398474438,5232.919607792853,257.53439985500006,9.59481,0.012006569999999994,721889.0088882463
4.556603773584905,166120.0,35,0.0,789.9357992258869,11.6035,429.06092699331,7307.8143342034355,57.75125148000001,12.061710000000001,0.01245510599999999,830541.5525121499
7.772727272727272,244666.0,28,0.0029239766081871343,1134.8884083044982,11.171711392405063,726.7071235898759,14074.186899147804,70.38178871100001,3.5525700000000007,0.026072052,391048.25721383287
6.216981132075472,206693.0,29,0.0030349013657056147,1287.3661773685658,11.492960000000002,866.7485517839998,15761.269212315652,68.30015475000002,15.393,0.027359999999999995,384625.02886455716
6.704545454545454,168680.0,16,0.003389830508474576,465.3823589276948,5.481360294117647,368.66193552132,7914.282919055964,145.450258536,9.78195,0.018730151999999986,1074071.807403394
5.758241758241758,244013.0,33,0.0019083969465648854,1023.5038796166024,10.574975,408.73962303666406,8020.365170914866,106.18062687150001,8.36232,0.015853283999999992,929235.4252430957
7.984848484848484,194253.0,33,0.003795066413662239,971.483491167483,7.881423684210526,84.444862537836,2403.592033253124,17.8276082985,14.650620000000002,0.027252653999999998,649764.5445548028
6.0,194013.0,33,0.0,1108.704719387755,10.8531,359.4349068944399,2644.519329557657,122.31481536,9.65217,0.007827162000000002,777507.8896960111
6.03960396039604,226213.0,32,0.00819672131147541,1334.3179162452966,10.79383116883117,613.152279416375,14060.733423095298,63.361587642,9.22056,0.02775389399999999,547363.7391471049
5.282352941176471,164906.0,22,0.0066815144766146995,1033.031436482709,9.580453731343283,580.5511040537599,8686.549500425355,83.3666463225,7.8401700000000005,0.012104064000000003,750183.5526481628
6.450980392156863,259399.0,25,0.004559270516717325,1327.2698967628305,10.670446153846154,470.8420017850499,8031.120970450503,118.10849294999998,8.26356,0.010105977,941512.7395490163
10.688311688311687,193613.0,25,0.0,1701.596592845705,11.10044111111111,606.34949386676,9273.995252350765,62.70412617000001,4.165350000000001,0.022134465,386447.6362204061
7.041666666666667,237906.0,31,0.0,668.9879441379576,6.173570000000001,446.1370159387051,6104.596304749798,169.44851115000006,6.214140000000001,0.018042254999999986,464453.606403059
4.87012987012987,244826.0,30,0.0,761.6993519064051,9.485204081632654,638.980693032808,16855.641518152166,53.00934321900001,5.462520000000001,0.03248414999999998,419496.8993106337
5.90625,149386.0,32,0.005291005291005291,1006.0058309037901,6.908676923076922,627.97403348064,11616.633839313867,97.20246282600004,3.429930000000001,0.023813328000000005,535362.0891225871
7.37007874015748,239960.0,60,0.010683760683760684,1849.6905229891702,17.015345454545454,330.07229218109995,7690.507202769667,57.4486300845,7.4844599999999994,0.027827280000000006,434300.33792535233
10.11864406779661,252693.0,25,0.008375209380234505,889.3083630598493,12.593501785714286,758.628330505936,17579.902019590052,193.94741392000003,4.9128300000000005,0.04033584899999998,1113130.68738176
8.474576271186441,261026.0,26,0.002,791.1490304709141,6.724418604651163,534.668376215016,8783.57236848538,54.005701090500004,3.927780000000001,0.020970864000000002,408177.87605268555
8.822222222222223,180933.0,25,0.007556675062972292,1132.7722530612243,9.593431481481481,512.0197910458081,6943.79298728451,277.22585060000006,8.595690000000001,0.014993384999999996,723261.5630789013
6.7727272727272725,198293.0,28,0.013422818791946308,1166.8402762307867,11.251983333333333,680.641859107782,10802.862469055184,62.46175718250002,7.42611,0.022137887999999998,428286.54919535836
7.070588235294117,237266.0,20,0.0016638935108153079,1152.1612563439626,8.678034831460673,624.0177438182999,7528.813211467198,88.50397405500003,6.2838600000000016,0.014240027999999995,638535.4086325251
7.198019801980198,166120.0,35,0.001375515818431912,1449.9354572590373,11.215069879518072,750.709913818656,10051.363350135143,72.64160048850002,3.4363799999999998,0.02106371999999999,362453.876002965
8.175675675675675,185160.0,60,0.0,1329.7526990114466,8.90843827160494,205.930876959249,5690.9253959941525,54.42557869800001,12.69477,0.030722801999999997,736408.8941046542
6.677685950413223,261893.0,32,0.0012376237623762376,1724.3196096828676,10.134854901960786,340.61906108896,6550.09286930488,97.92855616800001,8.48292,0.01469294999999999,883228.4657341458
8.885245901639344,228373.0,18,0.0,1110.0476978806405,9.284821333333333,566.400231227424,4681.73203564097,327.21548476500004,6.14808,0.009386832000000003,668176.542096111
4.912087912087912,152720.0,28,0.0022371364653243847,878.9783252595155,11.172727118644067,485.944356262388,5959.2184803845985,53.85248912700001,9.19335,0.010281552,563187.0873359438
5.745098039215686,235893.0,22,0.0,1215.5512684205712,7.398104950495049,654.84396415047,9641.8700131351,79.96864034250002,6.88095,0.018367641000000004,619082.4371227756
5.444444444444445,239600.0,23,0.0,708.8079012345678,7.7235529411764725,561.4498199122561,12196.778001667824,80.71725394800002,4.806660000000002,0.030484739999999993,480288.0635066857
4.681481481481481,250840.0,28,0.0015822784810126582,1552.6900898863703,9.61467619047619,533.389719302609,13955.501081055063,74.38449159000001,20.8211,0.026697884999999998,578647.0706548282
5.373015873015873,209306.0,28,0.0,1355.9717609735912,9.187754255319149,518.997236447106,4744.931931844022,56.594072952000005,8.31483,0.012511044000000002,510209.24411805905
7.49074074074074,239960.0,60,0.004944375772558714,1550.9514294734934,10.222235643564355,478.10920869540007,4004.015312933996,76.81026870000001,6.681840000000001,0.008410385999999988,662941.7287532841
6.858974358974359,223093.0,21,0.007476635514018692,1239.5539287640984,7.000412790697674,643.421120958396,5344.534186954975,42.263394705,15.801400000000001,0.01565693999999999,289525.0536494095
7.67816091954023,247200.0,24,0.0014970059880239522,1275.1392655534628,9.050640909090909,688.962102737608,11011.125248323198,69.57436136700001,17.778600000000004,0.028304720999999994,386730.4379469633
5.914285714285715,288493.0,23,0.00644122383252818,1486.0728407908432,10.052238461538462,368.2816520822999,6900.7859248865625,78.729179814,7.00326,0.014693633999999995,744289.7895459257
5.864077669902913,186947.0,55,0.0033112582781456954,1138.0273503477035,11.091636363636361,409.03245915224,3973.6367178598075,94.2996609555,9.09897,0.007394975999999997,840643.0759031969
9.613636363636363,214133.0,17,0.018912529550827423,1061.5082150164303,7.728081818181818,766.84417973274,13766.027367265164,71.4381579525,3.8488799999999994,0.027758376,411299.3551035354
6.956521739130435,243946.0,42,0.0015625,1259.455877878225,9.49520879120879,517.1741549516549,5304.340225221574,258.5694940000001,7.15146,0.010010078999999991,647048.9457900531
6.573529411764706,174880.0,18,0.006711409395973154,1075.3238266476533,10.39674107142857,584.28499875775,14080.019085790562,382.705889735,4.18626,0.019508753999999996,777492.185923972
5.845238095238095,236253.0,60,0.006109979633401222,1227.094275841346,12.016621311475408,653.00424386944,6405.779693151933,70.86108978,8.681700000000001,0.008149545,685610.5009608528
7.0,236253.0,60,0.01984126984126984,547.9332692811598,15.3468,154.06622747208,5282.4539090851595,90.57926829000002,13.704870000000001,0.039875352,528136.2350533073
6.974683544303797,230360.0,49,0.009074410163339383,1226.1468631578948,10.694565625,571.771464929252,5279.588299284598,296.86501978,5.864160000000001,0.013087139999999994,529572.6895608994
4.710280373831775,223834.0,79,0.001984126984126984,1217.1327524912963,7.68348,510.05464729067205,4427.812349343634,78.02182983900002,6.82308,0.010398132000000003,636758.0182927919
7.018518518518518,239960.0,60,0.018469656992084433,923.1975038101164,6.64287738095238,665.5004663778719,11744.109260743733,154.954386666,6.81486,0.012252684000000003,942251.6721939858
4.927835051546392,164106.0,27,0.0,696.8177777777775,9.302020588235294,371.800674292014,4972.3255616356055,74.783085642,8.79957,0.010755212999999993,797977.7659913659
7.0,256666.0,37,0.0,1088.1340235294117,11.203453333333332,737.7810153962299,9834.526189422477,172.67652853000007,7.96095,0.016602767999999997,436026.06979135633
10.59375,264573.0,69,0.0014749262536873156,1414.065811007765,9.946337931034483,651.745815857917,6646.386159675571,56.347420965,6.185790000000001,0.012527658,505361.05183828896
7.266666666666667,224440.0,19,0.0015290519877675841,1159.5311000000002,13.337058333333333,722.19437840908,11537.159203779293,82.64597996250002,6.55353,0.012199400999999995,698771.944206723
7.409836065573771,267386.0,27,0.004424778761061947,1048.7769353945164,11.02962181818182,417.29790531673495,5024.733529650576,313.91515955000006,9.54465,0.013392602999999998,698469.3446411655
6.409090909090909,267386.0,27,0.008865248226950355,1005.8937819252417,11.92343661971831,543.266988201,12408.238100455768,67.14807750000001,8.42547,0.013264614,768602.8828738305
5.915254237288136,215240.0,48,0.011461318051575931,770.6296976498998,12.39290487804878,864.2026271343299,13889.317056755744,74.61550266,19.128500000000003,0.017050244999999995,476542.7678188482
6.576470588235294,256666.0,37,0.0035778175313059034,1178.4286350140599,11.451252459016393,396.13187522304,3529.8973359333154,48.731971747500005,8.92572,0.010770695999999991,530635.0650775321
6.725,291840.0,12,0.007434944237918215,1060.5587025016787,12.03270625,503.55239265456,7735.356864306752,153.527066505,11.023650000000002,0.01678149,561655.1178270712
7.098591549295775,236253.0,60,0.0,1052.4222621814838,10.002109090909093,568.542348956694,9781.672604650517,129.73747556000006,7.91268,0.01981529399999999,434994.38243563566
8.26984126984127,237960.0,49,0.003838771593090211,1305.8638946280994,11.5002609375,431.00012948355,5613.0224493945725,268.83032334,9.16449,0.011737274999999988,679686.0447697035
5.910714285714286,256666.0,37,0.006042296072507553,738.9635165972229,10.842614285714285,384.924814390842,4994.859151121922,111.34143533700001,8.79189,0.010335233999999993,835942.0452351278
5.821428571428571,144520.0,44,0.006134969325153374,322.91554930795843,8.494256,249.73508170079995,4293.925489068925,77.076259335,10.37199,0.012816011999999996,839031.1646723226
5.928571428571429,227573.0,55,0.0034423407917383822,1096.8529077559583,11.837875,174.62688459216,2354.53801909287,88.86642765,10.99368,0.010918313999999995,600346.7604856318
8.729166666666666,144520.0,44,0.002386634844868735,1143.9775317082838,12.161475000000001,309.57658188502506,3763.441010278208,32.785493286,12.62616,0.008895119999999994,643266.7020497884
7.512195121951219,240053.0,49,0.0,667.0115341005358,9.53876,590.4713990832279,4924.400104257118,44.84013794000004,7.00962,0.014701175999999993,457503.9135743306
5.705128205128205,149909.0,51,0.0,1032.7113702623908,9.776728070175437,467.4797529527999,5177.094726664887,266.33648625,11.96787,0.02333740499999999,610317.2067029659
6.298701298701299,208133.0,66,0.0,959.6323519297168,9.622703125000001,404.14713755304,6117.651448587145,107.00745582600001,7.90641,0.014054033999999988,806263.8366980206
6.054054054054054,171400.0,44,0.002232142857142857,866.1742548460276,8.046826666666668,403.68813841449605,8405.6208827955,96.13278850500004,6.968550000000001,0.031692473999999984,522178.1116821312
7.176470588235294,220053.0,42,0.001366120218579235,1689.1141002125366,14.989026086956521,309.51797132990004,5192.582977458626,77.59385791500002,10.5273,0.008995769999999998,1116576.798040995
7.533333333333333,206315.0,28,0.0029498525073746312,1753.8271552110184,11.499053846153846,679.37459637651,4339.8866962946895,27.634942440000003,10.37928,0.016521360000000002,221974.68082847382
5.895061728395062,241880.0,53,0.0020942408376963353,2052.3942669771563,13.211894444444445,111.17901023536801,2646.0548161000106,42.758189395500004,13.67328,0.016594352999999996,903344.2967434344
5.650602409638554,200000.0,29,0.0,1004.9949701965377,8.263938983050847,223.31380308444002,4354.934086874043,78.926628246,9.818340000000001,0.018228420000000002,832723.7235590724
9.395604395604396,183186.0,23,0.0,1863.0261173591282,11.044035000000001,555.8443496188951,9871.929807623661,93.61149319500001,7.328099999999999,0.024401057999999986,534299.2429608793
8.173469387755102,184819.0,24,0.0012484394506866417,1768.850314349112,12.734923170731708,568.5570028554681,9118.214701954797,89.7934884,7.450140000000001,0.019681976999999986,610342.8857406847
4.852631578947369,161080.0,48,0.0,913.3381366108638,11.055301886792453,674.9841896953599,14238.168729456002,141.37697371500008,7.5887400000000005,0.03922359600000001,269860.42347971315
7.294117647058823,155172.0,22,0.008064516129032258,1000.5701545778836,11.285352727272727,265.65839991382006,5826.549093039001,78.4355936595,10.78224,0.016583219999999996,995536.9038355949
5.907692307692308,167313.0,59,0.0,750.1201912493726,9.78816,477.51143097944,6521.418013878949,89.642561931,7.555440000000001,0.017671400999999993,565760.9289210715
6.611111111111111,169677.0,58,0.0,802.465022485207,9.152314285714285,452.2945147553139,6921.708469777921,92.124069408,7.797840000000001,0.02002104,570781.8817415737
5.663551401869159,229264.0,19,0.0033003300330033004,1226.7730034722222,9.759090410958905,375.0024882435,4858.19021321216,46.12244325,9.3381,0.02153424,403063.4232563939
6.2125,161783.0,54,0.0,1153.9446271929826,10.535585245901638,247.82526385069497,3921.4967761023468,244.40172095,11.840219999999999,0.017370044999999994,706180.1924201392
11.017241379310343,208133.0,66,0.003129890453834116,1052.6273682722217,11.365792105263155,447.789133719234,4628.232310296107,71.23002164100001,9.97677,0.013145219999999999,599037.1760965742
5.46875,198906.0,27,0.009523809523809525,1220.9278846153845,8.352534246575342,405.714101945724,7504.239702955683,108.48183379800001,10.1502,0.028864800000000006,700481.8323892595
6.743902439024391,171425.0,29,0.0018083182640144665,1200.6242845993756,10.474942028985506,254.9522856424,3609.7164712627186,98.19483514200002,11.39058,0.011858441999999993,947504.6472920759
6.355140186915888,203653.0,24,0.0029411764705882353,1555.4699271592092,10.443325301204819,327.01184494776,7517.1726552387945,132.57846071100002,10.66812,0.023386500000000005,885128.6122845825
11.3,196186.0,21,0.0035398230088495575,1013.3328774425228,11.162544776119404,263.557278484395,5704.188358196858,163.686403923,11.22753,0.01372561199999999,1311972.8728844842
5.588888888888889,196813.0,32,0.0,1040.6015343189551,10.680091803278689,422.59875271876797,4384.541408749477,79.0300020585,9.558300000000001,0.01081267199999999,791072.3325843167
8.666666666666666,196373.0,43,0.0,1119.1622079581286,8.01956170212766,406.602912579948,5790.671579471673,85.685621091,9.07431,0.01380897,753294.2935589628
5.721739130434782,200100.0,32,0.001519756838905775,1473.893536340132,10.436379746835442,234.38295046768,3859.345541738266,92.456948634,11.522430000000002,0.014504105999999992,930247.9583918046
7.25,225560.0,26,0.006674082313681869,1811.7572639863686,10.796561904761903,622.97422247008,11343.90344474489,72.08298499200001,2.8097100000000013,0.017394174000000005,552276.4514143252
6.4361702127659575,168034.0,57,0.0,1539.0902646502836,13.177290322580646,230.02730690662398,3124.269971202032,68.1904473315,11.417520000000001,0.009497160000000003,893171.047286847
5.225,197760.0,54,0.004784688995215311,889.7844462355591,9.508779310344828,539.215562993184,8301.578378106939,63.14327922000001,8.65689,0.021075750000000008,495565.22862355056
7.983606557377049,168034.0,57,0.0,1104.753431768045,12.598391836734692,312.71275010304004,4810.66367546898,204.541108065,11.42544,0.02075065199999999,602913.373144149
6.592592592592593,192840.0,33,0.0018726591760299626,1293.471663157895,11.795574545454544,435.315525571196,5510.884029000242,293.495205,8.95302,0.014898944999999999,769674.8440194818
6.82,171194.0,58,0.0,553.2591796875,8.038466071428571,467.577830652404,6185.053001648998,89.58999186000001,7.140510000000001,0.01411516799999999,608750.5670801146
5.216867469879518,148875.0,47,0.0,1056.3743154152974,10.934693333333334,198.004294866504,3039.721067743993,65.75529486750001,12.985560000000001,0.025227720000000002,621671.1196270303
5.058252427184466,179996.0,43,0.0,1151.0419752895812,10.67219420289855,348.53719027564796,7588.925620260627,50.15711555250001,11.47155,0.01912239,666396.4630983147
8.07843137254902,150400.0,38,0.0,943.7231451569584,11.67270909090909,286.802425137312,3832.7384462742716,224.99820882000003,12.8943,0.020772575999999997,718044.9623237906
5.2625,162426.0,27,0.0,938.036627875434,11.518177272727273,544.8859433829241,8359.073734417201,60.596706390000016,7.08129,0.026258076,389915.4859960389
6.945945945945946,196813.0,37,0.0,1220.4804368858586,9.333383333333334,591.6181640673659,8227.732859265665,74.32137173400001,5.62764,0.014697660000000006,576341.6674367932
6.761904761904762,163300.0,52,0.004694835680751174,1038.7351716961498,10.549151020408164,365.995338962078,4214.627782505822,327.04738006,9.31812,0.01307249999999999,784184.8289858478
5.8,238693.0,41,0.0019157088122605363,993.1600998201997,8.15418947368421,334.8488719744,4558.049748034968,267.6299978,7.982010000000001,0.013352328000000005,709785.7615688482
7.652777777777778,179960.0,22,0.0,1128.4388343042174,10.250174285714285,744.2906451233039,11758.674713588054,73.52294726700002,5.40513,0.022961129999999993,434729.45724959695
9.33783783783784,195906.0,27,0.0,1089.2343083294488,11.326198717948719,422.79280184257493,6582.700144350002,95.95044373500001,8.1795,0.017287809000000005,665851.0491428063
9.865384615384617,192733.0,21,0.0,869.7589285714286,9.071801470588234,658.8508170143249,15247.915314361042,95.40259579500001,4.73118,0.03304577699999999,499876.5165972102
7.507462686567164,166946.0,32,0.0019880715705765406,1121.8831762197065,12.647548076923078,920.4164749294501,10142.047657492738,59.27214887550001,4.8839700000000015,0.01434407399999999,471307.83509187604
6.142857142857143,202352.0,51,0.007751937984496124,860.7962962962963,9.323723076923079,415.63574203401004,5956.2859487968735,126.53285851800001,5.252100000000001,0.013668795,765570.0246877169
9.365853658536585,233026.0,50,0.010416666666666666,1537.4360236686389,10.93945806451613,533.43926290915,9884.542356817632,40.506537547499995,9.48546,0.028886549999999993,348915.4671177343
6.056179775280899,194933.0,28,0.00927643784786642,1112.2986777987649,11.4489375,752.640878429115,13574.064929041326,29.590636076999996,14.8904,0.02954331599999999,226523.42555104202
5.616161616161616,172120.0,18,0.0,1339.0087504805845,10.853658064516127,634.3036716643899,6977.030493189119,59.59592865000001,19.809000000000005,0.018083735999999996,403065.0798051227
5.596153846153846,192712.0,65,0.005154639175257732,1329.4386723731332,8.828168674698794,481.4356254155,6325.055055239998,114.68069418750001,7.445340000000002,0.015933503999999994,681947.7727182165
8.48,180444.0,61,0.0,884.5464910453978,8.119947540983606,756.93563263098,10149.197490276092,171.41051900000008,5.558820000000001,0.025699247999999987,1102922.0528873135
6.823529411764706,152250.0,34,0.0,1081.869951083553,11.425763265306122,490.313308412352,5971.185864544994,345.80367584,8.20401,0.015800064000000006,738145.490975143
6.021505376344086,240066.0,16,0.0,1176.6990397805214,9.404164383561643,556.532245001109,11667.399233588347,75.25869918900001,21.656800000000004,0.027270944999999987,523481.4899539266
5.958333333333333,202106.0,35,0.0,813.2919623241837,7.89096,478.12026467721597,4944.071018585242,297.949915305,6.609420000000001,0.03766451999999997,719240.818174012
5.426966292134831,209706.0,18,0.0,1114.3217460071028,10.970729411764706,383.95891142784,6377.529042320039,332.176990005,7.99767,0.019328039999999987,713263.2834428637
6.375,160975.0,45,0.0,812.063503866746,10.162876744186047,464.90063003716,4806.650464230279,88.46941433250001,10.31763,0.019692458999999995,570605.7248079238
5.373626373626373,194373.0,15,0.002044989775051125,1083.8342649101971,10.201471428571429,501.32116666160107,9779.838617904,294.84922709000006,8.93778,0.021489275999999998,715372.8297455626
8.11111111111111,225826.0,38,0.0,1080.3837932948356,8.733891764705882,486.02683368008,7270.9129245197355,74.7862025775,8.41197,0.02236679999999999,491325.98014909413
5.033333333333333,217866.0,32,0.0,854.1501176242591,8.737866666666667,463.56296211148003,7140.198829599665,326.05557915,8.25465,0.019304735999999992,701336.2177712917
6.625,225600.0,17,0.0137221269296741,1198.6013996479926,10.463992647058824,372.60690749626997,5089.823863579969,247.718400185,7.6715100000000005,0.013790816999999993,658411.1466170031
5.552083333333333,182306.0,18,0.0,1174.8018811099596,10.80872419354839,419.68343364047104,7908.860049824159,54.42621658500001,7.6775400000000005,0.01693476299999999,640426.1395351572
6.56140350877193,164573.0,22,0.00267379679144385,835.3495411976161,8.53143396226415,532.9291633192801,12566.040365039617,73.01259990900002,6.79122,0.03280581599999999,480623.2659195763
8.78048780487805,171194.0,54,0.0,507.7563822677655,9.74775,480.281834110547,6674.8470463546255,97.98761053200002,6.61053,0.016028279999999992,577618.904404419
5.491803278688525,183461.0,55,0.0,699.4928834008861,7.70299,406.04186031089193,4023.8392910441644,114.379832589,6.90927,0.011623940999999988,722030.8674514495
5.873239436619718,142798.0,41,0.0,984.3896480359639,8.66229152542373,261.317923679424,3045.1556478719995,105.76833903,11.419379999999999,0.01607428799999999,680409.3190536136
7.833333333333333,153000.0,59,0.002127659574468085,969.0629141304105,13.34240476190476,434.42860172982193,5133.180169222897,253.65278340500004,10.07697,0.020375064000000005,575934.2461824031
5.3478260869565215,253973.0,14,0.0032520325203252032,1417.7205601357978,8.98632142857143,366.805661125302,7648.568220019581,105.585623442,8.29923,0.019493459999999983,811425.1656123715
5.416666666666667,216813.0,12,0.010256410256410256,680.085711435609,9.877463414634148,146.230752511536,3644.7579821081517,131.41329411000004,12.262050000000002,0.03390659999999999,481240.545176341
6.27906976744186,120306.0,13,0.0,641.3682331945272,8.556750000000001,288.094928291136,3564.47132193953,65.28974108400001,10.59912,0.019330530000000002,545536.8199976685
5.709090909090909,196293.0,12,0.01751592356687898,1455.8597658960316,11.214405333333332,515.8329887669998,10528.13219409101,115.712136,7.7445,0.020397581999999997,736832.0799070497
6.1063829787234045,293426.0,10,0.003484320557491289,1308.4365432098764,11.249530303030305,540.23984625325,6417.277266291934,251.8682858,8.200800000000001,0.016589807999999987,546737.2758932698
7.830508474576271,192000.0,39,0.0,978.4750576701271,7.5999,453.40941696050004,5424.893018549998,92.74759534500001,7.333290000000002,0.014231285999999987,664478.5263334156
5.197802197802198,183520.0,19,0.004228329809725159,1022.4546494463193,11.036363461538464,728.8491221091631,14271.396891971897,70.71168885300003,11.1875,0.026445860999999987,440232.79647885304
6.771186440677966,210360.0,17,0.0037546933667083854,1851.1496038015896,12.289197590361447,770.83681517089,11946.940076788747,57.522144654000016,14.525300000000001,0.02123497799999999,396324.7628875863
7.407407407407407,86524.0,42,0.0,510.2408351393425,9.788571428571428,316.54200772854006,4775.268110158122,357.7988846250001,9.81507,0.02371093799999999,685812.4982559903
7.178571428571429,164124.0,46,0.0,1038.9522035483978,11.250518181818183,431.563352794328,8120.380428407038,99.86473874400002,7.671900000000001,0.01846076999999999,791320.0078697108
7.28,227184.0,41,0.0018315018315018315,1451.8915181228215,10.33116,138.02059926610198,2324.614588295998,73.5551965395,12.79554,0.011719019999999986,1013257.8409344646
6.465753424657534,143157.0,44,0.00211864406779661,1177.2816256727529,12.492266666666666,793.9766041309801,11852.230306055371,61.526973330000004,7.729710000000001,0.018778583999999997,448101.918495582
5.804597701149425,167962.0,48,0.0019801980198019802,1179.6483777300846,12.303636363636365,478.37747308159993,6503.3896914896,324.22229592,10.562700000000001,0.017612543999999994,745038.6043857278
5.589041095890411,197727.0,41,0.0,822.0169403251008,7.177536,539.215562993184,8301.578378106939,63.14327922000001,8.65689,0.021075750000000008,495565.22862355056
6.577319587628866,247760.0,26,0.003134796238244514,1384.5959521247983,11.371353125,426.92040133558197,5356.764890298955,229.81432666500004,8.00058,0.017944065000000002,553672.2267960331
6.157303370786517,197466.0,10,0.0,1184.4362183052126,12.192550819672132,483.704202286656,6202.73693040885,236.62538732000004,8.6952,0.015358835999999999,546495.6230530966
6.206896551724138,217291.0,25,0.0,1006.6151100535395,10.826129032258065,457.4100633597,8403.1382095825,238.15049880000004,7.50372,0.020545163999999994,599989.3648889384
6.986111111111111,196906.0,11,0.005964214711729622,970.9284878412614,11.075054,624.048387180174,8419.704624489743,22.35820850550001,15.885200000000005,0.02962631999999999,147538.23336156088
5.783018867924528,229746.0,12,0.0032626427406199023,1239.3316168703789,10.421796103896103,599.598063590526,10009.555927535917,37.815595038,6.18276,0.020819370000000004,336256.729040765
7.842105263157895,113421.0,5,0.013422818791946308,591.3714328180738,7.189870833333332,380.43015983778395,4805.177319762192,64.417646355,8.52606,0.018344528999999995,513508.29701617104
5.534653465346534,214277.0,10,0.0,1206.5360408520887,11.885124561403506,462.2867728762221,5665.373880330273,171.46631297500002,9.832980000000001,0.01953705,504688.14130892593
6.824324324324325,162053.0,13,0.007920792079207921,997.0210002776196,12.218029411764705,586.9893595542119,5318.2064659554835,51.35434056900001,5.365230000000001,0.011905019999999995,426689.92403571465
6.168674698795181,183346.0,12,0.005859375,819.7660631309086,10.74944,261.12715485324003,5128.943022963143,79.128465807,10.847879999999998,0.01931336399999999,740980.2536885806
5.404761904761905,169420.0,5,0.004405286343612335,1021.655805039809,10.25482456140351,520.231038855,8794.994189682871,230.52525606,7.91592,0.02163956099999999,530259.1416375202
6.180851063829787,203011.0,7,0.0034423407917383822,1023.8506514773941,12.730238181818184,555.2200474730911,7338.02853763848,75.288909762,5.914890000000001,0.019818158999999995,466337.58656845766
6.9375,167912.0,7,0.006756756756756757,835.8293396787627,11.297238461538461,624.13357825476,11132.614772627092,244.11356175000006,5.872560000000001,0.018734174999999995,568903.8812459821
6.7444444444444445,232160.0,11,0.0,1220.09377002492,9.862830303030302,563.54093065536,10626.390095639668,64.59008844,17.0512,0.03199181999999998,397283.0856386439
7.094594594594595,237386.0,18,0.0,943.9367279517379,10.5697265625,293.1792505428,5931.420260776984,55.79377553250001,11.743409999999999,0.019927400999999994,783278.0235602634
6.944444444444445,177333.0,5,0.002,1124.942680583457,12.202727272727275,551.839902516636,9213.493604811838,233.16825676000008,8.05239,0.019856231999999994,544038.9722233928
6.0,230246.0,12,0.011784511784511785,1160.1435185185185,8.582914285714287,826.3634779611962,13935.142369505678,40.90960224000002,19.358400000000003,0.041603436,224103.933191932
5.148148148148148,105830.0,10,0.017985611510791366,516.2376085987971,11.815926666666666,299.851627599577,4017.5176541283004,70.611718515,11.20437,0.015906159,687472.885118645
8.743243243243244,262338.0,18,0.0030911901081916537,1349.8013213213214,11.114535714285712,594.470203905825,8356.885331446787,66.19575757500002,20.108200000000004,0.024859800000000005,377064.8394746566
4.714285714285714,215253.0,7,0.014354066985645933,1310.5207465639317,11.357896,477.043897535902,4480.204277689461,181.62194324,11.53533,0.013688477999999999,602309.9574125198
5.78,229440.0,8,0.0017301038062283738,1157.804154882769,9.224246575342466,600.6228683364,8128.009939316613,165.90705117000005,5.996250000000001,0.018409950000000005,456196.6090263296
5.847328244274809,235722.0,11,0.0,1368.3949938964524,14.91109117647059,659.644667180499,7718.7169351098655,274.56825539000005,6.139170000000001,0.015377768999999996,519857.7714326532
5.294736842105263,208093.0,8,0.0,1165.372693628809,10.918825925925928,451.5163961141419,5472.787207355516,93.79127147700001,21.4322,0.014410151999999989,650930.4173375146
5.692982456140351,201449.0,9,0.0,1177.0385321884742,10.75028493150685,471.02837323146,4788.3793278502835,110.14104502500001,19.137600000000006,0.013008995999999988,590263.7096636066
8.210526315789474,184426.0,9,0.004273504273504274,797.8172124138624,9.4263,616.15028203184,9890.18174403332,61.384353672,15.999600000000001,0.023394987000000003,401790.4103817212
6.174418604651163,194243.0,8,0.003766478342749529,1113.1207936533956,15.386651162790699,407.27477269528,6720.059991454271,194.72199523,8.7741,0.020630807999999994,527196.0951114116
6.745283018867925,215373.0,7,0.009790209790209791,1519.7411097520853,11.069578313253013,510.33226387239995,10271.726964192614,129.29886119100001,20.118500000000004,0.026269757999999997,528242.7638947553
5.546153846153846,223226.0,5,0.006934812760055479,1342.2287909211516,12.697513414634146,560.40884269279,12487.12770730491,47.9029823625,9.530190000000001,0.018685002,594252.273319021
7.7,121549.0,5,0.0,735.8737997256516,9.853433333333335,425.09913060357604,5641.618421801119,50.192398932,11.750820000000001,0.009332327999999994,727575.9522989793
7.414285714285715,156640.0,9,0.009633911368015413,996.6179251063531,11.520040677966103,559.1013797554,9329.7530154972,78.50843329500002,19.1338,0.021626927999999986,446477.01725281385
8.848484848484848,88906.0,7,0.0,531.379769344104,11.18725,731.94948694452,12055.164829809983,195.14818719500002,5.544510000000001,0.03998693999999999,232540.58448912052
5.918918918918919,105250.0,5,0.0,450.17904031065086,13.922925,380.97329621325,7626.607150214778,43.93950777450001,10.727730000000001,0.03134262599999999,409127.6953454532
5.807692307692308,111413.0,6,0.0033112582781456954,613.9920987654322,12.06533142857143,388.731314568816,5663.162576093485,56.95423251900001,11.29161,0.016766912999999994,590637.7749565188
5.589473684210526,222069.0,5,0.0,995.4012492563949,9.576253125,489.23255882253994,8341.494922719397,91.28604381000001,15.419200000000004,0.028175201999999993,395267.492876492
6.311475409836065,138582.0,8,0.0,854.3369044720397,12.413902439024392,538.31422967168,7488.851363445099,326.8801107200001,5.172090000000002,0.041335000000000004,693059.5684185025
4.564885496183206,214802.0,8,0.0,1444.7241790458556,6.89715,232.496938542924,2328.68453726844,335.35161528000003,9.696720000000001,0.012693422999999995,662112.780500642
6.809523809523809,119906.0,23,0.006993006993006993,885.8469284727388,9.03318,380.43015983778395,4805.177319762192,64.417646355,8.52606,0.018344528999999995,513508.29701617104
7.571428571428571,188212.0,26,0.018867924528301886,751.5581973875419,9.53882222222222,253.40206904922002,4333.029411549441,23.414818339500002,11.64684,0.020804736,466141.2752652482
8.8,247760.0,26,0.0025252525252525255,761.6001306122449,8.066378571428572,426.92040133558197,5356.764890298955,229.81432666500004,8.00058,0.017944065000000002,553672.2267960331
5.425,188154.0,7,0.002304147465437788,807.4634605186737,10.356108,566.531076232215,7352.760088762085,90.52057244699999,21.851000000000006,0.020654654999999984,519530.28009108413
7.688172043010753,223226.0,5,0.004195804195804196,1626.0551354514441,9.975912790697674,489.127330456128,4647.744245585282,85.96982829600002,17.790200000000006,0.011129040000000003,593817.3373903346
8.157894736842104,176000.0,78,0.016129032258064516,1122.4009083762774,13.740865671641789,608.6211188549311,10487.663326071679,49.491927282,10.5333,0.01557094499999999,609898.9630022313
4.647058823529412,141791.0,2,0.0,691.6411377777777,8.590132075471699,687.1934780807521,15998.023649371795,104.64023269800002,6.4834499999999995,0.03943219199999999,544688.9886790744
6.422413793103448,233386.0,27,0.005369127516778523,1546.8464517186842,10.781214285714285,581.7902226962669,3779.648992011182,118.147245552,21.1451,0.005916225000000001,888711.8869268805
7.159090909090909,208000.0,28,0.006349206349206349,1577.3914653648683,11.541782608695652,477.8690291439659,9131.144379276288,40.09958524800001,9.06639,0.02171578499999999,513307.4036159701
5.73109243697479,216399.0,27,0.004398826979472141,1179.456721111014,12.553286842105262,138.846830631579,2263.1115474128383,47.04771802500001,12.11034,0.00689356499999999,955290.6258103652
6.183098591549296,216493.0,27,0.0,945.0633872776799,7.136043283582089,323.449714246842,5431.056015481966,87.18483017400001,10.241790000000002,0.022407381,761368.0969052253
4.702479338842975,134120.0,29,0.0,1240.81625910408,13.963645762711865,820.3363169898599,14228.333443184,127.29030165000006,9.69324,0.020135115,1426535.4028122395
7.7164179104477615,181894.0,31,0.0038684719535783366,1193.8260955780288,7.08026224489796,835.694067356564,16805.84623535765,64.930811637,6.61092,0.02561827199999999,487275.86654119164
6.714285714285714,169453.0,33,0.0,720.6328791294972,10.973353658536583,556.0486971759999,9624.58392746167,32.110083915000004,10.76943,0.027663119999999996,328681.9211949069
8.746478873239436,226626.0,22,0.014492753623188406,1336.2932007524857,11.619188059701493,611.84588532896,7427.541600125264,128.18090963500003,9.2715,0.020620703999999997,386558.9824030435
6.69811320754717,202186.0,16,0.0,774.4024615384615,9.910179999999999,476.18783328389,6020.529993885793,69.86144119500003,11.36595,0.012531984000000003,890689.0853389269
8.191780821917808,184626.0,17,0.0016722408026755853,1486.2507503001202,13.586746875,806.354842091904,12968.156315314527,81.97628922000001,9.463230000000001,0.016804014,737962.627858671
5.675438596491228,173555.0,24,0.0030911901081916537,1475.7270821005923,10.151950574712643,747.293584216817,13261.666801454207,119.32391120000001,10.85496,0.028990628999999997,383339.9838813743
7.584615384615384,199053.0,11,0.002028397565922921,989.8884507042255,9.587114084507043,423.69359365564003,10746.28761947212,101.551105656,11.61147,0.022650075,1041663.5355172724
6.8,177354.0,10,0.01809954751131222,1011.4763938481643,11.0415,479.1418905408,6905.343324174133,75.36515451000001,7.62609,0.015545652000000005,618992.6287636167
6.966666666666667,219512.0,29,0.0,913.3411492150586,10.473139285714286,710.809505667504,11774.795838479098,155.73885317000003,9.173340000000001,0.019944560999999993,476765.083282976
6.372881355932203,151693.0,17,0.0,734.7594645754463,9.329072727272726,241.83372308201996,3575.5927654010143,56.176673475,10.977450000000001,0.02055397500000001,584092.2321660189
5.157407407407407,202000.0,3,0.005385996409335727,1291.6637931034484,9.898586250000001,825.487308680265,10751.771297410418,133.56134469000006,11.19375,0.021288624000000003,1403430.5118404708
10.5,220213.0,25,0.010582010582010581,1694.0505786911845,12.408666666666667,580.011247165995,9649.132986338496,82.19621950200003,19.693400000000004,0.013361226000000002,778853.0150156518
6.794871794871795,135373.0,9,0.0,505.42801141104997,9.684051282051282,589.008511909692,15072.689143510555,169.82061516000005,10.654349999999999,0.02459979599999999,638126.0054680606
8.64,285094.0,18,0.004629629629629629,1951.6242898623914,12.5379,630.747613982148,7048.340538941647,136.97471660850002,6.58761,0.011677829999999997,717450.5160096114
6.011494252873563,276173.0,14,0.0,1077.9561979708635,10.740593650793652,539.722167193298,10726.719345761761,132.41196739000003,10.43415,0.028293911999999997,464652.20627789776
7.768292682926829,171502.0,15,0.012558869701726845,1372.0975183364837,12.891755882352939,479.737144495168,3521.1849938136593,55.50299617200002,8.89179,0.007251587999999993,615708.8660861863
6.532258064516129,270746.0,17,0.013580246913580247,1543.62215930597,12.221376237623762,574.2388372847629,12262.00970931446,31.54785757800001,9.91716,0.015629489999999996,442521.7526834627
6.2611940298507465,192600.0,1,0.007151370679380214,1639.7994355477592,10.689358415841584,454.30648747439994,4687.539306468591,42.457152375000014,10.52079,0.015517332,480628.756496549
6.079470198675497,256134.0,5,0.0032679738562091504,1808.267362237832,11.07005046728972,667.1999180938741,8801.130872494698,44.51161399350001,7.429590000000001,0.024211923,300271.5749524216
6.866666666666666,224000.0,31,0.0016181229773462784,1366.1017003871198,10.456876923076925,581.9960101123321,8572.216436683202,146.83880684250002,5.446739999999999,0.016231319999999994,678504.2180535232
8.55072463768116,191213.0,24,0.003389830508474576,987.051754526518,12.24434375,412.68187799121597,7087.125191512869,96.346899576,9.55491,0.014587397999999991,935320.677398396
5.968421052631579,239573.0,64,0.001763668430335097,1305.415641081282,13.320719999999998,517.931769737312,3931.01087572067,392.4512314450001,6.418050000000001,0.017431440000000003,899930.8693134761
6.228070175438597,226371.0,11,0.0,794.5666153270507,11.0121,512.5338421404299,6448.997475196318,93.40755067500002,12.3213,0.017286929999999995,464155.14938438684
5.880952380952381,240799.0,13,0.005398110661268556,1508.434488888889,10.383771428571427,524.3333228761919,9709.235458040836,394.0974512550001,6.40422,0.020373408000000006,683020.5748447508
5.929577464788732,167821.0,40,0.009501187648456057,938.7017766497462,9.961190196078434,467.929789023664,3683.918369438556,88.83511004100001,21.160400000000003,0.00967941899999999,609062.1829340903
6.472222222222222,224351.0,13,0.001430615164520744,1410.4050925925926,11.407856962025315,483.472667995944,5859.633701558213,166.62795399900003,6.50973,0.012576989999999996,784727.3416368009
7.065217391304348,205724.0,20,0.0015384615384615385,1309.70833911796,13.608359375000001,666.168523152426,8192.762818196397,148.690525545,8.5617,0.017820944999999984,1371809.1497661541
6.928571428571429,200514.0,61,0.0,1011.2687637038288,11.533957627118644,710.809505667504,11774.795838479098,155.73885317000003,9.173340000000001,0.019944560999999993,476765.083282976
9.527272727272727,193399.0,14,0.003816793893129771,1288.7644534397782,9.063658823529412,770.2391165070039,9389.782360326144,110.70863010450002,3.6533700000000002,0.024202529999999993,424739.48257486837
6.686440677966102,215506.0,18,0.01394169835234474,1631.9762883552314,14.958312857142857,601.432855741718,5813.162155305677,279.59484176000007,10.067790000000002,0.012294663,815997.396099708
6.366071428571429,235798.0,12,0.008415147265077139,1552.8784487534626,12.103175,754.7912028518401,13925.609257615024,102.722291271,5.455650000000001,0.02081628,602215.2730631066
8.867469879518072,226146.0,19,0.001358695652173913,1357.8634587113197,11.253097674418603,659.670299733123,12465.69403704426,69.25944513600001,7.96356,0.024267494999999997,555908.4747221689
7.881578947368421,222933.0,13,0.001669449081803005,1162.6147977896228,11.352898765432098,724.39531222208,9852.73656632087,118.89887496000001,21.4035,0.007830432000000003,888294.0612089259
6.701754385964913,286000.0,7,0.0,1102.3798057917472,8.154618867924526,308.94635396989196,7772.473463929903,56.13390709950001,9.81732,0.027726659999999993,656581.1691509106
9.466666666666669,137694.0,9,0.009389671361502348,923.7904400042512,12.476474999999999,499.78634860519196,2494.0168102785606,101.76859593900002,7.0561500000000015,0.003893771999999999,798345.7228427181
6.428571428571429,224351.0,13,0.005128205128205128,1292.746752238497,11.7378,300.37168099587,2205.8500334456758,63.47404642500002,9.35025,0.004426506000000002,1003036.5479607655
5.2265625,244399.0,8,0.0,1301.999502713726,10.326311392405065,482.847384465628,9340.420116646712,137.107200036,4.731840000000001,0.019475249999999996,712662.6331693341
5.407407407407407,232986.0,45,0.008561643835616438,1301.7556406981694,10.62456811594203,645.51669393816,8778.560576470309,222.85919565000006,7.65765,0.017143379999999993,626400.8745701009
7.6,223799.0,10,0.0,1286.4801167133398,10.2786675,855.48260063745,14848.393311703347,66.31198346999999,3.49932,0.021480584999999996,469070.0548239327
8.5,230504.0,8,0.0017301038062283738,1239.3608796366955,9.960096,750.220598132352,13908.669464341467,95.55124440900002,17.626400000000004,0.02513513999999999,530515.215302837
6.826666666666667,244482.0,9,0.009765625,1019.5759837207564,9.572977777777778,673.377566166228,10717.961204932219,116.84398383,7.05708,0.020074877999999994,638476.6721219855
8.214285714285714,229320.0,7,0.0034782608695652175,1345.0978773065574,11.784214285714285,738.0845317401121,8435.836208961533,103.19593421550002,6.655349999999999,0.012369923999999987,614605.2070089717
8.075471698113208,192795.0,4,0.007009345794392523,1020.020327647848,10.611977358490568,234.73050859220402,6130.501069243657,134.486716365,12.417629999999999,0.02233395,739800.6355097438
6.571428571428571,110434.0,9,0.01358695652173913,739.8496948095343,11.510036363636363,479.737144495168,3521.1849938136593,55.50299617200002,8.89179,0.007251587999999993,615708.8660861863
6.032608695652174,206066.0,8,0.0036036036036036037,1188.0748152425335,10.604881578947367,902.7402808656959,17424.548468936497,71.91018298800002,7.230600000000001,0.022462008000000002,473985.0033719212
8.11320754716981,210279.0,3,0.0,985.6480346875294,8.267944444444444,304.29389177646,6488.094391086784,4.845959352000006,10.340580000000001,0.03665572799999999,85289.95962190408
10.0,184615.0,17,0.0,1260.4680537669358,8.506235294117648,319.731404284488,5970.1622008168,53.614582299,10.150230000000002,0.016006127999999994,703276.5149152095
5.4818181818181815,234000.0,41,0.009950248756218905,1175.9270048105534,10.341822222222222,536.382602073136,3659.236482991783,112.50415185450001,6.409320000000001,0.0056525399999999984,789661.6176878554
6.670588235294118,177679.0,11,0.003527336860670194,1192.770993236027,11.097253125,827.9792052130559,6961.6322906255555,87.28671946800003,17.580000000000005,0.014043456000000006,500556.40126694145
7.785714285714286,220720.0,3,0.009174311926605505,830.307840058888,10.373312,455.68989187904003,8246.546647684798,159.2951815,6.640500000000001,0.021827231999999995,450798.64071002335
7.803030303030303,235666.0,32,0.001941747572815534,997.4574582696615,9.791754098360656,158.838613884756,2461.831332193817,52.379820889499996,13.1361,0.013421790000000003,1008392.8751926405
6.231404958677686,280125.0,4,0.002652519893899204,1590.5828983807141,9.680260416666666,209.308003646625,3292.5870165059337,44.441939295,11.74857,0.015002729999999997,687888.6277201779
6.644230769230769,216433.0,8,0.001447178002894356,1476.6633459106476,11.721634177215192,496.02127272867006,1949.5692521991016,102.12091041600002,7.857600000000001,0.004661118,653705.994009648
8.405405405405405,184615.0,17,0.00964630225080386,590.2525320290858,9.320997368421052,261.28763721614405,1898.45887520448,89.11129806000002,8.020890000000001,0.005781509999999996,840516.4250099848
6.238095238095238,197760.0,47,0.007633587786259542,1884.970763265306,9.678804000000001,562.247880719672,4657.658766879493,77.99185396350002,15.562000000000005,0.010319789999999987,524548.2514661558
7.227272727272728,180626.0,13,0.009433962264150943,659.7316842470756,10.971775609756097,531.229673977926,3973.424880950381,84.94642270799999,7.24032,0.006938945999999993,639377.1697791459
5.416666666666667,177679.0,11,0.0,1488.4512369024737,7.082977777777778,390.13802266046406,5162.966220942286,24.085611063000005,9.96678,0.01695266999999999,378203.8801409226
7.345238095238095,176470.0,10,0.0016207455429497568,1563.4717431302236,10.793440789473683,163.79146730912998,2897.741574473089,46.46275662450001,14.45646,0.014337516000000003,1177794.1095324156
5.6117647058823525,225080.0,2,0.0020964360587002098,1004.9464735785382,11.7945,406.111429312635,5844.080509883965,252.36473929000005,8.725980000000002,0.015315434999999988,630779.728879913
7.887096774193548,129149.0,3,0.016359918200409,1079.1132673657776,11.788456363636364,685.7077845926099,5937.680663501728,59.47748919000002,6.5082900000000015,0.01210135499999999,443533.5990380025
5.704697986577181,254946.0,3,0.001176470588235294,1808.1916712273119,11.938857142857144,688.8368970624961,12730.67352956464,66.75942627900001,7.248840000000001,0.01491892799999999,590117.4977152941
9.071428571428571,182973.0,4,0.001968503937007874,1096.3928191655718,7.9441842105263145,631.621044249,3399.608016730464,70.63675320000002,3.34122,0.007925171999999996,433471.4498157352
9.857142857142858,232000.0,55,0.004830917874396135,1043.4802989130435,11.192330769230768,637.805759537232,8196.741749622814,209.17932087000005,10.5426,0.016274567999999996,637075.6262659935
8.28048780487805,246000.0,31,0.004418262150220913,1460.8369270366102,11.649829333333333,253.77853345936,3980.6894875076987,75.66552357,12.45804,0.012806747999999995,1153144.099460207
8.64367816091954,226673.0,4,0.009308510638297872,1571.1283270233198,10.084973913043479,544.143629245688,5195.752531829722,58.870992993000016,5.71368,0.01126805999999999,512577.4134852134
6.697368421052632,224000.0,31,0.003929273084479371,1132.9231438629802,11.437722580645161,605.221127981064,7629.108815214,69.63703176150001,11.61192,0.016994831999999998,752958.9021768314
6.661016949152542,219512.0,29,0.002544529262086514,840.1900923801846,8.178687272727274,177.75974844334002,4870.0116724491145,117.03932520000004,12.36165,0.026258417999999985,684064.4376036403
9.423728813559322,282790.0,15,0.0,1649.4851973941163,11.550451612903226,245.45257812992003,6430.726777088158,248.99055533000003,8.854500000000002,0.017242919999999988,758392.0554815149
6.586206896551724,211417.0,63,0.0017452006980802793,1247.727928216632,9.825312857142857,530.412387530394,6855.501285321382,86.26548861,7.030349999999999,0.017448717,609979.1007777144
9.310344827586206,201328.0,49,0.0,1003.9976541026942,12.081461538461538,296.9509172994,5306.432464273895,391.1025262950001,8.505270000000001,0.013989269999999993,1000496.2596683077
10.306666666666668,246000.0,46,0.00646830530401035,1438.0397755456347,12.347386666666669,299.90492967852,4021.1123703532794,137.15172485550002,7.9557,0.009071243999999994,1103208.2459030894
5.196581196581197,258200.0,32,0.003289473684210526,1088.065323999115,9.478969863013697,350.477360730336,6902.905026247632,101.965016223,8.56746,0.020693138999999996,815644.9638883318
8.695652173913043,251801.0,37,0.00875,1735.584700073528,11.676962025316454,490.657267627839,4627.3694262580375,132.269305308,5.287290000000001,0.010773839999999988,761270.4125260754
6.991803278688525,277821.0,31,0.0023446658851113715,1936.6441894075217,13.357157831325301,540.808140490344,10338.139562817953,327.44129043000004,6.624240000000001,0.019753370999999995,677236.3532251903
8.969696969696969,172592.0,57,0.005067567567567568,1094.6769820846102,13.25977931034483,501.52469090433596,6395.167932430705,296.008597625,9.9474,0.01708785,717022.6017889853
8.46774193548387,151546.0,51,0.007619047619047619,1245.4792160688248,13.253676470588237,324.98285324750003,7829.545735837799,109.89066369750002,9.84351,0.021228971999999985,852522.4538497672
6.1395348837209305,205958.0,32,0.015151515151515152,1433.074958462813,9.139746835443038,777.1643789553,11319.86126959296,166.51405505000005,7.40484,0.022130495999999996,1187711.0630524585
7.633802816901408,199390.0,50,0.00922509225092251,998.0829629629629,13.858523076923076,389.306302115952,5444.629828218765,347.26806582000006,9.673380000000002,0.012591431999999993,892783.8993463375
6.099173553719008,280369.0,29,0.0,1592.3636189362498,9.4141125,411.9299511266159,6978.842620229898,110.19138543900003,9.07707,0.017042718000000005,926595.9030704125
10.909090909090908,130593.0,36,0.0033333333333333335,1147.192022160665,16.27698113207547,486.121942570264,7611.760597641753,109.006874871,8.5932,0.011093826000000001,907996.1319454618
7.489583333333333,194104.0,36,0.0,1418.370405624662,11.644531818181818,421.466078475792,4660.993719539998,76.15661232000001,8.99874,0.008650355999999993,736468.9392685158
7.265822784810126,143892.0,32,0.003484320557491289,1095.2455418381342,15.199961538461539,668.52151343532,9922.086323842012,73.65544661850001,21.295500000000004,0.015589889999999992,564168.5449266727
5.181818181818182,194074.0,40,0.0,791.6273493333332,13.265215384615383,528.52208409624,12372.35207823608,103.08962292,6.97854,0.024461891999999992,675687.1825366535
6.085106382978723,196286.0,31,0.005244755244755245,1094.854204044341,13.028554385964911,654.33227026145,9615.76437295684,159.35107232000004,8.42907,0.024467651999999996,376666.2669418816
6.7,223325.0,29,0.0027137042062415195,1497.268267455621,13.023565789473684,941.6737639295999,10604.458949310721,130.52830752000008,6.70602,0.019392144,285478.36210017366
6.934426229508197,202142.0,40,0.002364066193853428,939.9227160460682,9.472007547169811,640.4722394273281,10841.961880505592,130.90861129500004,7.54512,0.03071417999999999,1051870.1879578042
9.26388888888889,201666.0,33,0.0014992503748125937,1355.0860824692425,12.059562121212121,314.45253159904,4753.588259435799,112.21636761600003,7.5327,0.011054229000000004,962870.6208932146
5.943820224719101,205636.0,27,0.001890359168241966,1022.6246816917603,8.416596103896104,383.41053065603205,5044.42148711155,97.85860239600002,7.335600000000001,0.01229687999999999,771524.6970619927
7.72,220212.0,29,0.015544041450777202,1566.6812751947846,14.477086486486485,916.0814995404211,16456.677698758824,53.12143702800001,15.473400000000005,0.019192173,426125.3022133231
6.338028169014085,197482.0,29,0.0022222222222222222,898.1056303529804,7.781428571428571,259.44062119903197,8154.012444833522,113.88186780750002,7.4160900000000005,0.022609349999999997,921407.479945719
6.69811320754717,178124.0,47,0.0,963.3920249498774,6.452522388059702,354.00996008286404,4941.58257032669,105.82445899200002,6.184980000000001,0.009583092,934222.0576763343
6.466019417475728,227168.0,22,0.003003003003003003,1326.7107974183734,10.828476923076924,596.896109250896,16015.951574387609,109.07178338550001,6.60783,0.030372264,671414.5814318976
5.646341463414634,252963.0,31,0.0,967.1479373306389,7.575441095890411,285.255157670472,4548.1673473965575,64.045698288,9.29814,0.014453999999999988,734978.6215147668
9.442307692307692,178774.0,23,0.004073319755600814,1109.2061098988297,10.02560625,431.76700915563595,8742.80681002575,96.574161894,8.22339,0.018753095999999997,762554.3428059132
7.045454545454546,212910.0,23,0.0,574.242151254448,7.301909090909091,259.72182642316,6485.3350155328135,93.68177181000003,8.2584,0.027356219999999994,659187.9533505861
6.550847457627119,258934.0,27,0.00517464424320828,1602.6225635478638,14.155838571428575,718.057465476072,14001.878677102657,91.55927400000003,7.00608,0.033824999999999994,209251.39515686757
4.394557823129252,209375.0,22,0.006191950464396285,1265.1601362764789,11.0891,683.975959304616,13902.044343680487,89.11781923950002,16.7541,0.025920216000000003,492776.2151760168
8.5,239186.0,9,0.0030959752321981426,1308.0926275163372,11.72938611111111,398.534678197656,5747.703487079354,216.52175721000006,11.31279,0.015095228999999995,870423.4952791975
5.010204081632653,185586.0,57,0.004073319755600814,1088.139675623336,13.687740909090907,428.62336581777,4212.474931065645,219.47318325000003,9.28158,0.012826601999999987,631915.9223658147
6.7,230160.0,32,0.014925373134328358,909.4192105263159,13.308821739130435,526.576900547997,4612.940665188242,63.15567675300001,10.303680000000002,0.006890670000000002,692558.9782108396
7.836734693877551,185586.0,57,0.0078125,1507.857220141065,14.001737142857143,629.482973515074,10594.399563558041,210.02504533000004,7.92597,0.02453158799999999,488904.1284974837
6.1866666666666665,222040.0,1,0.008620689655172414,1126.1537212888566,12.320680851063832,356.95924363008,4467.349286926811,233.64604257,8.87952,0.011966159999999991,734081.1952482637
7.298507462686567,197866.0,19,0.010224948875255624,1080.425064718935,15.285230232558144,863.686763539248,10269.532399268655,43.78758807600002,20.1355,0.021411764999999992,265604.5336770369
6.590909090909091,153251.0,55,0.0022988505747126436,710.5624615384614,12.727704545454547,262.91951140836005,4450.340349144759,313.680765135,11.534010000000002,0.016563689999999996,849491.6753666303
5.017543859649122,197742.0,50,0.0,1271.5434158784144,10.485758730158732,165.356027522886,3257.977944771038,76.719272022,12.88176,0.016959539999999985,1069283.3596153846
5.333333333333333,157268.0,42,0.0,575.6772551607127,7.854933333333333,191.63105359819198,3045.672172181926,83.23071389100001,12.293550000000002,0.013039319999999998,960211.9896781918
10.851851851851851,169523.0,40,0.0,379.8965610537558,6.84126274509804,149.977336242552,4877.825348570402,48.30506625000001,14.20128,0.032449536,956440.4896722751
5.6,175029.0,35,0.0,674.3031884301926,6.87257142857143,306.281433280029,7244.123735913373,372.1267007100001,10.834650000000002,0.027389792999999992,814305.3951534508
4.746031746031746,214789.0,31,0.0,596.546816107915,6.595940000000001,269.865054310689,3186.698598645074,107.20707099300003,10.784699999999999,0.019337004000000005,717749.6963558339
7.826666666666667,216426.0,28,0.005110732538330494,1244.2477510426202,11.752451515151515,339.01399305386997,6164.81205021291,244.72370700000005,10.246800000000002,0.014913689999999997,864637.3793031677
7.3125,245826.0,25,0.0017094017094017094,1090.7584775086505,8.93741447368421,155.56061261022998,4972.916137545721,120.18660766500004,13.36452,0.032336298,719198.8952431583
7.285714285714286,236520.0,21,0.0053475935828877,1137.3400673400674,8.273273684210526,184.288214990592,3397.096861905004,83.13182674800002,11.729519999999999,0.016024943999999985,972181.8397171475
7.836363636363636,224506.0,16,0.002320185614849188,904.7886913735916,11.873113043478263,165.48343865856003,5417.421918850578,213.83067776000004,12.89115,0.024245927999999993,939333.0274125462
7.216216216216216,138064.0,24,0.0024968789013732834,1798.0813801067386,11.595856034482757,616.026056693229,9595.524431847813,375.40374378000007,11.167019999999999,0.005555876999999996,977395.6747340729
5.941176470588236,254613.0,26,0.0037128712871287127,1822.1418356619504,12.590030107526882,358.167199944536,4460.477112074501,84.59755204800001,10.518540000000002,0.007634582999999997,1015770.7136324239
6.2,144680.0,23,0.0024813895781637717,938.5294541938753,12.351949999999999,199.72131782843996,2645.063251140031,244.12876093500003,10.80384,0.009293339999999999,933786.9864975504
4.515625,213031.0,18,0.0,1157.7453186108537,9.185315492957749,357.67124196270606,5987.9075795257295,54.576462234,8.460930000000001,0.02399958299999999,467325.3680208778
5.64367816091954,177240.0,17,0.002036659877800407,1099.6979752066115,8.188594047619047,380.098777455357,6683.074184256391,84.15514284000001,11.24319,0.015476354999999997,878380.7768138933
6.205607476635514,200506.0,25,0.0,1631.7880677906319,13.36790985915493,382.48156528708,7204.838837618291,79.62766258050002,10.867320000000001,0.013950299999999994,906924.6574252312
8.887640449438202,213031.0,18,0.010113780025284451,1420.2773853490621,9.95466037735849,273.29432025735997,5805.512307502412,99.15627660900002,11.266890000000002,0.014889335999999998,1082202.9729569014
6.033333333333333,248160.0,22,0.0,1129.9424919125577,10.35433125,313.422557633856,4184.345316531995,75.28489732800001,9.240120000000001,0.012019559999999995,804420.6651157957
5.342105263157895,176360.0,23,0.0,798.0609917888773,10.022021739130434,267.1254266304,5716.622494708023,60.940681152,10.45611,0.020893719,793267.45550525
4.375,145840.0,27,0.0031746031746031746,748.1872486710736,5.1630202702702706,272.793896339679,1457.7513012366944,94.124704311,11.51637,0.007501349999999986,728074.1057418011
5.976190476190476,206982.0,13,0.0,1094.3413729128017,11.968981481481482,716.86070894975,9909.101329709216,226.059404125,8.3118,0.021092108999999987,540797.4572348677
5.75,258092.0,20,0.0033444816053511705,1407.1618795955883,8.78123373493976,235.76214001612806,4165.273993449113,57.95952993600001,11.39472,0.017837843999999988,726556.872767273
5.965909090909091,172733.0,21,0.0019047619047619048,1133.3104364668259,14.878088235294118,396.74016234468,3024.388260696599,119.127244698,10.401570000000001,0.005414540999999996,1050764.1850978318
6.702702702702703,227191.0,14,0.0,1005.0812557710066,11.345756862745098,330.26848362673206,3631.3544962411383,206.57616756000004,9.297930000000001,0.01299545999999999,638638.1219373452
5.043795620437956,214346.0,20,0.001447178002894356,1461.9665322580647,9.35237090909091,436.83592729272,5249.301179771247,301.66066124,9.27369,0.0068026559999999955,965709.0849017211
5.264367816091954,216000.0,10,0.002183406113537118,1037.9867909702905,6.660040449438202,171.88727069424598,3515.8897746410394,42.59174916300001,11.51439,0.01851740399999999,524767.5879105554
7.283783783783784,203337.0,10,0.0018552875695732839,1082.3709474699128,9.982103278688525,354.43431113447497,5017.153799010304,81.60941107500001,8.66562,0.017707608,665158.0581648917
7.333333333333333,132382.0,19,0.007575757575757576,536.9712773998489,8.156210526315789,232.5482041344,2769.199243973826,147.69669760000002,11.866620000000001,0.016080768000000006,575359.0908109721
6.733333333333333,239760.0,19,0.0039603960396039604,1092.7216856107163,13.580377551020408,501.17367630721304,6729.357845567542,46.981899636000016,8.18061,0.012656385000000001,602898.7262798866
5.706666666666667,209943.0,9,0.004672897196261682,721.8206920810799,12.515346341463419,435.086795292448,10216.917972428002,64.344069231,9.64536,0.03964243499999999,449639.4749793247
7.12987012987013,262354.0,7,0.0036429872495446266,1106.3796646836126,11.962887096774194,446.72948450564,4981.64662071648,241.00776648,9.23286,0.011147075999999999,705129.8280016592
7.227848101265823,214500.0,10,0.0017513134851138354,1327.6972787133616,10.052012676056338,437.406733186718,5225.658869192756,230.21091388000005,8.28054,0.013607054999999988,636134.3992664462
5.63013698630137,208421.0,11,0.0024330900243309003,1053.134040062435,10.429981249999999,516.74945282688,5139.420534487587,219.66937440000004,10.11669,0.01858567499999999,534915.9098141082
5.658823529411765,202134.0,9,0.002079002079002079,982.2696864265929,12.968828888888888,622.042030764528,6797.4333925308465,211.67295502000002,8.007990000000001,0.019437794999999987,463757.4607372284
6.571428571428571,201647.0,5,0.003105590062111801,678.5832253059641,7.7924,465.513131125394,4147.0953432459855,173.64504527100004,7.762600000000006,0.012302016,601371.3686199167
5.934210526315789,239760.0,19,0.0,838.3008694564334,10.70618775510204,291.922248683232,1082.7876334030539,306.501805305,10.50177,0.004904423999999985,736491.8235050506
9.076923076923077,122500.0,1,0.00423728813559322,1412.0956302069335,8.444036697247707,867.7851811199998,11758.553478115919,221.37540480000007,5.15286,0.020557151999999992,420391.2894987047
6.7407407407407405,239760.0,19,0.0027472527472527475,818.0576923076923,12.710677777777779,790.508168084297,13374.099024264833,367.7694117800001,2.443380000000001,0.018037160999999993,671973.5220999339
5.652173913043479,298421.0,25,0.0015384615384615385,1406.5381113423516,9.650389610389611,816.52960090036,12272.375990499915,78.78063970500001,3.48603,0.025006079999999997,448276.3673752624
5.686046511627907,164828.0,62,0.0081799591002045,1035.1710086565856,12.441288461538457,794.20659823827,10180.383566719804,126.17731848600002,20.543300000000002,0.020364480000000004,556623.812163168
6.328767123287672,216000.0,10,0.0,919.6673540901697,9.30967868852459,301.807858287936,2855.9873774859625,161.639884692,8.9991,0.007833672000000002,1010201.7520652328
5.971014492753623,133266.0,64,0.0024271844660194173,883.0538454502599,10.567007692307694,358.984316119541,4555.071241336318,93.15241878300003,10.28604,0.012494183999999986,806382.0405398456
4.972972972972973,221403.0,72,0.002717391304347826,713.2899992168533,7.23797894736842,393.08320383748196,5249.274987817443,107.42061373350002,8.84286,0.019714224000000002,678507.2334430376
6.405797101449275,188041.0,67,0.0,1074.099806654256,10.086808333333334,368.675043693768,4470.443203427713,96.80552148150001,8.546520000000001,0.020676420000000004,540019.8378412236
11.037037037037036,160000.0,63,0.010067114093959731,938.9910777856888,13.581648,419.805429677424,8881.526390553963,334.69255082000006,7.76958,0.028001249999999995,636855.8550660331
8.101694915254237,172784.0,49,0.0041841004184100415,1002.0937775708264,8.199930666666667,341.723062201472,4023.3520384143408,126.940123758,8.93748,0.009231803999999998,995102.7249882371
7.366666666666666,225561.0,64,0.0022624434389140274,902.9089549985986,7.651511111111111,346.122559703956,5318.001802320714,87.59891212800002,9.584850000000001,0.027680453999999997,523581.22954748647
5.985507246376812,154186.0,50,0.0,826.8061733782979,10.531499999999998,518.09724137115,6131.560662990797,84.76905869550001,8.08332,0.02503503,439721.7396189887
6.254545454545455,187201.0,48,0.0,739.6020933912126,8.9824,376.02671807937605,5862.006092505161,107.17590414900002,9.610860000000002,0.023150052,706779.5018399797
5.754098360655738,166574.0,45,0.002849002849002849,870.004976659851,7.068647368421052,396.76091680516197,5517.457497336456,236.02794484500006,9.413310000000001,0.029170079999999998,403635.7926340246
6.2727272727272725,149493.0,54,0.0,795.2383317232218,9.26304705882353,370.22569000085605,4980.055898463284,87.57814259400001,8.452050000000002,0.017364714000000003,654208.457781335
5.706521739130435,167785.0,54,0.0,1009.6291902109434,8.842723880597015,606.429160429485,6464.692118999998,68.06925351899999,7.95699,0.02630970899999998,367741.19008592394
6.0625,153053.0,63,0.002061855670103093,1193.6378226267425,11.534254098360655,585.911360568072,11452.080090386966,101.569512114,7.552770000000001,0.015188102999999993,749901.9499972636
7.095238095238095,132307.0,49,0.003355704697986577,631.6177390232085,11.223064516129032,438.83165920125003,3842.012081813298,73.44531980250001,9.81372,0.015835493999999988,557184.6991852861
10.86842105263158,133266.0,64,0.004842615012106538,961.6101651110586,12.511979069767438,474.119174633895,5769.7371765017015,93.73836618000001,9.964530000000002,0.015031269,774691.2144291942
7.23404255319149,172750.0,41,0.0,726.6884422623483,8.431227272727273,365.90707846206,5875.211517240934,269.88923245,9.79905,0.030340361999999985,509474.2666757777
5.117647058823529,197706.0,39,0.0,619.0438231052716,7.3496235294117644,334.205536830525,3540.444688164338,320.0207942,8.342130000000001,0.013427856000000004,700253.6714407085
5.019607843137255,164623.0,45,0.0,557.3101311251553,7.360984615384615,244.441099588896,1929.1730474212566,98.228175924,10.20552,0.00876246,787725.1557427887
7.586206896551724,163346.0,34,0.004545454545454545,904.6152467974559,13.304097560975611,444.599879989342,4771.063084691199,278.875214065,9.675060000000002,0.018171971999999995,549055.7974926955
4.418181818181818,196636.0,45,0.0,578.9683107482535,7.162609090909091,230.59048203211805,2829.1484581973755,95.250589668,9.18255,0.014568740999999982,708570.5295653878
4.7926829268292686,156920.0,35,0.002544529262086514,797.9972998414586,11.962713157894738,344.42384773406405,5032.65538258207,118.06692905700001,8.58618,0.01413780899999999,921773.8764152571
4.824561403508772,192034.0,36,0.0,1039.7043427114988,9.195266666666667,491.48243539235204,4561.657173560157,76.75628060400001,8.56998,0.014982659999999988,511222.4508812029
4.3,149240.0,37,0.0,511.50476837584023,5.6359318181818185,459.200922950672,6444.690027534001,73.055016552,9.71964,0.025229759999999997,548206.0781232559
7.967741935483871,142627.0,45,0.0,670.6418467078189,8.688225,484.5865246319999,7701.547682898498,127.43628974550002,10.268520000000002,0.013342056000000001,1064896.4617538531
6.8979591836734695,159440.0,32,0.0,465.4714768249203,8.13566,372.06712826122504,5074.6616408331,92.59011074700001,9.84453,0.01793972399999999,711910.2061161799
5.2745098039215685,210119.0,52,0.0037174721189591076,599.9447222222221,6.514755263157895,149.12417557695,3561.2780268772776,109.57128930750001,9.284880000000001,0.018670775999999983,834108.9197610208
8.11111111111111,168190.0,38,0.003913894324853229,984.6669117132255,11.461,462.48184397184,6813.009390879251,90.0899153805,8.8998,0.018558648,683049.9918622656
4.369230769230769,155641.0,38,0.0035211267605633804,558.1684363636364,6.5840666666666685,549.72191678859,9927.24241961697,77.83656284250002,7.672470000000001,0.020864549999999996,668183.4403132927
5.887096774193548,154864.0,35,0.00821917808219178,777.5896617338059,8.194925925925928,354.96306394360005,9416.787409832781,296.96783500000004,11.459370000000002,0.04000086,649986.6169953564
6.357142857142857,166736.0,49,0.0,513.3269318701417,8.52175,301.54961594238,4685.4835787294405,116.1367873425,7.9008,0.012023801999999986,983330.2532419425
9.28125,107768.0,23,0.003367003367003367,679.4918054110302,8.650297674418605,574.390635118472,9315.63388621324,78.60869384250002,7.31367,0.023137979999999995,527425.3303792682
6.388059701492537,194222.0,66,0.0,977.9404590865046,10.803942857142857,406.35883168402205,7149.340872796669,390.5076177000001,9.413400000000001,0.018882524999999994,885532.3541733974
8.566666666666666,153053.0,63,0.019455252918287938,526.2621764959428,11.284709375,324.50285031913205,2011.7459559546,142.1456531265,10.165949999999999,0.003316835999999998,1345771.7492299164
6.433333333333334,306960.0,13,0.0051813471502590676,466.35778310819336,11.564720833333332,421.973896148692,6691.223147078402,109.75573045950003,9.090990000000001,0.009491832,1051354.961714389
3.5730337078651684,226341.0,15,0.0,607.8184617773406,6.559529411764706,312.08392754159996,4294.915770913365,75.900614373,7.196250000000001,0.019354367999999993,493439.7601891229
9.246913580246911,217443.0,59,0.0026702269692923898,1489.5796719639668,9.998335869565219,607.674919833016,9380.306350255916,309.86878499500006,9.897029999999999,0.025330599000000002,712560.9583698075
6.625,206346.0,46,0.0037735849056603774,1164.8708005812223,10.275711864406778,408.86821963411205,6324.607537211039,307.81859722,9.43482,0.022715459999999993,682284.2482724674
8.05952380952381,201847.0,51,0.01624815361890694,1563.1809453749813,13.345778688524588,440.9571193478749,10478.865783619465,127.57120220000003,9.832680000000002,0.03988222200000001,1175921.7266006842
10.76923076923077,217443.0,59,0.011904761904761904,822.0774701626934,10.457066666666668,342.9109836054,7742.370074069567,237.31686787500007,11.60898,0.04145099999999999,574051.9145040567
5.023809523809524,189677.0,50,0.0,817.4608278632865,10.582822222222223,331.128862122,6722.704884284183,341.171295585,10.6188,0.027867914999999986,771232.2235947797
8.551020408163266,141660.0,52,0.002386634844868735,849.1489193482308,11.257458139534883,333.101585396397,6467.306792141207,114.68211558900002,10.11738,0.02153127899999999,915146.7261030702
9.136363636363637,173538.0,44,0.0,1077.4060256993803,9.791321739130437,182.138350705728,2699.7314322905854,51.42985286850001,12.05517,0.019188779999999996,595274.0465933494
5.507246376811594,196800.0,38,0.002631578947368421,829.9728425616025,7.327531914893617,171.5204207673,4051.315423485,69.05551334250002,11.51028,0.033090605999999995,623909.5857787775
11.04255319148936,208785.0,42,0.017341040462427744,1110.78499100346,10.647188888888888,264.70782565323196,6707.590808444533,268.17285283500007,9.42636,0.02451162,770914.569458939
5.388888888888889,191422.0,51,0.006185567010309278,1022.8115599981488,8.03533076923077,307.516971018642,3678.726382588619,70.4534965695,9.82269,0.017650499999999993,604261.4547596076
10.282051282051285,203042.0,38,0.0,858.2633846153846,9.889662499999998,409.28398348445995,6644.55768636708,73.62903093000001,9.818640000000002,0.029931611999999996,472899.1689281647
9.92063492063492,202127.0,45,0.0192,1455.1543414189882,10.81923076923077,722.38251890712,11774.32521251299,109.81488112500001,7.022820000000001,0.033105323999999985,867273.296520421
7.703125,134652.0,44,0.014198782961460446,920.9679265584579,12.404996226415093,799.376772199096,10105.151898345157,88.718773608,18.093500000000006,0.015178752000000005,599939.1273898758
6.963414634146342,186964.0,97,0.008756567425569177,1113.4934996511315,13.950715094339621,454.90562953312497,4564.494450141031,185.77552500000004,8.30868,0.034815149999999996,610507.2920304528
7.521739130434782,137910.0,47,0.002890173410404624,758.3749504558066,10.6741,353.79427088004996,4910.814636175803,402.3289123,8.61504,0.014258532000000006,872972.1327243089
9.782608695652174,142741.0,46,0.013333333333333334,885.3946063083536,9.772363636363636,403.72647994508,6746.804053658791,62.00559904200001,9.35715,0.025398000000000004,502995.10641426995
7.22680412371134,193725.0,48,0.019971469329529243,1486.060808794545,15.577912068965517,513.155049429624,6347.645698692161,218.45272059,8.597190000000001,0.018182835000000005,493725.8687781952
5.855670103092783,184501.0,41,0.007042253521126761,1254.9030904038984,9.189928767123288,511.089446000166,6163.698882411001,167.42604708500005,7.54506,0.023201138999999996,1119814.5544449098
10.74468085106383,167973.0,50,0.005940594059405941,1045.9359666675805,11.033278846153847,289.241833072962,3681.8695948530217,81.28597045800002,10.05102,0.013054088999999984,860059.2383135529
5.462365591397849,181394.0,40,0.007874015748031496,961.8806818181818,10.867437037037039,476.973931357824,4824.8045733888,62.917626577500016,8.65074,0.018600719999999994,460607.2121175019
8.879518072289157,229031.0,43,0.017639077340569877,1560.1813505424618,15.1866,397.95831482355,4550.9808024374515,76.75716952500001,10.59711,0.011669159999999994,741721.8380948489
11.285714285714286,143892.0,46,0.010126582278481013,955.5487853199378,12.418800000000001,602.7573953314801,8417.564968531678,74.1940285,8.83656,0.02234325599999999,186108.55512178646
9.16,187941.0,45,0.0,661.6228449371918,12.429247619047617,466.6827223941679,4668.633000970478,319.98053173000005,8.02557,0.017104697999999995,564887.8223018671
5.405172413793103,219772.0,51,0.006379585326953748,1086.7639655172413,13.350988524590164,392.073703710408,6262.508599800603,137.06125569000002,10.242239999999999,0.016589340000000008,595529.741401811
4.7073170731707314,187138.0,37,0.0,756.210372534697,8.183942307692309,398.1663392836501,4190.962389980337,99.01708093350003,8.88729,0.015837590999999984,685083.6360038653
6.56,165660.0,43,0.018292682926829267,952.0163831127912,11.236523076923078,416.10712821723195,4180.2247359389185,315.58758415,8.36172,0.011705172000000003,766521.7653483044
8.455882352941176,167624.0,47,0.01217391304347826,1333.8916721156731,12.330432692307692,367.626371661864,7308.696747401659,78.00418729800002,9.146880000000001,0.026309288999999996,653670.3945864281
8.764705882352942,162500.0,59,0.01174496644295302,999.2890262984258,11.300766101694913,254.07629095701603,3609.1856587987218,43.53874017900001,12.4125,0.018568236000000002,736294.9291552034
7.7625,223745.0,40,0.00966183574879227,1184.588882282996,14.135800000000001,463.122084312384,10174.956233105919,77.81783780500002,10.369200000000001,0.04191523199999999,232509.83136077994
6.684210526315789,182152.0,45,0.0,702.2160285657608,11.571653846153849,351.5595976783801,3378.274755566097,114.56898367950002,10.774410000000001,0.011746673999999983,960011.4744406195
7.682926829268292,215725.0,11,0.01904761904761905,1446.6133708614395,13.271999999999998,646.0215930167999,10877.237252247369,51.66353161200002,10.30635,0.033049728,371441.1295191738
6.989010989010989,168500.0,39,0.012578616352201259,1326.0819940525912,11.702399999999999,395.185399163088,5941.20314308743,32.3676526545,7.88208,0.02647007999999999,279188.43155506294
7.8,183997.0,43,0.018315018315018316,1411.0301253082962,12.165498113207548,563.5230048336,7639.810415386173,62.350042302000006,9.480630000000001,0.02604307499999999,488185.98162522
5.1265822784810124,195535.0,51,0.0049382716049382715,859.64844165161,10.488535714285712,218.18124690002998,2063.486757990293,77.12952213600002,10.100969999999998,0.01013407799999999,720445.3878803895
9.694915254237287,210106.0,63,0.015734265734265736,1031.358431721987,9.661897142857141,372.7246761135039,4815.504873445319,120.36235327350002,8.75958,0.013200839999999995,917421.8486340548
10.580645161290322,219733.0,67,0.0,1180.2418115870994,9.86624,427.34753229388804,4839.390398232973,104.65427685300003,8.084520000000001,0.013585775999999999,735684.3720971082
8.454545454545455,205013.0,63,0.0017921146953405018,1362.490324234269,11.525315625000001,376.461005166546,6446.3889640063635,355.32071646,10.38225,0.01909372499999999,758414.5165987336
7.527272727272727,194173.0,67,0.0024154589371980675,873.16096,8.931310714285715,276.939557330238,2728.1707811816223,393.1254219000001,10.07454,0.008495487000000003,1010382.7139640106
6.656565656565657,223786.0,65,0.0030349013657056147,1461.237771743128,9.996708536585366,323.18013946099,4885.405285531679,86.22925349250002,10.18998,0.014896529999999991,843997.1167286012
7.710144927536232,224120.0,65,0.005639097744360902,1291.999105970003,8.094100000000001,424.25419964580306,5302.604984054398,75.829823757,8.22438,0.016692695999999986,622502.5671622844
9.462962962962964,187253.0,58,0.0019569471624266144,1165.0180642153719,9.930433333333333,284.29063642633497,6290.850784948226,86.32205527500001,11.523060000000001,0.024115230000000005,844078.4688645997
10.9,143693.0,50,0.009174311926605505,1139.05,13.677443396226414,402.70331276266506,5675.962976149664,160.17023349000002,8.3892,0.009959234999999999,1130256.604594395
7.458333333333333,205480.0,60,0.009776536312849162,1068.8987605967689,12.23309866666667,545.148581688852,7134.968673047879,107.24039096400003,6.015780000000001,0.013066109999999994,747008.7283924009
7.061728395061729,226906.0,82,0.0,1040.0849643453193,13.12792,721.2346042025281,10246.199608745326,280.2639393200001,7.957680000000001,0.02662628399999999,478275.34113150655
11.246153846153844,202445.0,54,0.005471956224350205,1648.1762843925005,11.262441379310346,573.484696273692,11026.712839395957,133.772065434,6.2817300000000005,0.018577679999999996,751579.0170567908
8.907894736842104,206896.0,69,0.0,1454.5145903113555,13.221006779661014,301.31234906236796,4105.3648544419075,74.5812468,9.59247,0.016665090000000004,650080.5687349449
8.5,170840.0,64,0.0,704.5787095773132,13.663277777777777,449.4425459090599,5592.667639727884,362.8420693400001,9.43971,0.016140275999999988,754768.6802604647
10.88,232000.0,55,0.007352941176470588,1640.9131998196524,12.119639999999999,473.54743009105994,5888.5314847768905,118.85259721950003,7.460370000000001,0.01860427799999999,613480.537076415
8.347222222222221,195691.0,57,0.0033277870216306157,1127.8024691358023,16.045498,339.86626410315597,4843.963467997498,140.67770809050003,9.87852,0.01022846999999999,1129009.293085198
9.257575757575758,195121.0,52,0.0016366612111292963,1088.6878697718955,10.1426,366.20704411030994,6107.132601729732,104.593704942,7.35675,0.018435857999999996,770584.0756369141
8.571428571428571,164468.0,50,0.004545454545454545,1244.19934976748,12.709714285714288,614.7659885400001,6399.560741075424,134.550967815,11.280330000000001,0.020034431999999987,1333312.0285326492
10.101694915254235,169280.0,47,0.003355704697986577,1170.5155915713483,16.45467234042553,468.73535688000004,5493.1924744384505,127.97667697500002,7.089150000000001,0.010686167999999996,855708.7431250825
8.17283950617284,185800.0,52,0.0015105740181268882,1319.2300177999286,13.156969491525425,614.266995081168,8519.826791664076,100.45957456800001,6.59463,0.022627301999999988,567691.6769679411
10.037735849056604,193554.0,63,0.0,1001.4778325123154,12.20275,371.58665651288993,7621.317103477308,143.79919158150003,9.044310000000001,0.015985364999999988,1071468.2005301497
9.0,182245.0,76,0.01932367149758454,2020.5935758472056,15.6906,941.99127414312,10320.518908366575,72.14248503,8.69181,0.009696959999999994,602651.6310687582
8.96,180863.0,76,0.0,793.1759571513588,11.43454117647059,600.183087294264,7653.886114286412,123.00374764050001,8.2863,0.015239210999999992,831832.7397507163
6.425925925925926,168342.0,55,0.0,625.7588126159555,8.500777083333332,291.464182196352,4849.514250272997,112.71159201600001,8.94906,0.01282150499999999,1032915.9738060352
4.865168539325842,161873.0,62,0.0023094688221709007,818.5804466128732,9.45771923076923,416.84648801742003,6173.834521080805,377.62439530500006,6.9401100000000016,0.015865673999999986,803947.3098307337
7.2894736842105265,149968.0,43,0.007220216606498195,551.1008420099594,9.435494736842106,281.210657847808,4787.037817631371,148.59268688550003,10.2726,0.011054999999999997,1239567.3065042354
5.564356435643564,161066.0,58,0.0017793594306049821,1464.0434391166634,9.956202409638554,542.431195301024,6485.843610528621,387.28764484000004,8.32473,0.008417520000000003,907073.3020529378
7.0495049504950495,244705.0,48,0.004213483146067416,1292.976925519849,10.816704,424.2536205471,7732.91122773117,263.73670182000006,6.975120000000001,0.021005849999999996,643597.8841485746
8.471428571428572,195750.0,61,0.01854974704890388,1393.1226976142768,16.162156862745096,441.8459012767999,4783.162659893199,385.42546452000005,10.200090000000001,0.011064383999999997,840557.2164053334
5.35632183908046,194413.0,52,0.002145922746781116,837.3215830796345,10.559060714285714,491.9025687374479,7686.547884340864,121.81300977600003,7.038810000000002,0.014519564999999996,876094.9390348365
6.6909090909090905,113454.0,50,0.0,788.0651851851851,8.024894915254237,650.657788922526,11894.040106749635,80.453216448,7.69983,0.03008715,456835.3449386334
7.262295081967213,189344.0,58,0.0,679.6495372381303,11.4570875,392.2540253202,6399.892726235859,99.48903648000001,9.45441,0.018514440000000004,776867.6065726856
8.172413793103448,210713.0,45,0.0,884.968801287716,10.4043,272.33433376445,5786.198744359384,75.083664462,11.239770000000002,0.025318377,825144.1658555721
7.4875,174193.0,73,0.00333889816360601,1270.5710578925448,16.25153555555556,421.015853573424,6320.83681597944,95.5649057985,8.441640000000001,0.020645999999999994,598154.8591625082
9.983050847457626,163314.0,71,0.006791171477079796,1597.179316247016,15.12823846153846,564.3824281507439,7784.218331599631,125.8883729145,9.876180000000002,0.015291803999999999,986998.5246896107
8.071428571428571,178348.0,50,0.0,1345.5065721215165,13.618632075471698,229.85858843640005,4984.078665072961,99.60031978050002,11.74368,0.01786406399999999,968168.7237237529
6.814814814814815,146165.0,55,0.005434782608695652,789.4031800369352,14.590565517241378,391.69681237401596,3381.562624521877,382.5146674200001,7.210650000000001,0.009668999999999987,767026.7257630893
7.508771929824562,182245.0,76,0.0011682242990654205,1265.9842166820558,11.381078260869565,341.175297847296,5716.722223183442,132.112501536,8.576130000000001,0.013640256,1010891.9253338404
7.482142857142857,153441.0,47,0.0,1049.8252676752822,9.251994339622641,583.3677741913681,9785.149865252042,91.54223014200001,5.84094,0.020202117000000002,680553.3505345784
8.691176470588236,162061.0,52,0.005076142131979695,1447.1840003132588,15.205892727272728,423.54093798716406,5700.678198217802,106.27054539900001,8.080290000000002,0.007680825,1051667.8482817025
6.814814814814815,152346.0,44,0.002717391304347826,524.8649691358025,16.212608,330.414623967474,11701.313098191396,115.82497629900003,8.8419,0.031185000000000008,997130.1795658678
6.747826086956522,182245.0,76,0.002577319587628866,1539.8061079545455,10.419647619047614,614.0214851465109,10609.381219539115,104.02435874999999,8.33412,0.027813045,723276.2308023754
8.253521126760564,232676.0,70,0.0,1341.2945452385463,9.69867088607595,404.3101925568,4208.352197225385,112.762144608,8.72661,0.008851841999999995,944548.8996677657
5.448717948717949,224888.0,54,0.01411764705882353,975.5626216386613,9.036714285714284,595.319615346988,9984.686937316479,235.84454824000005,8.235270000000002,0.013485420000000003,610253.7476402357
6.016393442622951,232676.0,70,0.013623978201634877,878.0393096607816,7.102673333333333,64.75738591362399,1850.5944085913607,21.763789528500002,14.91762,0.020287727999999998,881854.6810915916
5.458333333333333,189867.0,63,0.0,575.5285158117615,8.306897142857142,285.05285763552,4834.299939274083,391.2504891600001,9.62784,0.016104144000000008,982603.5144050675
9.339622641509434,178000.0,39,0.006060606060606061,875.5945710553054,11.4552,159.15041423337598,4220.054257406892,213.90704823000002,13.397430000000002,0.019857312000000002,1045576.9541651354
6.091954022988506,232676.0,70,0.009433962264150943,773.5662592007905,10.362354838709678,433.23037181661596,4587.169465430888,301.08864263500004,7.90995,0.01524781799999999,562561.1700710291
10.935483870967742,252000.0,36,0.0,1352.934798040187,7.135794495412844,391.928195891424,5890.0739825609035,123.51428646600002,7.076640000000002,0.016192944000000004,783780.6803879701
7.238095238095238,232676.0,70,0.010526315789473684,1807.734763907013,11.40334065934066,749.79173298544,9499.034319801603,23.57069794800001,6.871289999999999,0.022805640000000005,165551.124464075
6.619047619047619,182988.0,7,0.014388489208633094,298.123779296875,8.3678,149.404976390208,2000.7167972788147,53.97827834700001,13.211670000000002,0.007571699999999995,1179446.1052481092
8.130434782608695,232676.0,70,0.0,396.90578841055424,8.235618518518518,46.668995382272996,1508.6706082959602,49.456847979,15.13614,0.013764521999999994,1436678.149807755
9.441176470588236,194160.0,32,0.003115264797507788,631.6645561620224,7.91428775510204,276.939557330238,2728.1707811816223,393.1254219000001,10.07454,0.008495487000000003,1010382.7139640106
5.891891891891892,161066.0,58,0.0045871559633027525,1077.1308717050167,11.119743999999999,368.462961300128,7656.2063875410395,294.63966364000004,9.096,0.017943551999999998,848690.2253916495
7.216666666666667,182245.0,76,0.0023094688221709007,748.3835807672688,12.654655319148933,631.1333537926561,12128.48585584564,266.42537064000004,9.22608,0.024149712000000004,603566.1554819637
6.317073170731708,186666.0,59,0.0019305019305019305,948.7990766181139,10.090176119402985,709.893088694026,12462.4645064055,132.43459258000001,7.550790000000001,0.029299284000000002,295874.36034185626
9.108695652173912,147213.0,54,0.016706443914081145,1051.932088888889,12.965317391304346,765.926721620192,13147.626289938758,78.68473426000004,10.914029999999999,0.02880444,793350.2018643866
7.175,186666.0,59,0.010452961672473868,1048.7790812085093,13.314820689655171,592.668068216952,7129.290330661826,158.13069187500005,9.15147,0.015328860000000003,502483.278662867
10.021739130434783,251653.0,60,0.010845986984815618,1178.9625974025978,11.174466037735849,425.45799110142593,6016.4925119422405,330.002363295,8.0205,0.03960369,898720.9927382293
7.318181818181818,182988.0,7,0.006211180124223602,986.041999831664,11.053674545454545,368.041457040261,3530.5044725583384,245.68823297000006,10.6614,0.03765971000000002,779326.0044643658
5.669117647058823,232676.0,70,0.009079118028534372,1366.0430651599481,8.305772727272727,668.50678790865,10640.600723811242,73.421561259,6.81909,0.027496127999999995,468324.23995883897
7.711538461538462,232676.0,70,0.007481296758104738,627.1262326869806,7.885696825396824,604.057574560635,5613.950640569118,29.85440788200001,7.289310000000001,0.01523180999999999,283367.3913281192
5.487804878048781,201500.0,4,0.008888888888888889,937.12854418613,10.322830188679246,679.22092227629,6980.685386217963,67.4208714,17.202400000000004,0.015448619999999995,458426.9915927191
5.589743589743589,246066.0,40,0.0,823.2914130410368,9.805962962962962,400.19479555607995,5985.583790651895,103.06480466250002,8.78073,0.016022636999999996,823849.7969029613
11.08695652173913,251146.0,28,0.0,545.1516439909298,7.64172972972973,289.020150031536,5716.745689996318,404.20462574000004,9.38073,0.01999209599999999,894371.4290040298
6.517857142857143,248893.0,39,0.0,775.661167261197,7.209783018867924,38.79503299423799,1300.062310760928,30.1226251785,14.68932,0.0185679,866282.1559867812
6.739130434782608,210840.0,21,0.002150537634408602,1001.7923124470593,8.790323529411761,197.34724978012798,4030.2447988845593,199.90905536000002,9.686880000000002,0.036267503999999985,1212621.3538206446
6.5,194733.0,25,0.0,894.9761772853187,8.347733333333332,350.70276912602395,5199.292460143153,260.900058675,7.671420000000001,0.019362192,585619.7361834339
9.804347826086955,215333.0,25,0.0,686.0577031063991,11.518908163265305,409.78266794675,4346.019391739256,121.47835680000001,5.769660000000002,0.009544181999999997,750436.057402237
5.589285714285714,260333.0,21,0.0,758.7664101403349,5.938732075471698,271.947275357784,4171.078254249143,121.87850436599999,9.37566,0.018221279999999986,833297.2657532694
6.835616438356165,256920.0,20,0.002004008016032064,926.6314028725672,10.67159649122807,388.1724684267201,7756.242653797766,111.03205644900001,7.435079999999999,0.019316177999999993,766523.3990306549
7.026315789473684,236560.0,26,0.0,537.514832756632,5.749228846153846,312.97777036567896,4361.816202689761,249.03882864000005,9.78582,0.017771598,681797.677502443
7.902439024390244,131777.0,56,0.004629629629629629,1285.4280328023374,12.280931506849315,488.58814436505,4976.784165288644,340.98964342500005,7.299779999999999,0.008431668000000002,780833.6302749957
6.04,212640.0,19,0.0,582.4635219764435,7.207104166666666,390.00148278975,6886.559939436303,104.54662149750001,9.47358,0.022717989000000004,790583.5582938734
5.694444444444445,196000.0,21,0.0,433.5804878048781,4.93906976744186,266.64829830352,5006.43538626538,114.4662472785,8.14896,0.018065088000000003,832300.2996129459
7.333333333333333,231493.0,14,0.0053475935828877,705.8346406455245,9.785753488372093,470.058531048075,5742.481404352893,335.66590675,7.358820000000001,0.020360105999999985,553865.3583418456
7.887323943661972,202213.0,16,0.0,1133.274620354747,13.699428571428573,459.032287340403,6025.119332769521,184.99511268000003,6.47037,0.01753145099999999,440327.9033731044
4.869565217391305,215973.0,26,0.0,883.7818181818183,8.73021935483871,379.8438437794,8812.120509139788,102.3290047725,9.170250000000001,0.027205541999999996,716834.1105312333
6.044117647058823,237200.0,17,0.0024330900243309003,790.7853886356055,8.332154237288135,239.86602604943997,5578.242924580559,350.03144928000006,9.42003,0.016548977999999992,955454.989964786
6.055555555555555,249586.0,16,0.0,672.6387801115463,9.5165175,350.1705231169739,8454.6215929008,308.75488764000005,7.888620000000001,0.022539528,785316.8310254309
5.675675675675675,196331.0,25,0.0,383.63999159840364,7.5922,264.367910646752,4407.142433821921,84.647622336,11.18709,0.026404559999999997,633411.343548224
7.589285714285714,246598.0,48,0.002352941176470588,857.1603025201509,7.66508064516129,173.995759965892,2357.210405059777,92.66603059200001,9.991500000000002,0.008601263999999997,1017995.0690063671
5.907692307692308,223565.0,18,0.0,614.0886509107024,8.219773584905662,338.04464438025,5430.581323015102,116.64539136000003,9.22848,0.020272127999999983,752069.1602122557
6.367088607594937,206293.0,27,0.0,1113.3563633646697,8.138953424657535,377.82038301088,4661.83752906,102.721487709,7.0551,0.011350331999999994,823313.8079634262
6.922077922077922,222120.0,16,0.0,1049.4423076923076,8.648876785714284,182.667915869985,2895.12900411072,53.64194957100001,11.64114,0.027075849,514743.49276172486
5.591549295774648,245840.0,24,0.0,761.7957009246464,10.949260000000002,264.59563102622997,2877.004018585267,126.124106076,9.24873,0.007801529999999987,1010395.4565696444
5.623376623376624,212316.0,58,0.0,866.5381047399004,10.15433111111111,219.90688287662996,2247.6941006999928,62.54272233000001,11.392350000000002,0.016097598,575200.3977181318
7.253521126760563,221311.0,19,0.0,939.8925158583158,9.852282258064516,213.43719562726798,2157.4682488575977,345.28957785000006,9.9273,0.026765199999999958,882787.927324628
6.535714285714286,198946.0,11,0.0,367.0742961747254,6.533832,217.027274799276,4129.822425118824,91.56315816000001,9.740430000000002,0.028163213999999992,594174.1706929062
6.2125,240080.0,16,0.0,1059.560688967121,9.962365,435.4895317139641,5610.4804111681115,115.23796168800003,21.500400000000006,0.013029234,775126.9713632462
6.465753424657534,215266.0,11,0.0,886.2433884297521,10.180340740740741,387.56784316500006,6326.800552453677,315.5249625,7.779840000000001,0.02183799599999998,585407.7180815389
6.304347826086956,143880.0,12,0.0022988505747126436,756.0036031913979,12.68904255319149,584.96994611601,9596.000090060317,103.64279257800001,8.20644,0.018519515999999993,673762.6792578052
6.162790697674419,184920.0,20,0.01509433962264151,601.0293733179547,8.478485714285714,271.80032006390996,3212.955786853123,108.453060675,7.088820000000001,0.008742816000000004,905804.9629415853
6.20952380952381,193520.0,12,0.004601226993865031,1171.8515613937632,13.58173529411765,676.5843311778,10675.884934018331,20.413684272000012,8.88648,0.020565317999999996,224460.28601054757
5.628205128205129,188680.0,11,0.002277904328018223,832.3192239858905,13.562789473684209,370.8853486039,9430.567851384461,105.56901744000001,8.6073,0.03314797199999999,610343.4218864158
3.773809523809524,224080.0,17,0.0,649.1043289203728,6.9998296296296285,238.71460980347203,2607.1509275761964,141.3182775675,8.14419,0.00619458,1145211.066275659
4.119047619047619,195387.0,15,0.0,690.8790460945663,11.656355555555557,231.29264946364802,2012.310141329639,113.133669768,10.79229,0.00886358399999999,812122.6460626491
6.698795180722891,202813.0,10,0.0,1074.4738547896686,11.53891724137931,474.87919225005504,6401.4659224861825,180.74813501000003,7.191570000000001,0.019262727000000004,435901.50445785327
6.018348623853211,256493.0,10,0.0,1211.7483870967742,10.326462337662337,284.08569507999994,5092.598990150614,306.8916950000001,9.798029999999999,0.01649073599999999,832328.9297597079
5.51,259613.0,11,0.0,1239.720395890282,9.68032985074627,399.32070351839997,5369.639537041921,68.47303384800001,7.3495800000000004,0.014759642999999998,626130.5874373647
6.09375,87146.0,8,0.005128205128205128,325.9021183345507,10.145318181818181,252.992712267352,4284.233319734071,114.079361613,10.601880000000001,0.021189978,720873.9775559691
6.390476190476191,140816.0,75,0.0029806259314456036,1264.6075156061702,10.24095111111111,410.504470552944,3435.060975683905,73.02754191000001,10.48692,0.008028864,811374.8320418296
6.066666666666666,164448.0,21,0.004395604395604396,912.6404358288338,10.646052083333332,180.887110960226,4752.28493125152,209.00454666000002,11.827889999999998,0.026885564999999986,727849.4027537471
5.786885245901639,178493.0,31,0.0,672.9771157798781,8.529891999999998,427.372500967062,4763.709640704632,210.39485544000004,7.0802700000000005,0.014526036,492555.7253191586
7.083333333333333,202466.0,9,0.0033613445378151263,1203.0884547191251,10.832352112676057,590.184159802356,7570.724202825,188.648153925,9.06009,0.018697067999999997,517476.81323039625
5.0181818181818185,176803.0,14,0.0,405.10024504343954,7.570102325581396,222.684329426832,3461.3679670453907,139.266677781,9.37818,0.011402099999999993,967875.8929337157
5.4,210491.0,14,0.0030864197530864196,572.966208431673,10.142819999999999,228.81960646104,2019.1024183758682,126.41620341000001,11.37756,0.007335966000000005,1045914.8009889685
5.254716981132075,223834.0,79,0.0,961.5126543209876,11.649654999999997,698.7509355066239,3972.8393633549495,48.78646000800002,7.51671,0.01315840499999999,296524.26139289414
7.8125,191557.0,33,0.0,233.64015049717815,15.46346153846154,281.51119394288,10323.981440342282,33.14194553000001,14.818950000000001,0.02194739399999999,1107642.0760062227
7.379310344827586,154880.0,12,0.0,796.9858407924248,11.610472727272729,428.82536703328,6505.50978328367,144.46625949000003,18.361200000000004,0.01288716,910010.663925865
5.76056338028169,128557.0,3,0.004889975550122249,801.8486700953353,10.753219148936171,652.1379436581481,7969.93385959937,82.87281641700001,19.205200000000005,0.018789080999999996,490109.96747585444
9.19047619047619,219733.0,67,0.0,1062.908279773157,8.320670175438595,291.7912139105039,1369.9266205169993,237.48599952,11.39226,0.020761189999999978,712651.2156849221
5.619047619047619,274626.0,48,0.0,1016.802752293578,9.851184615384614,624.49640699544,14610.799347695998,81.15939508800002,10.462200000000003,0.04237581599999999,351971.5489640233
5.8,192712.0,65,0.0028735632183908046,697.4481265315214,10.10449230769231,355.889974860588,2703.1480027601197,81.64314283800002,9.30462,0.011062019999999994,636967.0185959963
6.014285714285714,225986.0,9,0.0,841.6100095806713,9.721861538461539,250.41603277598404,2799.9529918571507,60.840070258500006,10.205460000000002,0.011040959999999987,694532.6112373878
5.833333333333333,207386.0,9,0.0020408163265306124,879.634200304833,11.235411764705882,293.066632456416,3670.109375536045,57.13163082900001,10.290450000000002,0.0158625,604085.2974078975
6.022471910112359,211093.0,62,0.0037313432835820895,1042.007739334027,10.91296,243.937436854176,1935.9453689640943,91.83569651100001,9.84678,0.00580819199999999,974413.5295187165
7.626865671641791,198995.0,52,0.0,1190.6479076479077,8.388686486486487,456.070067226232,4162.864929796482,86.34937275750002,6.915690000000001,0.011145707999999987,618499.1344686262
5.962962962962963,233872.0,0,0.006211180124223602,339.1809004967153,5.700044,138.870000280302,1773.8782278321712,191.03927232000004,11.90712,0.018276929999999983,577774.4122675847
5.214285714285714,246986.0,8,0.0012453300124533001,1504.7937895357047,9.04543,631.8011466242101,12115.619194727997,22.401535230000007,20.9478,0.03368449799999998,172865.52754629924
4.435294117647059,171520.0,7,0.0,734.3047439953511,9.507940000000001,369.590199070092,5470.614260656478,48.162993336000014,12.016020000000001,0.014589485999999994,746911.5165039257
5.684931506849315,203093.0,27,0.0,896.7883229391637,7.075749999999999,238.43721841632,3440.9855428776955,82.2590339415,10.612499999999999,0.022216319999999998,602628.2910614553
4.580419580419581,228287.0,65,0.0,1373.6322265625001,8.24563125,378.9956697741,6840.335157283942,68.17339590750002,21.514000000000003,0.028319181,444292.7172118651
5.684210526315789,196331.0,25,0.0,390.3534961029626,7.682632258064516,256.35591970775994,5006.365858847177,82.055112597,10.647450000000001,0.026855675999999988,631146.5136643415
5.661764705882353,284093.0,21,0.0,610.4298699659133,8.162,164.034215959552,1341.2773889366242,372.3734108800001,8.40033,0.005283839999999991,956795.1285041966
5.735294117647059,225400.0,36,0.007692307692307693,779.5252904051952,10.2188125,304.027870794,4148.643847092265,96.56863836000001,10.4454,0.019337300999999994,349339.69158043753
5.28125,283853.0,28,0.0,394.3801273683795,9.349220833333334,755.0714375045271,10277.82812115752,40.930411728,8.75271,0.02557982699999999,308215.98725730315
6.950413223140496,266106.0,0,0.0047562425683709865,1784.8264223507485,9.805336559139786,807.6985340132102,8968.70153040367,5.8269998475000016,12.983200000000004,0.027140021999999986,39718.15022657349
5.52,206586.0,18,0.0,628.3375851632786,5.601143999999999,152.774270971624,2636.8288674441733,96.315010032,8.70663,0.010385604,932774.9425574843
7.589743589743589,130666.0,3,0.006756756756756757,649.7481539439581,6.190696774193548,204.459558376132,6164.954776591131,45.802436716500004,13.6788,0.030414447,802278.4202235204
5.225490196078432,204181.0,68,0.001876172607879925,1073.1967637517148,9.816746268656717,244.91128896000004,5720.003523336121,108.94821300000001,12.03189,0.028092852000000005,507951.14052558126
5.092307692307692,238560.0,49,0.0,690.5446181617026,7.464374509803921,194.91124140991994,3316.774257527809,58.1422056225,9.0048,0.014226144000000001,615391.1610578765
7.552631578947368,202613.0,54,0.0,570.2272123785016,10.14258,28.3415812794,1198.9985717435998,22.129225728,15.12549,0.01850183999999999,963176.2211356605
8.857142857142858,220973.0,50,0.0,459.2261339962536,8.7672,405.12465380696403,7692.546136012847,85.41980647200002,19.811400000000006,0.02753486999999999,476188.410426888
5.269230769230769,239946.0,53,0.0,906.1389462809917,9.607677419354838,470.47315564088996,3944.532662151984,226.3569462,4.86885,0.010526111999999995,538962.4587681956
7.028985507246377,232693.0,33,0.002061855670103093,1170.9405383376352,10.283590163934427,504.52166454610807,6917.204320562252,61.887785202,8.61924,0.015586109999999999,623383.2510808214
9.46808510638298,165000.0,55,0.0044943820224719105,821.9114867118872,11.607380000000001,489.71833113304797,4120.347090774421,336.18570993000003,8.895660000000001,0.008455949999999999,903177.6388355314
6.803030303030303,157331.0,53,0.0022271714922048997,895.1280115366127,13.264742857142855,525.1493235391919,7207.9317635624775,288.21586543,7.4178000000000015,0.016043328000000006,690219.7575827005
5.66,249533.0,49,0.0,741.4037680440877,5.954747169811321,171.717891271648,2698.589726210559,47.801252052,10.457339999999999,0.01467071999999999,605325.9958196818
7.394366197183099,189216.0,49,0.0,1072.016771196081,11.536875000000004,443.030823615978,5193.483650373481,399.46708764000005,6.976320000000001,0.015582146999999998,684518.4623292448
5.813432835820896,226973.0,31,0.0012836970474967907,1297.6300557852544,10.813298999999999,681.1509721311749,15345.904110098092,65.469811875,7.52811,0.021769554000000003,598974.4457454112
5.846153846153846,231093.0,56,0.0,410.360012755102,5.311084615384616,136.811952661956,3146.741598210778,30.535797409500006,12.01677,0.016618349999999994,652101.7131513238
5.972222222222222,184013.0,45,0.0,521.934,8.84424,376.7859414465,3867.8841841592644,192.88945847000005,8.324160000000001,0.018567839999999995,441451.07001538057
6.85,177888.0,53,0.0,985.0987370242215,11.348083636363636,691.5129899041441,11740.606673232998,52.43969613600001,11.08281,0.014669802000000003,678568.5892791252
5.689320388349515,298493.0,31,0.0017064846416382253,1263.8003985300966,9.827739240506329,484.12762883795995,4434.2392045681345,200.11858497000003,9.284550000000001,0.012084929999999999,542786.3962476314
6.329411764705882,182065.0,50,0.0,1109.598880728762,12.470839999999995,387.99509417779,6750.802385646207,285.4091203,10.00263,0.022208625,643579.3959839786
7.020408163265306,150000.0,54,0.0,702.1241248368339,11.20882162162162,364.04222153551996,6232.108156300197,310.88392312,10.06911,0.018741503999999996,864925.8132716876
7.069444444444445,254106.0,34,0.0019646365422396855,990.2614849900729,11.31488148148148,245.17308154813995,4055.3910132782185,56.859440235,9.457260000000002,0.013561019999999991,718228.3958739155
5.7625,217333.0,25,0.0021691973969631237,815.5875811380935,6.752113333333333,351.41363580414003,5305.61227076604,188.17457169000002,11.23569,0.027641147999999987,552220.1995735144
5.439252336448599,226906.0,82,0.0,983.8593257718968,6.96375652173913,242.14890534911999,2889.011475235426,112.64772172500003,9.714659999999999,0.012359952000000002,536135.7420870792
5.208333333333333,211786.0,43,0.0,400.92400000000004,6.723809523809524,555.388058981504,4064.6287673771158,58.211527731000004,6.718979999999999,0.011826792000000003,468657.2762376397
5.555555555555555,101000.0,29,0.0,270.22222222222223,7.179285714285715,163.28271503296205,4184.416211328806,169.75522872000005,10.582110000000002,0.024294654000000002,653348.1920311347
4.921259842519685,262106.0,25,0.0,1544.8289179708804,7.66627358490566,602.890530900966,12247.92986670432,28.811721708000004,6.826770000000001,0.027368795999999994,266213.3170729571
4.838235294117647,239946.0,53,0.0,713.0112933643262,6.125431666666667,281.88815407876206,4030.80413299342,84.8028793185,7.25736,0.011317682999999995,820389.9564260077
9.2,86373.0,22,0.0,416.8512396694215,11.170333333333334,336.27326552175003,6347.12365402111,42.00329632500001,9.39621,0.008036868,898775.7546369537
6.22,182465.0,36,0.0,667.3264685669023,6.7317363636363625,301.0957617948,4018.320616778555,75.40534638000001,12.294930000000003,0.019040966999999995,815109.9998066473
8.90625,122000.0,17,0.0,627.4664228194711,8.73825,222.437085128958,5531.093968018709,28.439284261500003,12.58332,0.03392556299999999,480736.83559595735
5.285714285714286,209631.0,18,0.0,982.2378050417461,8.249369491525425,317.687940006318,4484.135017483991,72.01111905300002,9.703560000000001,0.02421357599999998,497938.1576726242
5.655172413793103,135026.0,40,0.0,281.4201183431952,5.946757142857143,62.40948503060701,2135.1219279904794,20.446222905000006,13.77828,0.02528958599999999,628481.6686382198
5.277777777777778,230200.0,42,0.0,393.4926145688675,5.337416666666667,100.30295991175201,771.9568398368389,78.34550435400001,12.287460000000001,0.005567840999999986,931459.2819916012
4.914893617021277,185520.0,30,0.012987012987012988,406.7615517475596,8.927325,269.3414552892,5379.343299996641,232.15930275000005,8.38635,0.01925346899999999,697423.5361311807
5.806451612903226,227773.0,20,0.0,303.41836734693874,7.17375,476.75701014975004,9342.64974015692,83.62738766250001,14.397800000000004,0.033004880999999986,439950.9168925842
6.444444444444445,225963.0,16,0.0,506.61717173862263,4.388237037037038,484.08619644159603,5605.08468714196,43.057322280000015,9.42921,0.028894739999999978,333538.89741396916
4.642857142857143,173732.0,17,0.0,888.4944257091847,8.033999999999999,583.49438757024,8541.468986603852,146.48673167500002,9.396870000000002,0.02547727200000001,380417.1686414749
4.4,220933.0,35,0.0,265.62121751512996,4.119333333333333,114.94452841644001,3990.5225711056123,20.571722410500005,13.99233,0.023762843999999984,798458.8311885886
4.615384615384615,269480.0,15,0.0,214.7814419885601,6.418857142857143,425.654195350735,10352.786472878688,59.68374789000002,4.847550000000001,0.021965102999999993,608166.3425658386
9.5,255280.0,13,0.0,417.8366402116402,8.133393333333334,182.074891383264,2549.2794927505934,110.40483114000001,9.177900000000001,0.015366792,698873.4318341785
4.951219512195122,228106.0,33,0.0,545.5049142857142,9.763487999999999,237.81682268481595,2204.58074140233,81.8842878585,10.185270000000001,0.007778879999999992,869901.1565684199
4.895833333333333,183226.0,15,0.0,498.9540097110189,9.964,359.3430174384,4719.118155860951,217.17667127000004,8.19396,0.018066239999999987,572000.1190748641
4.888888888888889,221484.0,14,0.005681818181818182,314.5227272727273,6.516224,178.867498118608,2031.3348748687808,71.7521961,11.35134,0.013683599999999997,775717.4679366214
5.961538461538462,177906.0,15,0.0,290.7346169027674,6.093050000000001,295.936624183101,6187.858517687771,91.14326427900002,8.60145,0.020206034999999983,721196.5315284957
6.42,194997.0,12,0.0,723.2007354208562,8.02918695652174,553.2102145870301,8448.054589570898,44.40038596500001,10.08951,0.031790843999999985,402033.4837206638
7.176470588235294,98626.0,16,0.0,258.12574316290136,5.0247363636363644,94.25675946726,1510.20165290632,52.05796654500001,13.97694,0.020999411999999995,746648.1617306942
5.342857142857143,214293.0,33,0.0,301.25133689839566,10.34671,176.562353530464,993.141376981398,97.393824903,10.49649,0.004704551999999985,866726.4926720314
9.25925925925926,198853.0,32,0.0,468.9981096408318,9.29102564102564,537.8968225401,7443.986965720133,36.278435340000016,10.212270000000002,0.0148005,440552.7941114631
8.81578947368421,169591.0,14,0.0,740.7261357523595,6.278405660377358,246.193282257153,3684.509908815693,54.36541224000001,10.784010000000002,0.022326656999999996,581460.6872009754
9.2,228053.0,14,0.0,354.0905687718874,5.616460606060607,439.72073698105004,6666.093492050157,67.81369353750001,4.83243,0.022054541999999983,461218.37572587305
9.592592592592592,170080.0,29,0.0,738.2470845481049,7.301333333333333,496.2231386422399,10317.568558921339,72.50871769500002,6.71976,0.028658279999999998,494853.93197335384
5.032258064516129,195893.0,18,0.0,294.1204986149584,5.710675862068966,355.20042915067205,4344.1433586479525,88.42645778849999,8.6379,0.014201663999999996,812033.8693229439
8.689655172413794,196920.0,16,0.003968253968253968,370.00013437248055,8.513662499999999,439.8968261462281,10374.774015934314,279.99181584,5.6860800000000005,0.030279584999999994,550532.0293814094
4.785714285714286,259226.0,12,0.0,210.32093663911846,4.937341666666666,352.13692149742496,6449.178980626026,81.082483035,4.374690000000001,0.021760490999999996,578341.3508708999
4.827586206896552,293000.0,18,0.007142857142857143,295.78344885528253,6.4658461538461545,611.82800063136,5586.118108041098,56.28716426250001,3.965340000000001,0.014798447999999988,341713.23416642647
4.705882352941177,129613.0,16,0.0,134.35897435897436,6.756266666666666,226.08076078669998,3795.37129282163,304.96855960000005,9.99282,0.01125370799999999,925345.8946031932
6.636363636363637,228360.0,12,0.0,290.0,5.561991666666667,269.710600658289,2385.6334548607065,206.99945832,8.406360000000001,0.015577769999999986,437133.47428236797
7.193548387096774,202568.0,11,0.0,486.75941323031276,5.822587179487179,426.412824968088,8447.044687887168,108.01524470100001,8.95902,0.03669400799999999,604841.6551153788
6.4,215093.0,11,0.010416666666666666,371.0967741935485,10.87296,516.951140500648,8954.736285059998,79.05664177650002,7.603740000000001,0.022474727999999992,681452.9253517746
5.0,205440.0,14,0.0,278.961038961039,5.460148148148148,206.83926286256795,3049.794360351576,77.41758610950001,8.362680000000001,0.014561639999999994,706150.5354739825
4.9375,170080.0,29,0.0,293.7341772151899,4.715025806451613,175.000565296458,2393.0410156197936,283.6169100000001,7.690170000000001,0.010144730999999983,800421.1789531915
7.142857142857143,198440.0,12,0.02,260.4066666666665,7.1968749999999995,336.53360356861,4034.354247462925,249.22263999500004,7.97361,0.011302181999999997,765628.0573906949
4.138888888888889,242226.0,17,0.0,329.0472770511295,6.6776833333333325,270.54442030399997,2959.4372215387175,383.32663770500005,9.856440000000001,0.011428919999999988,938807.1683797206
10.0,282840.0,15,0.0,4.53125,9.808,179.96778880192,2184.0399995895605,95.07569724,8.91789,0.011593799999999996,707733.9180692395
5.758620689655173,186333.0,11,0.0,315.52694610778434,10.101644444444448,248.309978015312,4057.828790942754,198.43730049500002,11.94321,0.020532959999999992,799957.9775721987
5.724137931034483,202253.0,11,0.0,373.41921028466487,7.215466666666666,235.302329065176,2277.1659275832017,400.74570973000004,9.40353,0.024335360000000007,985576.9867851974
4.310344827586207,212626.0,17,0.0,265.66576887467386,6.2943181818181815,115.98754961879,1824.9417330832805,74.45105835000001,13.04334,0.013924247999999998,878081.2416249103
6.021739130434782,252666.0,13,0.0,565.8668896228631,9.371833333333331,488.70191199374995,11197.23329086432,267.18965875000004,3.5887500000000014,0.031659228,479703.9852137893
6.212121212121212,166800.0,9,0.004878048780487805,393.16097560975606,7.3011060606060605,357.329350884415,5260.543688694172,211.33975330000004,8.83716,0.01877730299999999,566278.903573751
10.833333333333334,262106.0,25,0.0,96.6,5.6012272727272725,385.32766106132595,5071.128834320983,329.15883658000007,1.9463700000000008,0.016354380000000005,514658.9614506734
5.538461538461538,228360.0,12,0.0,178.80555555555554,5.063815384615385,269.710600658289,2385.6334548607065,206.99945832,8.406360000000001,0.015577769999999986,437133.47428236797
5.222222222222222,182186.0,9,0.0,252.99999999999997,6.440021739130434,164.89361381943996,2095.1276387985617,228.78164747000002,11.564580000000001,0.04180718000000002,809041.8504335503
4.138888888888889,190746.0,8,0.0,311.63759617188964,6.537374999999999,213.32640772988995,1910.4828022236172,84.05565415800001,10.42986,0.009408366000000001,810441.9393713238
5.534883720930233,231920.0,13,0.004201680672268907,488.2951347784743,10.925841379310345,497.87168880329097,7835.108215633799,109.92651318000001,8.12472,0.013323386999999999,936815.3906314922
8.305555555555555,187053.0,46,0.006688963210702341,1316.2716310809647,10.484394594594596,391.125317995464,3485.1143533832987,108.14165949600002,9.267510000000001,0.009676589999999992,774192.2108631043
5.963855421686747,203040.0,58,0.00808080808080808,1087.0015142501757,10.032559322033897,426.393400736436,5214.174657202002,240.77319576000002,7.44699,0.013935408,632990.2497620521
7.072727272727272,170000.0,52,0.010282776349614395,851.002871537839,8.921066666666666,375.438375541456,6222.4229367756325,118.340390994,8.08539,0.018106704000000005,788900.5395055516
6.301369863013699,198026.0,63,0.017391304347826087,874.8373587150506,10.595659574468087,207.35182809939602,5716.661158743709,162.62983691550002,8.54493,0.01364520599999999,1424472.9925914218
7.728571428571429,198173.0,45,0.0018484288354898336,1089.9983719255977,10.753774137931035,257.89587133785295,3738.2916189094485,95.92508741400002,11.61429,0.015819389999999985,967900.4764168508
6.183098591549296,261360.0,48,0.00683371298405467,939.8800504971983,9.678752727272725,370.22370676828194,4587.490531086731,113.984053227,8.69877,0.011327645999999995,961175.9402203225
7.578313253012048,162411.0,68,0.0047694753577106515,1337.1495495495496,14.442651612903225,528.503108362024,6178.345095000003,70.494633336,8.86026,0.011190744000000002,644133.80837775
7.666666666666667,211500.0,49,0.004968944099378882,1715.2615286779078,13.718790123456792,827.5013451992,7802.738688124797,80.67145372500002,8.700660000000001,0.016357139999999985,499045.0847021293
7.555555555555555,158093.0,52,0.0,891.5200390708463,10.153371428571429,518.0174306943999,3845.543491943998,233.63859831000005,9.32724,0.014351999999999988,490334.905640003
7.157303370786517,176600.0,40,0.012558869701726845,1381.125687595093,10.908194594594596,504.1102546275841,7116.414337772707,51.70506858,10.20567,0.028927463999999983,369476.88014481246
5.720588235294118,158093.0,52,0.002570694087403599,850.0750063123344,8.65167755102041,423.55584933984,7521.814975340819,38.85272748000001,7.76865,0.03441266399999998,285957.19140747486
6.466666666666667,189533.0,50,0.006185567010309278,958.6217774452119,8.465861538461539,326.770780885056,8836.833172775478,340.21946472,9.25284,0.026246843999999984,891864.2876730444
5.152941176470589,178120.0,48,0.0,910.8449853838752,7.422600000000001,555.3680520991361,10381.580136611008,136.91239414200004,6.833970000000002,0.023490194999999988,714754.4431207684
5.602150537634409,214146.0,47,0.003838771593090211,1207.0620365650968,11.072986666666665,584.3669730056479,6420.393998484478,214.80057970000004,8.76594,0.018130463999999995,487180.0047067445
6.54320987654321,211200.0,43,0.005660377358490566,1131.7708333333335,9.434000000000001,329.16040123797603,3643.9959689882335,104.51088202800003,8.08356,0.010483632,824333.9522664462
6.495575221238938,235000.0,47,0.0,1443.184013267543,13.114745000000001,418.90801995545996,2607.0819555260696,77.76917763750002,10.980360000000001,0.005332649999999996,906863.2870463942
6.8933333333333335,178160.0,35,0.007736943907156673,988.2811720226842,14.031600000000001,475.99487819068804,5501.419245972236,79.40291938650002,8.47545,0.015657384,575289.5979333284
6.830985915492958,233215.0,45,0.002061855670103093,910.4343636925365,9.050593220338984,442.72600968168,7385.40102600647,229.18539816000006,8.084100000000001,0.02527442999999999,543351.1611668465
7.135135135135135,174492.0,44,0.005681818181818182,1006.9928166351608,11.563200000000002,419.8261170261241,6662.997071389577,91.82227655250001,10.845270000000001,0.016602284999999998,883140.0484418676
6.036585365853658,194160.0,54,0.010101010101010102,1045.2868963279434,8.738871428571429,265.210476093732,4425.609463315043,188.39221206000002,12.10038,0.02153402999999999,659015.56124699
6.573333333333333,201344.0,55,0.008113590263691683,1058.6466014661569,14.724965957446807,739.9582225165519,6375.370800531561,248.60174002500005,9.598650000000001,0.011296151999999993,664843.4258354263
9.701754385964913,176133.0,43,0.0054249547920434,1254.32796840496,12.522132000000001,388.73400669417606,7280.3010233251225,296.9324164950001,9.28788,0.024395448,726523.2958868948
7.3375,161583.0,51,0.0017035775127768314,1231.6937142857141,13.757053448275865,398.55594880003497,2593.3103507931123,234.8728654,10.3059,0.008171177999999998,602417.4801206231
6.396825396825397,181875.0,60,0.0,798.7582548248422,8.096636363636364,272.0403131472,3716.92684723005,324.50102091,9.2391,0.013526028000000002,839022.4880984597
7.098591549295775,199200.0,38,0.0,988.2909270216962,8.443326315789475,396.69371682786004,4818.189819510227,315.51920595000007,9.58689,0.011836451999999996,899294.442184481
5.433962264150943,150626.0,48,0.003472222222222222,629.490234375,7.569920000000001,209.11947186393598,3644.803308671771,45.418736694,11.95827,0.017981039999999993,708388.3835680997
8.224719101123595,240939.0,46,0.00273224043715847,1626.3301939199998,12.897276923076921,437.76977597064,7099.357689067439,66.02543568,11.50038,0.018097907999999992,756256.7338582664
8.096774193548388,113103.0,42,0.00597609561752988,987.9910716329755,16.54143404255319,676.1823011574841,7335.0418633622,100.53294713550002,9.383790000000001,0.009818172,645474.4424699101
6.989130434782608,170700.0,41,0.003110419906687403,1220.644019415522,13.329804838709679,604.089470557265,6653.831543692028,73.203261705,8.37162,0.014417711999999985,640385.9446546708
6.8375,206386.0,33,0.010968921389396709,1077.7476468182774,9.20942875,388.21097659343997,6566.695113429001,85.72356268500003,10.15749,0.015035999999999999,858100.5959261891
6.273684210526316,200106.0,35,0.0,1226.0743837771688,8.370275268817204,424.761281193672,5104.587966242427,95.3846119215,8.05263,0.010312896,844925.3383120316
6.857142857142857,180863.0,76,0.0024509803921568627,1958.7508734211233,9.340627027027027,368.34991361059195,6270.195284135578,73.96562924550001,10.195830000000003,0.02116675799999999,633163.4632892483
9.94915254237288,203413.0,33,0.0,1147.2526746227886,12.760032786885246,529.1860251740401,6475.185905078003,66.26034268650001,9.37194,0.014571923999999998,654517.3103998149
6.044943820224719,90853.0,33,0.013011152416356878,1139.365630511464,8.262892682926829,467.2127930493779,3314.4213805516815,91.06457990400001,8.37594,0.0112992,533757.8754535073
6.741935483870968,223933.0,35,0.004784688995215311,1242.0961201334444,8.0223,497.78534155779,7782.604757147294,83.255891472,6.7782,0.018026946,644402.0065786062
6.75,167880.0,62,0.0,548.1666666666666,10.4049,278.96391870633,4230.037549433783,306.20929779000005,7.312920000000001,0.013336595999999992,811003.6027885631
5.694915254237288,147241.0,58,0.0,614.595733189306,9.954442105263158,265.293889748238,4946.86008468083,254.40527214000002,9.778170000000001,0.018673997999999994,773181.7780841172
7.193548387096774,217480.0,33,0.004484304932735426,1003.0557716328937,8.69954857142857,405.042324650756,5101.813924747813,319.31941158000006,10.457550000000001,0.01271556,822681.8019538741
5.990196078431373,176746.0,1,0.004909983633387889,1262.6845585172844,7.329603921568627,342.41476076752,5021.104986106563,109.59444289050002,8.9577,0.011884056000000002,1024742.1741129692
5.903846153846154,148053.0,42,0.006514657980456026,648.3936222971632,9.209999999999999,501.2716868159999,8192.896231451368,80.523683394,7.26681,0.01859877599999999,692252.7910505512
6.45,147000.0,41,0.00516795865633075,898.0873074945713,10.161631914893617,535.37476813072,5049.105874286277,81.81172995000001,9.012720000000002,0.014489357999999992,633190.37619885
5.446280991735537,202201.0,53,0.0,1214.467037671233,13.021240909090908,457.48869902870405,5257.365436706651,75.06421459200001,8.39811,0.011281802999999997,733562.7469278491
6.869565217391305,178093.0,44,0.006329113924050633,867.79118897929,10.03695,471.76571286537,5679.850429494001,361.0489708,8.112240000000002,0.016194846,719226.5644496698
5.942446043165468,240055.0,30,0.002421307506053269,1833.5944919278256,9.363002020202021,398.8674487422721,4828.341379155201,86.167731582,8.32713,0.019520687999999994,545451.9953028135
6.628571428571429,244281.0,56,0.0,1430.0484468509544,10.230351219512196,339.99310326303,3610.4306771402994,95.60941373249999,8.80968,0.010727510999999995,799367.3673699902
7.844660194174757,158093.0,52,0.006188118811881188,1718.5912100305623,11.072354545454544,477.80450268222,3821.7638951836816,269.5358901300001,6.983070000000001,0.013135320000000004,464587.4731479809
5.466019417475728,259972.0,41,0.007104795737122558,1266.7787393126696,9.956616438356164,598.0830704518401,5672.566296770356,107.69420276400001,8.67558,0.014573430000000005,658809.6494629481
5.823529411764706,192611.0,59,0.001443001443001443,1433.7212551969224,10.545829411764705,384.87388142684,1770.219537262019,293.42938245000005,10.26165,0.005965718999999992,706152.4726347647
4.716666666666667,160496.0,66,0.0,1184.4068075077855,9.930874285714285,533.214916117776,6703.801060481327,169.21927302000003,7.75959,0.026005566000000004,299910.3539826771
6.113821138211383,251320.0,61,0.0,1465.6201224308334,12.173339759036145,502.6696749438,4156.93393483137,75.44299376250001,10.993409999999999,0.012577319999999998,654401.0183996711
7.035087719298246,147366.0,56,0.0024937655860349127,825.3536931818181,13.207673684210526,278.095089328308,3213.022647934177,371.00836901,10.59177,0.010275203999999987,965759.2877548012
8.04,136956.0,54,0.007462686567164179,806.4071856287427,14.965566666666666,390.09473507507,4585.061273248042,77.491152615,8.99103,0.010301255999999998,758624.4774165393
5.941747572815534,158000.0,36,0.0016339869281045752,1245.9001510090147,16.709866666666667,584.392238894856,6293.151370837633,116.86544724300002,8.832840000000001,0.008784000000000004,860931.54593706
6.911764705882353,202500.0,50,0.002127659574468085,992.2124225933572,10.740403846153844,303.712978006602,2784.4144345630066,280.47979296000005,9.1569,0.009418793999999992,752624.776522643
6.476923076923077,158710.0,38,0.0,784.3320655437674,12.014973913043479,518.509500702768,7802.016598461668,187.65565650000005,10.22112,0.021830928000000003,535385.5778496108
6.294871794871795,144000.0,35,0.006109979633401222,1054.534090909091,14.490768085106387,418.985662496544,4567.4123318928005,326.24973146,11.15934,0.011339231999999998,883107.8100134864
10.0,87531.0,33,0.005,426.9305268595043,13.47294117647059,201.521679446304,2763.020380564194,206.5582488,12.675180000000001,0.013711104000000002,991325.0425890234
6.290322580645161,153139.0,62,0.010256410256410256,1519.692198154284,9.345555555555556,477.23579360928,6763.278526894381,99.42874284600002,8.711640000000001,0.018780011999999995,624062.2835483984
6.052631578947368,261360.0,48,0.020289855072463767,691.5575247534243,8.858382352941177,718.765290960885,8697.006436,73.743905223,8.91174,0.017630963999999992,626648.766425532
7.4605263157894735,160496.0,66,0.001763668430335097,1166.4577732619548,9.505944,513.407963887624,5339.542134302774,63.54734353500001,7.84323,0.018494280000000002,389907.6697868772
6.682926829268292,107124.0,34,0.0,590.8259155317573,11.68353125,394.664098038435,4798.442545803646,55.674173601000014,12.13602,0.015682751999999987,675948.1663369671
8.25,284250.0,49,0.006734006734006734,632.2715606689453,10.910699999999999,553.2054952311901,7110.9693585759505,38.070106020000004,9.13953,0.034000460999999996,227957.47907504122
4.601503759398496,214146.0,47,0.0,1440.0688993102092,10.135355844155844,584.3669730056479,6420.393998484478,214.80057970000004,8.76594,0.018130463999999995,487180.0047067445
5.368932038834951,226906.0,82,0.003616636528028933,992.5146266997579,7.83289540229885,565.882993247884,6562.086013015345,188.87475301499998,6.457020000000001,0.021264243,1107306.3684385966
8.191780821917808,172640.0,49,0.006688963210702341,1236.5499574957196,9.188780487804877,762.732044739,7355.719470247002,172.48006795,6.31149,0.02100192,282867.6521438608
6.108108108108108,217500.0,72,0.0022123893805309734,910.4265402843602,10.450715789473682,704.876244805062,3133.2892493566715,78.9737844615,6.063600000000001,0.006875895000000003,475267.32503337733
6.858823529411764,169411.0,2,0.005145797598627788,1207.611582954337,10.165965333333334,546.7900593200239,3741.4044021490386,82.78262961600001,8.674050000000001,0.01272945599999999,454299.9881993725
7.232142857142857,160496.0,66,0.003703703703703704,1962.0778799351,10.559226804123712,515.50649106804,7241.390914294731,79.02425678400002,6.944910000000001,0.019044606000000006,508604.6395356152
6.142857142857143,162411.0,68,0.0,630.5126953125,10.72272894736842,560.761275499782,8379.176584181632,65.20172205600001,8.66871,0.022872329999999996,419730.61484909995
5.891089108910891,176000.0,78,0.0016806722689075631,1082.2910044500952,8.809541666666666,551.4946425430361,4441.560936949245,200.04420144000002,6.99408,0.014290665000000001,1260455.829001563
5.081081081081081,201344.0,55,0.005319148936170213,475.00621024502243,5.565635555555556,521.42652320412,6104.846295221759,224.51660860000007,9.203940000000001,0.018081263999999993,474628.7789725233
6.161290322580645,176133.0,43,0.010471204188481676,429.65704315886137,8.46791153846154,416.69636466641805,6329.883381173822,249.30384238500005,8.3124,0.02637387,453334.1292637293
5.94392523364486,155532.0,79,0.0,1326.7971586193785,7.628912621359223,628.216123900365,7329.753716380459,82.120550094,5.891640000000001,0.02000303099999999,430990.32180749404
10.090909090909092,195535.0,51,0.009009009009009009,578.7725565551576,5.2466,905.87912715456,12788.389660554429,35.93633100000006,6.65664,0.03730770299999999,68968.91270326827
6.65686274509804,195626.0,42,0.0014727540500736377,1333.6434707182632,7.15666,430.331451273872,10795.678338294454,347.95202385,6.543450000000001,0.02812509000000001,608674.2515227081
7.78125,195535.0,51,0.008032128514056224,458.99076638965835,10.5109125,172.65141008082,2345.8670053439037,117.10022043000001,14.492609999999999,0.01871104799999999,613455.9962193748
5.1875,214000.0,27,0.012048192771084338,736.8258064516128,12.629078787878788,113.26998427089302,967.6537133342725,122.01327414000001,13.92792,0.008151191999999998,716281.2568074793
7.041666666666667,195535.0,51,0.0,341.89884649511976,13.13030588235294,198.938956677552,2315.5103669958894,127.67074807500003,14.54988,0.016381823999999996,754704.9586061328
6.3580246913580245,245613.0,51,0.0,1092.1514416764414,9.372274647887323,938.593077737964,16479.7905392076,63.42415396350001,8.767800000000001,0.02421588299999999,377464.1254590191
7.345454545454546,229116.0,38,0.0049504950495049506,904.8023642713952,6.547176470588237,361.219639734,3790.630812793079,327.65718825000005,5.226150000000001,0.030188639999999975,794659.7533976971
9.419354838709678,250893.0,58,0.0,1277.8971008148562,10.09569142857143,659.3524794691581,7656.6174178958645,127.34606806,3.0111600000000016,0.042946050000000006,374197.8598257742
5.032258064516129,250893.0,58,0.0016025641025641025,1352.539081108878,12.899586206896553,631.3354913334701,9829.941184823758,47.71774518000001,4.845180000000001,0.017504759999999994,478092.2095124608
6.222222222222222,275270.0,49,0.0035714285714285713,1206.980841573943,11.597939393939393,431.931904224416,8112.269179557089,74.27306730000001,8.500200000000001,0.014466600000000001,779607.362408773
9.451612903225806,225400.0,36,0.0,1263.5517675422238,8.881473170731708,148.37719342211997,2862.407100383718,44.20005006600001,12.08145,0.010772747999999992,998412.2216630096
7.514705882352941,229302.0,52,0.003913894324853229,1125.5134729957888,8.10328076923077,505.18321217641204,8356.984138663847,63.41516319600002,7.328520000000001,0.021474899999999988,508705.87608634285
5.3023255813953485,263706.0,51,0.0029239766081871343,1601.1269482450923,8.124990291262137,330.65604428750004,5073.2788700699975,55.45773816000001,7.8119700000000005,0.012708233999999987,675273.6986596922
6.197802197802198,220908.0,43,0.0,1251.852998065764,7.395035294117648,138.8544282405,3009.393986067379,72.39432611250001,11.850450000000002,0.014155518000000002,1047270.5244093012
7.710144927536232,208003.0,41,0.0,1175.6207639714626,9.4689,542.783070889092,9001.892578930561,82.59086836350001,7.17138,0.017650331999999998,588092.1003766318
8.066666666666666,223098.0,42,0.004132231404958678,1369.088168198679,10.00158556701031,503.080614827056,5114.664402344439,77.23018556400001,7.21839,0.010458422999999991,622712.7071421016
9.0,266266.0,36,0.0,1283.9556952012867,11.894572602739727,406.41591405004806,6993.627702152203,57.81229961400001,6.118710000000001,0.012811349999999997,711003.9106331785
6.65686274509804,285626.0,41,0.0014727540500736377,1468.2826519925359,12.559758974358974,498.38592993920406,6841.257539222306,44.816255091,9.89361,0.013374863999999998,522323.3842489532
7.274193548387097,236006.0,37,0.0022172949002217295,1018.6898511944019,7.710913157894737,350.99189041086004,2757.0032756185933,363.43576764000005,8.75502,0.005702399999999997,1024391.9173147486
6.573529411764706,250706.0,54,0.0,927.0689589530041,12.054976470588237,188.649063434676,4442.901401729337,20.946762552000006,13.060830000000001,0.020652510000000002,486980.02590961725
6.03030303030303,254680.0,59,0.010050251256281407,1062.6633202975122,10.035172,342.776409450538,8121.9087657950995,110.20509713850001,5.496420000000001,0.01349727299999999,952957.2081071755
8.049180327868852,261752.0,37,0.002036659877800407,1150.6097831118166,12.662241509433962,380.811186773976,6600.179112358654,104.74736504400002,7.296480000000001,0.011224500000000002,862141.4109979075
6.137614678899083,246443.0,37,0.0029895366218236174,1492.810197439242,11.794470000000002,391.38470398344003,7151.096669935793,88.66532238750001,10.77033,0.013789439999999998,973734.8152861578
6.573170731707317,262853.0,54,0.0074211502782931356,1310.9187218399472,7.95943076923077,369.89925825371205,6809.581865434493,42.04134575850001,9.13431,0.017289521999999995,506627.54260344617
9.285714285714286,228754.0,36,0.0,1129.8881349099704,11.438142857142859,418.95915829270797,5573.551748463272,297.002120485,6.768090000000002,0.009687972000000001,963138.4846392534
6.672727272727273,272746.0,34,0.0013623978201634877,1678.2337526888728,11.747670000000001,672.58015646976,13555.213472954783,107.45422080000002,4.85235,0.019845539999999988,374767.60430456384
7.466666666666667,242373.0,35,0.0017857142857142857,1303.758461866282,11.089671641791044,459.31440959006403,10367.050723161663,166.36268257500004,8.16753,0.017801532000000002,674153.7672046688
8.313432835820896,223760.0,43,0.005385996409335727,1243.5037162389144,8.83504605263158,184.81067010188,4725.932232167085,28.58617063800001,11.796930000000001,0.020334716999999995,653722.8517116079
6.483870967741935,251413.0,50,0.004975124378109453,1309.6543854295967,8.714752325581395,163.600154177103,4645.887446802241,19.521145434,12.37734,0.022501200000000006,535525.3086936766
7.428571428571429,254680.0,47,0.005494505494505495,1766.0707725195173,13.34957866666667,71.65237275982,3058.6772093030995,28.03953534,14.248199999999999,0.016872966,932801.4749023272
8.285714285714286,235186.0,49,0.0,1203.519890260631,10.372645161290324,229.823116671456,4870.399508989876,300.0124056,8.850990000000001,0.017421095999999997,814426.2048328868
9.82258064516129,235853.0,52,0.0,1356.0332056194127,7.531556962025316,256.65325786266,8611.148651929603,26.404101324000006,8.39922,0.03825432000000001,370510.6691584829
5.831325301204819,234933.0,46,0.0,934.7336182336181,7.069898795180722,116.84142297203599,1990.3545761247588,25.850060685000006,12.993150000000002,0.011558519999999989,751124.2085466506
5.81981981981982,247493.0,50,0.0,1228.2869890344673,11.799623880597016,99.116009959752,3166.9728115273692,14.047923883500001,13.92861,0.026652725999999988,500925.5758303222
5.288888888888889,200480.0,33,0.01680672268907563,1070.2611395178965,8.5512,543.2974830403921,10054.365942321605,42.757310259,4.2009,0.016771584000000003,483991.26686581306
8.452380952380953,273000.0,35,0.0,1383.3560758123324,13.474118421052632,582.476461442304,11632.275412803552,284.21773575000003,8.230770000000001,0.016446590999999997,717067.1191286268
8.969696969696969,283013.0,44,0.0,1031.8144518509653,9.329755555555556,502.212973237976,8794.515104315236,270.62911128,3.951810000000002,0.019533717,577809.3107367341
6.067567567567568,237826.0,41,0.004454342984409799,1140.3798691255204,7.260594117647058,72.731637623868,3398.0787446332993,22.636599552000003,12.71559,0.02974438799999999,558144.4615136733
6.177083333333333,218000.0,42,0.00505902192242833,1184.5238710743802,10.628509589041096,67.792886920608,3018.236272345152,13.1043200355,15.1497,0.03088044,624587.3382118032
7.253521126760563,289440.0,45,0.0,999.6789836759785,7.742166666666667,126.05808966865402,3651.702425667453,27.650619546000005,12.308280000000002,0.022720571999999998,597799.5221600065
7.234567901234568,249693.0,44,0.013651877133105802,1213.3964901844138,10.2674525,377.499342649077,8151.860592774265,114.17813055,8.89269,0.013147596000000006,1005260.9015813479
7.306451612903226,224053.0,41,0.0,1175.336588722507,8.17122676056338,486.01428721977607,9901.986702845044,63.705085143000005,6.120390000000001,0.019849368000000006,554983.6621373855
8.813953488372093,294106.0,38,0.0013192612137203166,1329.8352,11.017654945054947,210.294819781431,5078.970102298001,71.04989738000002,13.07334,0.023943492000000004,504371.70586789266
7.095744680851064,215813.0,39,0.0,1927.36437189417,7.098225210084033,289.53142438080005,6908.832307573396,62.858365920000004,8.55096,0.015602400000000004,822919.3790088603
8.711538461538462,239386.0,35,0.011037527593818985,862.2150792024901,8.341994999999999,281.02631333868,2936.8012975290026,328.91059019000005,7.088940000000001,0.022201900000000004,1075640.9400286998
8.0,277666.0,37,0.003289473684210526,1424.2458163265308,9.140028235294118,507.7516125292561,8992.556483205117,103.81863341700002,20.976600000000005,0.01695481199999999,740564.8055325161
9.666666666666666,242053.0,38,0.0,1194.3673683291115,6.404145652173913,287.463490914534,5974.158460076686,49.582189602,10.240559999999999,0.025882415999999984,569226.3331760301
7.96,229786.0,35,0.0016750418760469012,1500.9256804293163,8.498325773195877,676.8637234067519,15406.538472160899,56.815270680000005,5.6227800000000006,0.025113792,398083.42188977706
7.8545454545454545,185026.0,34,0.0023148148148148147,745.508973793986,10.796072727272728,533.48945883093,7802.024602722483,78.14054998800002,6.83862,0.013315028999999999,634240.1657167799
5.383928571428571,306626.0,34,0.001658374792703151,1409.8586096938775,6.904667368421053,379.619857338582,7867.031970330203,105.93128517300002,4.28379,0.016661627999999998,826447.3010315278
8.940298507462687,247849.0,42,0.001669449081803005,1283.490405251862,12.688172580645162,604.845906190888,13568.750034609,71.32482238200001,5.529690000000001,0.026354658000000003,460219.9694451194
7.548780487804878,191480.0,34,0.0016155088852988692,1359.6629559484738,9.71535238095238,459.33132413145603,9971.440151435752,109.25471106900002,7.125240000000002,0.017521560000000002,832694.6026377892
7.29,230093.0,45,0.0054869684499314125,1334.4360790314408,13.621760240963857,661.0357434653049,12437.236619808451,79.65256669500002,9.510480000000001,0.012338144999999997,771754.5519064235
6.895833333333333,122293.0,33,0.0030211480362537764,660.7468312757202,7.807535087719298,282.76376353623,2545.2824235090025,55.02389143050001,10.60911,0.006640524000000002,821713.4558320383
4.407894736842105,185000.0,35,0.0,781.7651864196322,10.291036585365854,397.3694743139,6195.626381176322,64.86181062000001,8.6319,0.016640738999999998,628958.1656209324
6.75,291720.0,39,0.005050505050505051,1565.9945351241163,8.232020689655172,510.412704370398,14628.24043857792,47.12519877450002,6.6370499999999995,0.039419351999999984,357983.8429240885
8.26984126984127,237666.0,38,0.005758157389635317,960.0153562842538,10.359472058823531,550.3505377043521,8633.23288613478,89.06589271800001,6.00996,0.013030157999999991,729301.7864869989
6.430769230769231,218066.0,43,0.0,773.75318877551,10.9269,594.0312409242359,9841.74064739033,246.99639576500005,3.3210900000000008,0.016330470000000007,649669.5630501383
4.205128205128205,252546.0,36,0.0,1572.819662777953,8.096636842105262,388.01239910591397,10188.590560746445,114.6331602405,4.695930000000001,0.017632191,829444.1233784896
9.182926829268292,208746.0,37,0.0013280212483399733,1642.1726066059057,11.997549,811.4623291190879,14323.64821935291,67.48159482000001,6.743370000000001,0.011402369999999998,480441.23296863
6.815384615384615,241813.0,33,0.002257336343115124,893.5981741407081,7.2818125,319.30717373406,8801.744026733,91.03268954700002,7.175940000000001,0.025126317,665972.1126251518
11.216216216216216,203226.0,34,0.0,934.0676483452397,9.024866666666666,532.788619882512,10851.324781815845,247.08329134500002,4.8058200000000015,0.014614559999999988,752157.8075054688
6.545454545454546,227013.0,37,0.0,796.2158203124999,13.921199999999999,691.297776589376,10909.196232547081,246.99022241000003,8.2902,0.019145025,526816.2182846584
5.914893617021277,215653.0,34,0.0,1235.7763433736777,8.898851282051282,644.260273952964,9742.48418513055,42.235078389000016,4.6720500000000005,0.018034379999999996,384917.2530273814
5.711340206185567,173333.0,31,0.0036101083032490976,1222.2956684714702,10.362108333333333,119.61325886934601,2973.9943180002647,22.936066609500003,14.643300000000002,0.020831481,719666.4356833128
5.861702127659575,232226.0,36,0.003629764065335753,1478.3564732407735,10.75168695652174,731.708259758784,17612.888664208385,80.16887619000003,19.089600000000004,0.028533119999999988,491954.64367022476
8.862068965517242,114506.0,30,0.0,645.970567867036,10.341394444444445,461.422739190888,5905.729398906227,144.91483311000002,9.514830000000002,0.009149867999999992,658805.3162870351
5.158415841584159,214443.0,29,0.0,1244.8705563813442,9.044932142857142,335.33557131382497,5080.945118858854,156.05775705000002,9.25539,0.006392622000000002,1341658.906198372
7.202127659574468,231573.0,32,0.0014771048744460858,1602.5149635966459,12.82186582278481,447.654713108368,3651.1230310234696,75.92488360950003,9.56907,0.005045544000000001,871447.080315357
6.542857142857143,231346.0,36,0.002183406113537118,764.2942174267931,9.834901886792451,479.89143940871395,10571.357363910418,67.03836083550001,6.35304,0.026481704999999994,561238.1117335527
9.28048780487805,227400.0,28,0.013140604467805518,1734.6918444825565,12.083784705882353,369.1496986079759,3671.75520736748,97.7051873355,8.235270000000002,0.0071107530000000035,884965.8851598375
5.626262626262626,237133.0,34,0.003590664272890485,1077.5027469135805,9.403380821917807,654.0161866056,15123.883132461593,224.26380090000004,5.165100000000002,0.03173051999999999,1440443.2305313505
5.6571428571428575,266040.0,25,0.0016835016835016834,1278.1456758034026,11.9169,340.955767107372,5254.958262761136,291.2830872850001,11.02431,0.015378809999999994,843819.4610221288
8.104651162790697,234880.0,33,0.0014347202295552368,1176.3404334323518,10.089262365591397,617.309720692542,15421.397381306879,60.114170709000014,5.7885300000000015,0.03162499199999999,357126.81594960165
7.529411764705882,221653.0,32,0.003125,1387.3046978279194,12.087088607594938,804.8650633932801,13306.745106256623,56.01824745600001,5.06688,0.01633867199999999,355391.0622104356
6.571428571428571,259626.0,24,0.0,1211.886217948718,11.241928205128206,525.421571274096,5195.55670464422,67.199915286,7.767060000000001,0.00990679199999999,621163.5742138084
6.615384615384615,245853.0,75,0.0029069767441860465,1510.650510880752,10.36681237113402,351.32329707552003,9563.569053075002,29.86949853000001,10.723740000000001,0.015604991999999998,632679.8638715175
4.993243243243243,258133.0,27,0.0,1288.537623486589,13.666295774647887,495.83538955976996,8019.13877529221,74.68323393600002,7.140149999999999,0.011669135999999998,894126.2164871364
5.752475247524752,173333.0,31,0.0034423407917383822,1224.0510166113447,10.432436000000001,119.61325886934601,2973.9943180002647,22.936066609500003,14.643300000000002,0.020831481,719666.4356833128
7.08955223880597,248764.0,12,0.002105263157894737,970.2377225097842,7.814084507042254,43.2213578496,1341.4266035918886,77.49589401000001,14.60757,0.012327551999999999,1060347.3931340026
6.4,250893.0,58,0.0,60.46875,5.95136,15.830743908316999,734.9309435162248,23.412477747,15.85389,0.01942531499999999,1127635.849766409
7.163636363636364,250893.0,58,0.007614213197969543,672.3829344432881,6.970403448275862,60.130763218827006,1874.534702308984,33.368100012000006,14.55243,0.017862975000000003,1189967.881361455
5.882352941176471,232813.0,17,0.005,1051.996801750621,10.2224,175.51412511981601,3810.2625312289974,53.58975209250001,10.33989,0.010724615999999987,938519.5997994747
7.494845360824742,194213.0,53,0.001375515818431912,1746.3678802668662,14.312334210526316,447.654713108368,3651.1230310234696,75.92488360950003,9.56907,0.005045544000000001,871447.080315357
6.758620689655173,215813.0,39,0.003401360544217687,1288.7749015336688,11.789792,82.17253871894401,5454.33014310987,16.323209027999997,15.35673,0.024288347999999994,932651.8887883353
9.567901234567902,194213.0,53,0.012903225806451613,1770.1365180502974,12.658920454545454,97.04975547735,2676.7538025933472,23.702617575,14.287170000000001,0.013237559999999992,814529.0883012144
7.296296296296297,152558.0,60,0.007614213197969543,1569.5215065999087,7.299131428571429,436.663383535456,4000.4904269986823,46.41272888400001,6.84003,0.00873288,513926.813998282
10.28125,153120.0,5,0.0,906.720765530175,8.631497777777778,508.54291046580005,8614.07647475107,250.14665392500004,5.606220000000001,0.023496263999999985,474313.76122206205
5.285714285714286,194213.0,53,0.0,958.7247603299643,10.888844827586205,495.83538955976996,8019.13877529221,74.68323393600002,7.140149999999999,0.011669135999999998,894126.2164871364
5.78,247493.0,50,0.0,1075.7816211136346,10.10344,42.228151134104,1732.5808148922556,6.684910140000002,15.85731,0.04310551799999998,470549.45820761105
7.208955223880597,259626.0,24,0.0,944.8238882329792,9.4072875,47.013942903200004,1353.2860313721835,22.738356997500006,15.289650000000002,0.019928783999999984,960359.9202928331
6.379310344827586,306040.0,40,0.0,992.2032751868992,13.90175892857143,246.28036654936,2576.8192102635153,145.45471105000001,11.84373,0.02455958999999999,782400.987946175
9.707317073170731,291218.0,43,0.0,1221.8382476689135,13.169497297297296,309.76581491255394,6193.787424354753,62.03489387550001,9.59181,0.020198643,658111.6539305217
5.446808510638298,204421.0,55,0.0026041666666666665,1958.1001798014795,8.216756043956044,212.74771736384002,1788.621556556776,34.30387206,9.053130000000001,0.006993215999999996,655711.5133378225
6.5,149473.0,51,0.007326007326007326,1222.3667279610602,11.397973770491804,630.664367446106,15529.219873671424,125.27614520400002,7.7004,0.026602259999999996,872371.7308941538
6.74,147498.0,65,0.011869436201780416,778.8296486793744,9.614538297872341,539.057996637237,8562.664917351902,112.20030685200001,8.83599,0.01727835,798052.7727024171
7.866666666666666,173293.0,44,0.00847457627118644,1443.816375793451,11.937666666666667,256.297934825226,6344.395212889921,120.0217379025,9.61344,0.011973887999999999,1396843.679330022
7.554054054054054,189778.0,61,0.01967799642218247,1345.9238227146814,10.386650000000001,981.5281898115121,11601.83154830618,86.00623371000002,7.58649,0.013552077000000001,639584.1090217682
7.830508474576271,179640.0,60,0.01948051948051948,1053.0414462081128,9.20997,332.50911655203004,4454.195473595253,70.89247692450002,9.032490000000001,0.012618147000000007,788047.5260758119
4.908045977011494,182413.0,44,0.0,1094.39599609375,10.770837777777777,265.19903512759805,6081.910019466515,66.0974952825,10.694880000000001,0.02598960599999999,706810.1867891037
8.66,158015.0,51,0.0,1062.7697679031937,9.372903571428571,367.607838483732,7194.501356590437,315.24400810000003,9.393930000000001,0.021063995999999988,791637.7371588629
6.73469387755102,158015.0,51,0.0,814.7900118906066,9.728756756756757,198.660436580448,4879.889337736212,267.09535005000004,10.995750000000001,0.021424619999999985,907791.3365125969
9.692307692307692,167263.0,68,0.0,880.3963636363636,9.11706923076923,627.316761931128,8616.274860318841,82.150412517,6.86631,0.021262271999999995,502074.43373699137
5.807017543859649,178571.0,63,0.0030211480362537764,628.2399570008062,6.677235416666667,167.74949443494003,2111.218613955216,82.96506367200001,11.402880000000001,0.014820233999999988,759079.8077205278
5.551282051282051,142324.0,54,0.0,902.837738330046,11.84475918367347,811.4833624677121,10142.796874919937,92.38755715200003,7.73622,0.017120339999999987,654465.7434054385
8.890625,158971.0,59,0.0035149384885764497,1068.53697336985,14.18260392156863,543.4831389899521,9604.226994285822,75.92884624500002,7.699380000000001,0.019525823999999987,671463.6308366713
5.935064935064935,167740.0,53,0.002188183807439825,896.9904749485169,11.063554545454544,629.9707282902599,7094.92329330893,345.76642519500007,8.83146,0.014553576000000004,748733.9641343722
10.580645161290322,163841.0,51,0.013719512195121951,1440.2167428534517,15.763357377049177,749.15649337725,7629.518960629176,118.50801187500002,8.23953,0.009493253999999994,843563.4868027081
7.078125,156200.0,38,0.006622516556291391,1106.5013774104684,11.462827659574465,199.37379226419202,5278.309692915269,310.9594419200001,9.76443,0.014304563999999995,1137143.9709078232
9.059701492537313,181840.0,47,0.0032948929159802307,1492.5452168311642,16.452229166666665,672.13485049284,9001.9181573568,235.53817455000004,9.93618,0.022972704,562612.4317585521
8.926829268292684,143506.0,62,0.00546448087431694,703.3587257617728,11.07447906976744,464.12664150006,7272.922743305096,65.32934289750001,9.50988,0.01875033299999999,625468.4425128397
6.155844155844156,193493.0,38,0.004219409282700422,908.7872727272726,12.109752000000002,391.19379483858,4903.002981351174,94.8776358525,7.79331,0.009274979999999992,954750.2618325782
5.577464788732394,231280.0,24,0.008838383838383838,1613.566939371804,9.654551351351351,421.367857866375,8054.932737168898,253.91370000000003,8.6859,0.014602616999999995,823811.4904589119
6.682692307692308,240000.0,26,0.0014388489208633094,1282.2125629795587,11.009512820512821,459.08045055172005,8749.88936900547,76.69669374,21.299300000000002,0.01983181199999999,607201.6383129162
6.1891891891891895,202472.0,15,0.004366812227074236,1353.8031389254622,11.701620731707319,448.386363039384,5063.113032995587,72.59264409600003,9.933180000000002,0.010988450999999993,719598.6084244486
5.251748251748252,246000.0,33,0.005326231691078562,1499.8269719895834,11.015698969072165,500.009657265872,9011.018545655867,63.637759259999996,9.21381,0.016365263999999987,626240.6901907483
6.022471910112359,177333.0,40,0.009328358208955223,1181.6496530211841,12.514083018867925,414.41220458577607,7075.535389460537,182.60261360000004,9.62673,0.019617539999999985,639305.0508009478
8.01086956521739,228186.0,26,0.008141112618724558,1082.18021677492,11.80200864197531,218.46424429472998,3018.3429291990115,179.10239334000002,12.097050000000001,0.011010221999999998,883355.8239945645
6.90566037735849,241666.0,18,0.00819672131147541,1526.7086236476316,13.290896202531645,428.1164524867999,8511.742347904903,245.93589649999998,9.82461,0.016081200000000007,717626.3225102276
8.338028169014084,178226.0,33,0.02027027027027027,1309.290260674876,12.196057971014493,384.46587110021994,5396.719868946752,51.72522843600001,9.61605,0.011377179000000001,614007.2498982832
5.8023255813953485,281066.0,15,0.0,939.5328991771295,8.720856666666666,150.654997981166,4140.91584714744,56.577594108,11.83563,0.022821479999999995,862701.3733849823
6.935483870967742,245388.0,11,0.004651162790697674,1135.9323878515797,12.080849999999998,288.426696421248,3560.169381647602,104.40516675600001,10.51626,0.009641835000000001,988108.9542966777
5.764705882352941,139040.0,17,0.002551020408163265,795.920325901118,12.3676,324.45171526922695,4191.597747451295,305.31112269000005,10.489260000000002,0.011418068999999994,880331.4646246288
6.351851851851852,240000.0,26,0.0058309037900874635,649.5446195907557,8.487344444444444,307.7368307244,5270.313202927167,73.97157537000001,9.40821,0.018670277999999985,750179.1639687398
5.704761904761905,259600.0,14,0.015025041736227046,1019.1960110803326,9.188322535211269,258.1355969741,5265.906222477682,180.27395125000004,9.3705,0.020037573000000003,675525.1284718344
4.762295081967213,255478.0,34,0.0017211703958691911,1562.9937499999999,8.879047058823529,608.73804791982,9503.902450908361,71.79142083750001,21.1578,0.018889602000000002,528349.546556432
6.611111111111111,198635.0,13,0.0016806722689075631,1388.5088977747935,8.061524390243902,184.16932171484004,5303.191073909522,52.74170111100002,10.63434,0.023331276,747285.964768148
7.4021739130434785,183493.0,20,0.010279001468428781,1122.0340538582298,12.00986551724138,526.290938175696,10268.625593604418,28.52304524550001,11.646510000000001,0.015621605999999993,463216.3056000605
6.938461538461539,188779.0,17,0.0066518847006651885,1082.8940290478752,11.417548214285715,622.1569552322419,6936.143534432245,171.29723965500003,7.85313,0.011730438000000001,488435.2876991844
6.989690721649485,287161.0,18,0.0058997050147492625,1648.2677227219692,11.39379,324.78478184472004,10932.740831229074,52.93445987700001,11.290709999999999,0.0293625,694163.773555061
6.35,179000.0,22,0.007874015748031496,1146.9602210429366,9.499913580246913,382.21228805932805,4808.1190724112075,73.89850956000001,7.202430000000001,0.01039941,800828.4507627516
7.17948717948718,209231.0,22,0.0017857142857142857,1201.9902667614692,11.512888888888888,453.81628838951997,4193.524003888558,54.1339798725,11.12616,0.012759551999999993,656840.2284756106
5.1875,191853.0,15,0.006024096385542169,1098.6049442420124,14.049458823529413,409.911010522992,6157.78182003331,75.35232697500001,10.65732,0.009387839999999995,1085939.4498242235
6.703703703703703,173313.0,9,0.0,825.6561918885201,7.507765079365079,493.211211025968,7019.939353115901,335.1895629300001,7.156380000000001,0.01527789599999999,666557.5556893516
6.2631578947368425,222000.0,46,0.00980392156862745,1251.4419308818817,10.46892,513.9447198079259,5694.325487529367,35.81446552650001,9.70827,0.014568498000000003,499241.22032707284
6.6075949367088604,196760.0,17,0.009578544061302681,942.7936145046253,11.447796774193549,427.313335367334,11554.622383640699,36.30561520950001,8.65539,0.024360588,447308.1068676614
6.330275229357798,244573.0,23,0.015942028985507246,1473.001433482897,11.132793103448275,581.8752641042371,9300.049008062902,50.990768103000015,8.3031,0.014569202999999998,578017.3591268996
7.470588235294118,239560.0,16,0.007874015748031496,1705.0473593864133,11.04736129032258,447.654278107764,6426.126332661058,52.20780793200001,7.2483900000000006,0.010974059999999992,641637.0583669167
6.584,268400.0,20,0.009720534629404616,1951.527225588352,9.008839024390245,254.421452789856,3799.8846684283753,84.305438808,12.021090000000001,0.009636479999999996,1243000.9502796899
6.546875,134075.0,10,0.002386634844868735,900.0161691542288,12.446974468085106,371.10584072133,6965.901497629047,47.27719560300002,9.260610000000002,0.014562173999999995,598037.1220396139
5.842105263157895,216061.0,7,0.009009009009009009,944.2180673398088,9.015383606557377,692.0520122245399,16671.918678564576,143.72944507500006,6.776730000000001,0.04026770999999999,297658.92883158283
6.072727272727272,180593.0,9,0.005988023952095809,750.4523053665912,8.565708333333333,533.2051844301001,8995.244161141589,81.62401250250001,19.863400000000006,0.019521809999999987,592686.5239166517
6.420454545454546,191000.0,15,0.008849557522123894,1036.667120102889,11.743246478873239,432.41198285266796,10743.277621124731,42.90507083700001,10.78806,0.01568003999999999,739356.4461526433
6.419354838709677,198119.0,9,0.0,915.3193386666667,9.734611764705882,276.30443425662,3974.9808030131594,92.61060607500002,12.04011,0.02131659,412902.00196279836
7.247191011235955,245394.0,16,0.009302325581395349,1535.8011001125913,8.93514705882353,617.9519490990301,10131.14535743462,254.94687036000008,7.66809,0.017037138,569841.8431823949
6.413793103448276,210666.0,11,0.007168458781362007,1083.722194167403,10.364849999999999,422.95993138477,5124.001183872482,150.81776859500002,10.28112,0.017166303000000008,507710.3150566423
5.172839506172839,239739.0,21,0.0,1002.1764812478189,10.367026923076924,251.497542662226,2026.1130561302418,62.106767658,10.65978,0.006276408000000002,845848.295374595
5.642105263157895,189000.0,13,0.014925373134328358,972.0655076845552,9.064525714285715,443.23288896239995,7660.049927987488,247.66327392000002,5.76813,0.016889195999999992,651429.8743642479
4.981981981981982,193906.0,19,0.0018083182640144665,1070.060692089011,12.22889019607843,213.27840817784798,4268.266844736097,171.07396657,10.41678,0.016958303999999997,762407.8533399084
8.247863247863247,225255.0,8,0.0062176165803108805,1990.9781497605347,9.809752100840335,213.679602498556,3758.563548978616,54.11870370300001,10.754610000000001,0.013804766999999997,798936.6689402909
5.827868852459017,187600.0,11,0.008438818565400843,1334.2854609709216,11.955803571428572,418.86914105400007,6216.988123438403,74.297252055,8.88504,0.008890631999999997,965519.7712811597
6.711111111111111,191893.0,8,0.0033112582781456954,1209.9414285714286,10.696220512820513,503.3872037126809,6724.660304008737,31.093509324000006,10.901069999999999,0.017040374999999996,425231.7268205635
5.203007518796992,239292.0,8,0.001445086705202312,1389.7503718024984,12.273388888888887,286.59323242780994,2726.2435622565963,140.11153772,11.12817,0.010477350000000002,600041.119647469
5.980952380952381,241440.0,9,0.0031847133757961785,1257.1289033966398,11.324367567567567,294.52429737302396,4154.815536305669,205.96773555000004,11.07801,0.012281999999999994,790125.7442944498
5.4875,226500.0,8,0.002277904328018223,875.3284063059666,10.576586792452831,292.72570634201395,4559.205058542207,219.04860739500003,10.03287,0.014360625000000005,714153.2105820182
8.115384615384615,138786.0,10,0.016587677725118485,781.5363130376115,9.38317,334.317806908668,6720.776486281929,52.1034960105,11.504730000000002,0.016543182,882900.3491541655
5.986013986013986,217000.0,12,0.002336448598130841,1742.2862642000396,12.297575510204082,496.725205235766,5947.360966651051,78.2922999345,9.58239,0.010400715000000001,823146.6925852053
5.405172413793103,215806.0,8,0.009569377990430622,1501.3671525169048,11.327517567567568,831.096241752796,8129.356291168797,58.084261351500004,19.566900000000004,0.019064025000000002,296863.8799765843
7.362068965517241,146760.0,12,0.00702576112412178,821.415886229622,13.382002083333333,338.63315201169996,9579.4642912626,37.65198654750001,12.699300000000001,0.018337221,742467.3181395213
8.453333333333333,189866.0,7,0.012618296529968454,1336.6600798809616,11.652205633802817,394.14857162274,5200.908620117689,34.49392938000001,12.25902,0.019839435,512375.52163129114
5.330935251798561,255093.0,10,0.002699055330634278,1485.0557733910223,11.921957142857142,468.773486722695,6022.073928852901,43.74637708500001,12.25629,0.013991508,621392.9206700488
8.238636363636363,242586.0,10,0.002758620689655172,897.7312213013594,11.622233333333332,186.70333772459603,2730.6078591063224,112.49097535200002,10.00992,0.007140726000000003,1294973.80035279
8.153846153846153,157881.0,5,0.018867924528301886,927.9372587148619,11.65007659574468,485.46417962042,7094.72794592268,137.80582790000005,8.76384,0.020416769999999994,396519.08124665864
5.524193548387097,251506.0,9,0.00291970802919708,1326.9297669608288,10.48120618556701,403.141329120728,3929.778346807489,71.907048012,10.38075,0.006011676,925721.8038601464
9.770833333333334,266162.0,4,0.019189765458422176,795.8671174978869,9.54375254237288,350.250957703872,5508.933042791717,136.33591500000003,9.15576,0.019114421999999992,479607.7637616306
6.89247311827957,218678.0,6,0.0031201248049922,1251.9661225326136,15.656977586206896,514.524619270112,5151.780594943373,217.0347905,10.285200000000001,0.012838022999999992,554504.3249237586
6.12087912087912,225200.0,22,0.017953321364452424,1569.4153435937653,7.731519354838709,282.336614720706,4991.999278847114,55.035898375500004,9.00873,0.012778830000000003,718304.0626439394
6.389380530973451,263440.0,5,0.006925207756232687,1505.373612397011,9.336015384615386,53.037030863502004,2207.9261746774196,31.522924019999998,15.68868,0.028296836999999984,1233545.8548664397
6.081081081081081,229197.0,8,0.006666666666666667,1112.4315883402737,8.13970588235294,338.7151319046,5572.4194598123495,207.936047825,10.349550000000002,0.01937020799999999,661876.2319179501
6.769230769230769,263106.0,47,0.0,741.6442596093259,10.726556097560977,602.43943220384,12022.041358640638,104.51235930300001,5.374140000000001,0.021009749999999987,707948.4375461978
8.626666666666667,193425.0,6,0.0061823802163833074,1373.1748394302374,13.240664705882354,646.1934141479039,11826.203473616528,62.25267677550001,7.56735,0.020168195999999996,504185.0204441821
6.075,233426.0,5,0.00823045267489712,1695.0093449626202,10.144657317073172,54.559524998111,1700.8976220355073,46.66874811900001,15.275310000000001,0.017227520999999996,1441200.9959313993
6.826086956521739,251506.0,9,0.009554140127388535,1324.4982156635801,9.742424390243903,560.4909056096221,8834.065903399924,80.67768512400002,4.762530000000001,0.019758608999999996,469855.49754665233
9.21311475409836,210680.0,6,0.0035587188612099642,1265.9522719389524,10.149143589743591,456.50301585292794,9203.231222162214,56.52014832900001,8.34201,0.01336796999999999,744824.8936648351
7.382352941176471,242177.0,12,0.006640106241699867,1567.5515719341229,10.515423529411766,274.06430826124,5298.587841471903,65.9328294495,9.02679,0.014632265999999984,845965.1239569512
6.669354838709677,229728.0,6,0.0024183796856106408,1749.7619511903,13.043786206896554,564.7573826697301,8383.452966345603,70.40106936000001,7.8947400000000005,0.015173868,613903.0370356466
7.231707317073171,193425.0,6,0.006745362563237774,1270.0375332315268,13.09871111111111,646.1934141479039,11826.203473616528,62.25267677550001,7.56735,0.020168195999999996,504185.0204441821
5.669117647058823,289186.0,6,0.016861219195849545,1487.5057832997315,13.23715806451613,304.30042504052096,2841.8224054415996,81.923841909,11.1639,0.0027697769999999976,1234895.3977784535
5.796875,172546.0,19,0.0026954177897574125,726.7727758131718,11.8877675,531.7867681824599,9178.524573394347,122.007702735,18.9979,0.017965007999999998,694085.4423554569
6.201923076923077,238685.0,31,0.004651162790697674,1233.6813083231218,13.097469230769232,558.90417816247,4379.78449276137,92.73537172200001,5.674800000000001,0.007501844999999994,698369.0617380327
8.045454545454545,203491.0,5,0.014124293785310734,739.6458679865309,10.470814285714285,294.297492732912,2631.624630979173,87.29463177000001,21.881,0.00493577399999999,975772.0122597624
5.923913043478261,236000.0,65,0.003669724770642202,1070.2750710714636,9.631147887323943,361.85423832378603,2914.6927017595794,89.8032220605,9.31251,0.006654501000000005,1002210.4284919612
7.033707865168539,214759.0,4,0.006389776357827476,1211.5315454095705,10.811341025641026,418.24597822453603,4581.788893214931,78.10644580200002,8.005560000000001,0.009272528999999993,728670.4029782984
6.724137931034483,158360.0,5,0.011965811965811967,1158.5470871016569,14.247147540983606,683.1784089604799,8794.259008074549,26.087779476000005,9.71601,0.011774543999999998,386664.7348279728
6.696428571428571,283374.0,45,0.005333333333333333,1128.7744608470396,6.542910447761194,497.26540686228,13253.19742586178,49.30735460400001,19.884900000000002,0.03814314599999998,351056.91572617827
6.638888888888889,225255.0,8,0.002789400278940028,1530.6250538245974,12.776541666666667,519.6787611227,6201.713870780012,229.63687242000006,8.99889,0.013593012000000003,718908.1392683758
6.773913043478261,213000.0,7,0.008985879332477536,1476.0676980762119,13.694609459459459,582.797681608218,13247.524471609207,101.8341295455,20.376400000000004,0.021748545000000005,727277.3118001726
9.486486486486486,196597.0,3,0.008547008547008548,570.5083234244945,8.184922641509434,495.75182628534395,9348.055616592002,158.74262972000005,9.017100000000001,0.02399316,527015.309484553
8.857142857142858,218000.0,4,0.006048387096774193,988.0477653398029,9.640713846153847,524.865789779594,7084.816189799997,35.58607444800001,7.20624,0.016630919999999987,384129.04235213966
6.08411214953271,189493.0,6,0.018433179723502304,1375.8739435139753,8.873055172413792,74.09497254790398,2564.23585967304,37.58567127,15.34209,0.027825191999999995,1120423.8627382976
5.898876404494382,204944.0,19,0.009523809523809525,902.3657954850846,7.504583333333333,604.89148864972,11047.883001036962,48.367315704000006,8.28354,0.026420957999999998,419298.9299349375
6.892857142857143,207584.0,4,0.0017271157167530224,1122.4461255279984,12.721966153846154,376.141840944696,2895.6663349954533,68.2299447165,9.8661,0.005712719999999994,789119.6431795175
6.711864406779661,208000.0,10,0.005050505050505051,1557.6499054820417,12.160951578947369,600.959323138212,8166.4690089838095,90.173589012,8.95026,0.011470868999999996,796269.3697379358
7.359550561797753,209124.0,5,0.007633587786259542,1397.8802646040272,13.519411290322582,469.59896458718606,5338.76031886293,305.93841726500006,7.0463700000000005,0.009372686999999996,878911.0887909848
7.75,153430.0,3,0.009216589861751152,913.1838170152218,12.621990243902436,775.3304109695761,15341.686559711097,232.15355901500007,2.8782,0.0342237,1105836.390175147
5.645161290322581,161538.0,36,0.005714285714285714,1101.8030853463265,9.513591549295775,572.9948234866799,11683.116702531197,69.3843441075,7.32747,0.024435336,549911.6441892053
6.714285714285714,201408.0,3,0.01276595744680851,813.7193683879516,13.537958333333332,727.9268821642801,13627.819059828862,328.53057005000005,7.37082,0.01974169199999999,705195.7940796082
7.793103448275862,252946.0,47,0.00663716814159292,1004.1719584775088,13.346241666666666,795.5644792634101,10187.921005642802,97.52813586000005,9.002790000000001,0.018915336,278807.9966038524
7.78,270048.0,7,0.007712082262210797,1551.679156037415,10.654128735632185,700.53848318783,8329.675936925318,71.11576272000002,14.545300000000005,0.020676869999999993,389411.19820124656
5.875,142000.0,58,0.014184397163120567,672.3184390943878,9.402794594594596,179.49721357620004,3084.372260388238,55.20533340600001,10.444170000000002,0.008999235,1003687.2729953566
5.9375,251506.0,9,0.007017543859649123,1320.9497041420118,13.235213114754098,141.6216774496,3512.0124169602973,143.350299605,13.498050000000001,0.0106029,1204989.233511998
5.0,177333.0,40,0.0,36.800000000000004,6.534,117.19169430804,4968.8394952300005,30.614564628000007,11.78349,0.018899376,754052.4294076391
6.314814814814815,184413.0,58,0.002932551319648094,699.2470303681807,7.819812000000001,299.365080963858,3518.970762439068,91.126379052,7.68027,0.010785869999999998,759915.0340655313
6.686746987951807,198120.0,55,0.0036036036036036037,1072.1184050192055,10.323,516.80388152409,8765.18642695826,85.350463194,8.36664,0.021392069999999996,578776.835095271
8.494117647058824,244324.0,58,0.004155124653739612,1269.9605551497446,9.355515555555554,197.592925932108,2641.8558237128873,73.64756658150002,11.25291,0.01170336599999999,868401.4041794186
7.816666666666666,222233.0,53,0.008528784648187633,1015.5774295945146,8.579722222222223,165.66256724865002,5172.598779067198,189.11310451650004,10.61595,0.015251543999999985,1428987.3604224243
8.823529411764707,194522.0,50,0.0044444444444444444,1040.2823228634038,10.966415094339624,225.10497165669602,2964.1228792542306,336.7480760850001,11.60508,0.012172787999999997,838066.3073060804
5.53921568627451,227373.0,44,0.0,1327.0349624107703,8.88391875,407.92784104233004,3435.0122700949655,355.42737172500006,10.398870000000002,0.012280484999999987,731158.0638805314
6.515625,159910.0,55,0.002398081534772182,871.9609686440173,9.525361111111112,180.37705077162,3547.4565066524656,110.726676153,11.56131,0.013057751999999999,1090474.0573883485
5.641025641025641,167293.0,45,0.0,917.4873313671039,10.569777777777778,443.14777361868,4509.780070650316,111.25762260000002,7.658250000000001,0.010993092,704897.0405086755
5.883333333333334,231832.0,42,0.00424929178470255,1418.8198499202647,10.761334146341463,238.734088194924,6704.213743537093,73.36018065600001,10.76109,0.018066510000000004,1052746.4479978161
8.528571428571428,204984.0,54,0.011725293132328308,1368.7609569028489,11.098853731343285,207.53890859304002,5152.856284663525,53.307242676,12.583800000000002,0.023691696,796773.3454693368
6.389830508474576,199914.0,43,0.005305039787798408,655.4760182620294,9.999695121951218,305.53944744225,5067.490690383028,314.83166498,8.40864,0.01719887699999999,784179.1543780973
7.7555555555555555,211213.0,43,0.0,873.8083941785162,6.8965671875,386.3110627912959,8048.3750572931995,102.9757015905,7.403580000000001,0.018783162,737901.5131001248
8.578947368421053,207520.0,43,0.00408997955010225,1175.6203659545183,10.615243548387097,417.0529610579451,5480.098757844477,376.1319952000001,9.558900000000001,0.012028769999999987,900796.7985042578
7.164179104477612,217000.0,44,0.0,1135.6982748364067,9.573152542372881,333.89609771571907,5410.708265843035,87.377866632,10.20555,0.020347038,736368.9819821179
10.06,163073.0,63,0.0,728.6821759806237,15.178686842105263,418.43895936911196,8437.271242288414,103.36864541700001,7.439820000000001,0.024211025999999983,691030.0734784375
9.0,113830.0,47,0.003418803418803419,1540.342777352372,15.018196721311476,639.4805278963199,9016.273928136747,111.76882437600003,9.963120000000002,0.009366683999999991,888243.7036947117
5.575,180000.0,62,0.0,860.5889069166516,8.953632786885246,363.832807524264,7507.083547847788,126.84028078800002,8.01591,0.018017075999999993,893030.2028672555
5.840909090909091,163073.0,63,0.0019455252918287938,974.6791022174149,8.182879999999999,353.32254104400005,6023.048025697633,110.82594448200001,7.60686,0.016535016,770250.6254552343
5.205882352941177,210053.0,39,0.00847457627118644,685.3500636549517,6.41625,305.53944744225,5067.490690383028,314.83166498,8.40864,0.01719887699999999,784179.1543780973
10.96774193548387,133776.0,46,0.0029411764705882353,608.9887137727765,8.909446808510639,395.13912464454404,5202.252073506025,72.50559164100001,12.13008,0.022337531999999993,711084.9898922438
8.833333333333334,193560.0,38,0.0018867924528301887,1162.3796508266853,10.422492063492063,443.21861581919995,4736.411443960002,85.1277276,6.516240000000001,0.010732260000000004,682831.1204147467
6.964285714285714,136054.0,38,0.010256410256410256,838.0199222546162,10.18609090909091,320.31501077784,8405.283540189605,81.366326955,11.17899,0.031163160000000006,842955.2194979304
6.46875,159500.0,38,0.0,850.3386380711701,9.180066666666667,370.53116016739204,6288.667009096713,126.03025052100001,9.678390000000002,0.02038158,830190.0496920544
10.333333333333334,125333.0,48,0.0,423.28377159276965,5.9061200000000005,161.74497721899,2520.8388677991493,279.62224564,10.838460000000001,0.021087090000000006,582102.7723710032
5.36231884057971,181373.0,64,0.0,798.7016326530613,7.802647058823529,80.8262681058,2587.732195150489,37.30390272,13.88964,0.024694214999999988,824326.0740689957
7.183098591549296,181530.0,37,0.0,1075.288297528095,9.211875,502.83146728143004,8371.17974547795,110.8060120755,8.418660000000001,0.019914047999999993,702509.8423640875
7.309090909090909,210541.0,62,0.0,835.9704872525385,7.249400000000001,276.943797811044,3966.9806801388954,134.84131128,7.017360000000001,0.008610563999999992,1155844.1890843154
7.214285714285714,103448.0,33,0.0,501.28672222116285,10.170154054054054,509.805994737127,6052.41064611936,107.34372676500003,9.940650000000002,0.015083249999999994,922223.989413614
7.866666666666666,148571.0,66,0.0,779.66848,10.127298245614037,439.38798000080004,7597.744475168962,96.579176871,9.4182,0.019336175999999997,859491.9358435033
6.931034482758621,133636.0,33,0.009950248756218905,431.73204158790173,7.060460000000001,214.551874977594,4858.89486082254,154.921123053,9.50937,0.015041585999999994,1261702.5900377526
5.642105263157895,145321.0,40,0.0018656716417910447,1087.7802248117032,11.649878787878789,699.3791734495451,9380.570970175797,87.22797604800002,8.81094,0.014327618999999988,693273.3301880367
10.479166666666666,130235.0,36,0.0,1087.4972708991668,16.700717777777776,445.13851318076104,7907.220195437037,131.63200731,10.93677,0.010297286999999997,1277757.560176996
8.02127659574468,177836.0,40,0.0,514.2658304498269,7.6947,287.545377460248,5254.633330317809,74.94384656700001,10.44852,0.021120653999999996,702228.2060219165
8.875,161557.0,36,0.0,601.7777652029575,12.670197674418604,484.32859121577593,6643.071585487403,105.15708220950002,9.63093,0.007923447000000002,931828.3441161241
3.987341772151898,165960.0,52,0.0,646.6198404439818,7.847357142857143,315.008243576832,5337.654671872512,79.72500787200002,10.072260000000002,0.01652256,827765.0838418617
7.82,135652.0,54,0.0076726342710997444,901.8703370208386,11.61815581395349,711.2888012221441,7869.286020464999,81.18996235200001,9.39249,0.01912823399999999,615827.6601292645
8.925925925925926,140518.0,38,0.0,837.0885568513119,11.900765384615386,306.55098534096396,6053.627161378022,87.824320365,12.514830000000002,0.021303164999999995,1000550.8657382027
9.375,97864.0,45,0.0033333333333333335,607.3303703703705,12.641612903225807,448.096400818706,5994.715324559849,104.2791067725,9.90855,0.012900482999999992,992600.9510586556
6.729166666666667,122110.0,42,0.009287925696594427,702.8952205882351,8.82421956521739,583.2686849142,8138.251735498138,63.21240749850001,8.9976,0.023180246999999994,491020.63025586447
3.4166666666666665,180000.0,72,0.0,90.1406969099277,7.691599999999999,265.18934768608796,2623.504817452949,131.38425186300003,8.12541,0.007483872000000001,1009143.9022287071
5.901408450704225,141000.0,38,0.002386634844868735,849.7515913737897,9.683389285714286,754.187952594258,12160.41862765005,35.124065106000025,7.8289800000000005,0.024834929999999995,327033.8142313714
8.288461538461538,138805.0,40,0.0,972.7867300490703,13.821759523809527,460.84592044401796,7125.010199873548,235.8447303550001,11.702640000000002,0.021439724999999996,694435.0261746381
7.980392156862745,154826.0,36,0.002457002457002457,835.4554649848278,8.50075,483.0425816601,6856.540588557407,121.50126418500003,11.43135,0.016270007999999992,970160.2683743001
7.711864406779661,198533.0,34,0.004395604395604396,1118.8945272881776,6.79217088607595,361.769013970863,11940.739833479902,398.1067195000001,8.9739,0.03465473399999999,791833.5396935907
9.228571428571428,162187.0,37,0.009287925696594427,793.9453856659728,12.776212903225806,401.810018350272,3544.011338255645,120.17148400800001,10.92036,0.00954575999999999,1172809.7012709526
4.666666666666667,165960.0,52,0.0,476.85189728327543,5.35241304347826,289.83925607031006,8274.172144623617,217.87266427500003,9.6645,0.03604205700000001,622078.3121280466
9.355555555555556,135692.0,69,0.004750593824228029,798.1126118626429,10.505188235294119,494.19838384459194,9780.232708379284,99.39064831500002,7.5521400000000005,0.021101592000000006,714325.9996892691
6.071428571428571,151546.0,40,0.007058823529411765,870.3460450100966,11.381666666666666,711.8042013405098,9436.39264111104,59.28191410800002,10.478340000000001,0.024790224,444202.7369944487
9.416666666666666,212093.0,39,0.0,205.5295836376917,8.068953333333333,175.66615085372098,2557.991072935619,80.014434363,10.914090000000002,0.01015513199999999,1098113.8235512374
7.0,176133.0,34,0.0,613.0310189513045,6.68098064516129,435.7929895838879,8675.948970614923,76.16276787000001,8.36421,0.021329567999999993,695831.416893932
5.413793103448276,133161.0,35,0.0,674.0325435901752,8.211754166666667,544.68904381265,4688.87966747937,344.945111225,8.39268,0.012728150999999995,664137.5569985438
6.068181818181818,222009.0,51,0.013108614232209739,1002.8128383884109,8.717550000000001,328.625113975069,7169.77512738178,130.91322999000002,10.311630000000001,0.032251059,458732.70152250497
5.590909090909091,222089.0,29,0.0,582.668773340994,6.890460000000001,270.191374683048,7673.276157148253,195.16894488000003,10.239750000000003,0.03277662,616476.0978773824
7.274509803921568,148571.0,66,0.013477088948787063,766.2459889553312,10.151065909090908,771.0538495177349,16959.0157666645,102.79810310100001,7.05348,0.03036351,727789.7195225421
5.537037037037037,212853.0,72,0.0,577.7336740764123,11.872435714285713,514.1414988490859,7304.317259705928,72.370696608,7.93476,0.028136771999999994,440285.75931360305
6.348837209302325,197853.0,24,0.003663003663003663,539.2502015587207,9.212878723404256,440.631251289456,5425.397482834174,252.78762752000003,12.6429,0.008098703999999993,909114.3922992403
7.348837209302325,181328.0,14,0.00949367088607595,788.5431290898274,13.226036363636364,159.5327812377,2374.5168050166567,79.770757446,14.60055,0.012656315999999997,1181107.8018304189
6.177777777777778,209571.0,61,0.014388489208633094,668.838983179155,9.529994444444444,248.602213223364,3266.9564009005467,87.06152894400002,9.46386,0.009799647000000003,877357.7257006237
8.89655172413793,215373.0,45,0.0,1437.518657324426,11.856533333333331,639.973375773336,9932.818489996205,239.24330768000007,6.306960000000001,0.025044863999999993,430042.95764362044
7.059523809523809,203975.0,31,0.003372681281618887,1315.5805454932877,11.097186363636364,493.4112686397001,6047.10850343256,95.34525081750002,7.18038,0.015772259999999993,620183.3918144923
8.658536585365853,230000.0,27,0.0014084507042253522,1750.4164288459967,10.022591836734694,568.50747099759,9272.763613209558,101.953635066,6.195960000000001,0.014685029999999998,674956.5243458773
5.3375,171040.0,28,0.00234192037470726,858.6041514103179,9.64536603773585,284.96537141332,7464.761850796823,106.2674012775,10.8492,0.024383675999999996,977902.1293772198
8.402777777777779,296853.0,39,0.001652892561983471,990.4836338323614,11.386641791044774,414.38849186435993,8251.12233925764,122.11231546800002,8.555430000000001,0.022114764000000002,739397.0849427246
8.032608695652174,222680.0,24,0.008119079837618403,1553.3599893876628,13.765979746835443,589.8384958806081,8803.37593708992,103.068889467,9.17694,0.011233439999999999,920732.4174166559
7.878378378378378,189588.0,28,0.003430531732418525,1268.8278638309307,11.456807352941178,618.8631134432741,9509.476823306983,252.85294604500007,7.685370000000001,0.019432601999999993,551843.56087329
10.226415094339623,181280.0,24,0.0,988.1193765671861,10.541125714285714,481.00495918537194,9437.499897411562,138.59017633349998,8.591610000000001,0.01834188,841211.3042247581
6.676056338028169,233040.0,25,0.004219409282700422,1018.3214256198348,9.063040677966102,521.48048915613,13676.947059295208,254.04940555500005,5.431260000000002,0.04099743899999998,410684.6087671827
5.711538461538462,177733.0,28,0.0,638.7230439952438,6.882006521739131,269.01492030854104,4623.361043470398,365.16578905000006,9.43746,0.020172164999999985,757929.7473210599
5.378048780487805,208000.0,23,0.0,819.899636023946,11.139472340425533,375.15895404512,5472.7769350306,87.62878481250002,11.960490000000002,0.02593958399999999,717480.5213241534
6.131313131313132,236200.0,19,0.0032948929159802307,1217.2228449960442,12.665055,279.458962090308,5742.94601646984,91.19588293200002,11.73918,0.019888049999999994,969499.9907935478
10.195652173913045,152827.0,20,0.0042643923240938165,1190.3911531190925,11.805271153846155,679.116911285064,12335.946569312775,88.48684827000001,6.60348,0.022007715000000004,605730.8135320739
6.526881720430108,212786.0,34,0.009884678747940691,1239.078621661837,9.47873857142857,224.05298344499,4264.2660110198385,126.8998626,9.885420000000002,0.01750444799999999,618702.6516621188
5.330935251798561,188959.0,34,0.0,1567.4825972808007,9.608047959183674,797.5493260826439,15869.798915951249,93.44668346400003,3.9624900000000003,0.03032222999999999,434303.5121889116
6.247787610619469,211150.0,22,0.014164305949008499,1789.774254081441,11.698570212765958,946.9872412743601,14045.593850234924,184.65327855000004,8.17767,0.011721599999999988,519314.42594402994
5.732558139534884,204546.0,15,0.008113590263691683,967.7319433041137,10.906744642857142,686.6933842907708,11429.54490602496,316.3658336600001,5.3794200000000005,0.02119788,614405.9832155595
8.632352941176471,189588.0,28,0.005110732538330494,1288.7483025777242,11.124052054794522,568.50747099759,9272.763613209558,101.953635066,6.195960000000001,0.014685029999999998,674956.5243458773
6.243589743589744,194095.0,16,0.002053388090349076,1003.4966696124227,9.80626393442623,546.00512870059,9936.968293857637,291.45123572500006,8.25477,0.02749547699999999,569129.8689578626
5.691358024691358,212786.0,34,0.0,983.1730207877233,11.010668627450979,719.6749244068799,12318.683940691197,74.16136782750002,17.875800000000005,0.026590481999999988,453646.48756788723
6.352941176470588,132630.0,15,0.0030864197530864196,595.1248579724783,13.21488,595.5412213041201,7656.812209110142,259.56193521500006,4.817370000000001,0.016901388,505209.1998105148
6.753846153846154,307706.0,16,0.002277904328018223,1493.7526116958586,11.650021505376344,601.787370783,10023.635348973883,70.6669473015,17.764100000000006,0.01856044799999999,580267.084228134
7.519607843137255,228240.0,17,0.001303780964797914,1331.2405017162985,12.69122328767123,493.682018434033,10969.318683972651,95.81264121,6.19206,0.02445705,654687.0916487109
6.223529411764706,206506.0,16,0.0,995.2389348025713,9.060680882352942,580.2665150375279,11325.011560897838,95.63075264700002,13.064300000000003,0.024086024999999987,568548.9252019726
5.683760683760684,236626.0,17,0.004511278195488722,1387.5910373555498,12.179,643.3063436399999,12184.436579106814,98.21520450000003,17.901400000000002,0.02115187199999999,635210.9415993085
6.666666666666667,226333.0,23,0.002380952380952381,842.848649566842,9.862730769230769,568.5292174359331,12929.273795958348,49.461076908,3.9786,0.027019629,378009.5701910219
6.366666666666666,108237.0,16,0.013089005235602094,659.8641443342057,11.87256,628.663881517308,7926.732053231321,221.30674852000004,6.653130000000001,0.014486279999999997,466588.9395386549
8.337209302325581,180757.0,20,0.002789400278940028,1379.4741735709822,14.90023220338983,525.450726962406,4514.198425993273,209.41154864000006,8.01609,0.01607720699999999,405511.8848552797
5.228813559322034,222333.0,15,0.0,1303.8428161996046,10.537664788732393,408.04087774363194,10914.377664653404,301.3159165800001,7.140840000000002,0.027245694000000008,655653.9186097285
5.808219178082192,206158.0,14,0.0023584905660377358,823.2688636816399,8.204028070175438,474.52517183879496,5165.828234341823,65.86451355000001,8.37198,0.01972849499999999,489002.3976250071
6.581632653061225,195935.0,17,0.0015503875968992248,1429.4178750596363,12.82521739130435,443.4725868048,10426.044166791677,317.2050487800001,9.52746,0.01896998399999999,893322.2378363741
4.856,266600.0,14,0.0,1156.9727258866578,10.003184057971016,357.974301516246,7693.985227503749,213.85393002,8.53431,0.027941822999999987,540226.1601322872
9.256410256410255,197693.0,16,0.0110803324099723,1546.9058568043038,14.321854545454544,785.61534798864,9865.359510278973,286.3385471700001,5.613750000000001,0.019432259999999993,469069.0912539445
6.557142857142857,255200.0,11,0.0,850.2690545605997,9.473586792452831,464.3518895499441,10180.918239181177,100.328977734,19.726000000000006,0.033182684999999976,512299.592408879
5.586206896551724,202680.0,14,0.009259259259259259,663.453947368421,10.267941176470588,398.1075445595499,12476.503184203262,102.04649856450001,5.705100000000001,0.040110555000000006,534188.5711380964
6.253521126760563,223293.0,12,0.0,892.675717131018,9.504161538461538,458.777112712772,7741.987227456073,74.42042094000001,17.691700000000004,0.02131787699999999,529789.348529901
9.553571428571429,206920.0,15,0.003738317757009346,877.8662659654393,9.756846774193548,549.932446865466,17791.45984710283,68.5511572725,9.571600000000004,0.035919444,474910.78630984336
8.966666666666667,172515.0,12,0.0,1143.2238272933312,11.275068852459016,761.195411698176,12245.765435884136,191.5093964700001,7.38057,0.026718479999999996,407932.89886452514
8.987951807228916,172080.0,14,0.006702412868632708,1236.6561728395059,13.515033333333333,409.49749610337,4909.46747166234,291.0369222300001,5.18727,0.017784035999999996,469704.13540006586
6.269662921348314,197680.0,13,0.0035842293906810036,1120.7675329298681,11.956593103448277,800.5970453349961,16960.774619412085,55.977314757000016,4.7274,0.031490844000000004,369281.0438022444
6.578125,223706.0,17,0.0,865.0229852762716,7.424335,451.77196964565,12863.174724199804,298.6831079050001,4.19004,0.031410558,604187.953793519
7.065217391304348,122526.0,59,0.0015384615384615385,1421.4055361461972,9.892415730337078,797.25693654936,11522.185561345672,76.98140606700001,18.0659,0.01987468199999999,446840.3095825865
6.301369863013699,208880.0,12,0.004347826086956522,1077.270757805944,11.634392156862747,507.42216139366406,7981.277107411878,103.83755712000003,20.467100000000002,0.014272304999999989,766619.8429367514
5.555555555555555,162680.0,9,0.002,1121.6186842409527,11.697457627118645,745.5187225747201,12626.809076673764,89.11101615900002,7.241400000000001,0.022734089999999988,516886.2067464088
5.344444444444444,240166.0,12,0.004158004158004158,1011.203860766343,8.243391549295776,535.9370181656401,15436.221420905998,72.54690687000002,18.900600000000004,0.03269793599999999,524524.0585264808
5.791304347826087,197446.0,70,0.0,1267.4740484429065,10.050465789473686,605.4040802408999,10526.244762855998,179.79882647000005,5.514990000000002,0.02766119999999999,382194.797493743
5.099099099099099,241506.0,10,0.0017667844522968198,1035.7301642263553,9.465563888888887,523.33772809203,7617.905735898866,86.02588904250001,7.3224,0.02266752,520163.68904681824
7.25,176586.0,9,0.0,625.4376175629365,9.774250980392157,591.5172036426239,12786.350868283078,78.54961524000001,20.498000000000005,0.030715385999999994,475837.27531941474
5.834951456310679,176000.0,78,0.004991680532445923,1295.5612958677686,12.265023076923079,969.284671768644,16506.24572813472,86.885919456,6.8925600000000005,0.010253585999999992,670182.4311758232
8.116883116883116,113053.0,13,0.0112,1447.016472027205,10.734374999999998,651.252637588086,7554.54471189676,75.461377797,4.85247,0.012115416000000006,661990.1184883306
8.384615384615385,277594.0,30,0.0,1110.8823781212843,13.11222608695652,568.50747099759,9272.763613209558,101.953635066,6.195960000000001,0.014685029999999998,674956.5243458773
6.065217391304348,265454.0,65,0.0017921146953405018,1126.0710050994319,10.9368,185.211668548032,1862.9516100684116,285.40109748000003,10.59837,0.00769428,908150.9941192827
7.916666666666667,219707.0,16,0.010526315789473684,392.8958762578757,9.535285714285715,338.45200287732905,6791.103116334214,125.14026247200005,13.746900000000004,0.01452861,924850.3336852799
5.798507462686567,182500.0,31,0.007722007722007722,1560.6869796253943,12.097150000000001,460.36278166715203,5095.5777060845985,85.00190668350001,8.11461,0.01214553599999999,661849.8409207732
6.98989898989899,204706.0,18,0.001445086705202312,1741.5410753232734,9.807658333333332,653.4295839635521,7682.7990803719995,75.07869336000002,6.9587400000000015,0.013807853999999994,560434.3658105012
6.025974025974026,203124.0,14,0.00646551724137931,1077.8000549092649,11.4724,620.5516077840949,5763.659211571491,38.57333925000001,20.5576,0.012880284000000002,341381.6729910013
7.63013698630137,225600.0,17,0.0017953321364452424,1302.3779168519086,9.436508333333332,765.82591983468,6706.324624317158,60.227089875000004,8.372100000000003,0.01094613,452733.7205011283
6.572815533980583,228000.0,7,0.0103397341211226,1380.312115804085,9.978133750000001,704.1103719938859,11422.322478395768,71.30133020400001,13.844100000000005,0.023239881,467610.07427226985
5.2615384615384615,239756.0,6,0.007309941520467836,1381.5555231731757,12.664597183098591,716.499488292672,9810.6703364376,78.31312653600001,12.8643,0.018453107999999996,424665.43656053126
10.196078431372548,214000.0,7,0.0,1020.5777435825702,10.265311475409836,527.97562169256,6426.250627045846,93.83753808000003,5.6079300000000005,0.013863797999999988,664097.4044079687
6.033898305084746,227889.0,1,0.016853932584269662,822.4734034445968,11.747172093023257,698.578810393695,13125.566625144522,31.107110760000005,7.687530000000001,0.01708900499999999,398516.91581693146
6.283950617283951,224850.0,8,0.0,1108.8247756232688,9.9247046875,728.0735455706,10170.62128721923,43.00167644550001,15.8174,0.02155942499999999,308632.45726049505
7.621951219512195,239285.0,0,0.0064,1566.2080678948578,9.19813829787234,568.50747099759,9272.763613209558,101.953635066,6.195960000000001,0.014685029999999998,674956.5243458773
7.524590163934426,283400.0,82,0.002178649237472767,1042.8664005435705,11.4257,614.5836377572319,4362.188779023075,105.82964246400002,20.5503,0.006577421999999994,806461.1624969996
8.8,280000.0,5,0.008264462809917356,942.3404351155353,11.135723076923076,468.3689032859999,9427.428354968999,213.87724437500003,6.23232,0.020128679999999996,616879.1404035796
8.395833333333334,148334.0,17,0.01488833746898263,746.1841791131684,13.37708125,756.2862945607169,8330.43429966848,45.43897398300002,11.22573,0.008946939000000001,547081.0305434371
6.241379310344827,177226.0,4,0.0055248618784530384,756.3948863636364,8.70917358490566,406.53406895592593,3999.059046353279,357.5771136,6.868620000000001,0.006963812999999995,983999.94669269
6.88,263369.0,5,0.00436046511627907,1375.099340912403,11.012526315789472,535.356332749425,5973.975305584281,281.71269448000004,4.74825,0.011910518999999998,630791.1134675347
7.233333333333333,162742.0,9,0.0,1282.9256870910172,13.058682608695653,523.774760494398,7708.522768450138,263.199444975,8.33544,0.01420458599999999,675251.7807897804
5.84070796460177,231633.0,4,0.006060606060606061,1242.3490908521483,9.886023529411766,460.35189086808003,6302.7104033411715,98.72061650250002,20.4005,0.012461891999999995,734243.442510774
8.116666666666667,249051.0,7,0.012320328542094456,1422.4337693222355,8.111519512195121,647.0746245734399,9239.614302509803,241.15932920000006,6.21699,0.019672740000000005,408852.52072388306
6.266666666666667,188201.0,1,0.0035460992907801418,598.9374728749457,14.951035714285712,730.77862945244,4456.981606420222,86.74619176350002,8.44695,0.0070657199999999976,580316.9303474282
8.137931034482758,192970.0,47,0.00847457627118644,956.9775417229458,9.956310204081634,197.51859683897604,3243.223766003904,67.679607324,10.62468,0.016844111999999994,757347.0697279016
8.204545454545455,148192.0,44,0.0110803324099723,708.529482421875,8.157184313725491,224.74244332592002,6471.4647664911,290.91253197500004,12.573720000000002,0.034995419999999985,832409.19657156
5.728260869565218,211410.0,53,0.0,790.0494072033466,7.48873670886076,399.00614937027603,5051.026827395917,116.2982351895,7.861320000000001,0.01420857,847221.984624235
6.912087912087912,211498.0,60,0.0,1025.3298240888814,11.886249999999999,395.83191456540004,4211.989721768664,118.66438614750004,9.929820000000001,0.011889395999999998,860010.324439104
9.529411764705882,194380.0,55,0.0,937.4165258434824,6.20327213114754,387.47089506952494,7998.659430344355,309.27945810000006,8.479800000000001,0.024583860000000006,691518.7104001237
5.056603773584905,171602.0,48,0.0,563.9040060468634,5.966706382978723,181.119650298048,3646.706615912681,77.08829356800001,12.534810000000002,0.021160919999999986,986697.2293668691
6.60655737704918,162857.0,60,0.0024813895781637717,876.9886152638225,9.212148214285714,367.791736694382,5752.331625851811,77.12907775650001,11.72103,0.021770319,719924.4896871989
5.829545454545454,233663.0,37,0.003898635477582846,1044.5639624190123,9.092536363636363,298.140144798078,5836.123577618725,89.63043556500001,10.67592,0.02079918,877921.5560809871
9.083333333333334,172682.0,37,0.012844036697247707,833.614914825058,12.73450892857143,619.4570722900351,5660.122194977057,294.73545837,9.94188,0.014066805000000003,705946.8716537465
6.315789473684211,209045.0,42,0.0,720.5244946275723,8.141333333333334,622.054029882624,11464.340690477735,93.37596414000005,6.200460000000001,0.02569082399999999,567855.9996771372
6.408450704225352,197253.0,37,0.002197802197802198,803.8581916436699,7.860756944444445,237.79155930698002,2486.5856205520727,137.64401115600003,10.5639,0.008174924999999998,1031517.5117550435
3.858333333333333,176425.0,35,0.0064794816414686825,1010.9547886490396,7.191712857142856,396.74574035337196,5463.8461463620415,81.04855280400002,8.13729,0.017309808000000003,703096.2727019942
5.71875,185560.0,49,0.0,767.2305819332847,10.91360930232558,360.76195398153004,7718.297955001916,111.56346623400002,9.22254,0.01745577599999999,954863.5256948428
8.488372093023257,151463.0,39,0.0027397260273972603,612.7859783969487,9.010633333333333,274.526051737896,4150.6930008613435,100.68021195300001,10.45818,0.01681409999999999,877956.9793624576
5.775862068965517,148012.0,39,0.008955223880597015,596.2154509079717,8.770147727272727,321.29308588868395,4402.496244491097,99.03346311600002,8.71305,0.013762350000000005,822817.0801969564
7.175438596491228,156470.0,37,0.007334963325183374,908.3870984784447,10.977389583333334,564.3548008147919,5537.551349979789,291.40225816000003,8.21283,0.013725431999999989,615044.8380360795
6.041666666666667,168603.0,36,0.0022988505747126436,815.7142496401606,8.89172222222222,217.79344795974396,2183.1532006706743,76.115690754,11.199600000000002,0.00930238199999999,965347.0859739461
7.394736842105263,213143.0,54,0.005338078291814947,943.6276249583339,9.831150684931506,215.9031168684,2478.100837040815,109.96115013000002,11.75691,0.007574735999999994,1253136.366964087
5.94,213749.0,59,0.0,565.5005434501319,5.5572,248.85670069512,4418.030802059682,84.7864435275,9.49164,0.02060352,723697.7771950106
5.056603773584905,171602.0,48,0.0,563.9040060468634,5.966706382978723,181.119650298048,3646.706615912681,77.08829356800001,12.534810000000002,0.021160919999999986,986697.2293668691
6.683333333333334,163399.0,42,0.00997506234413965,786.8565888910922,9.822093999999998,370.33161970352995,9146.373997921286,208.50124200000002,9.97677,0.025414316999999995,734719.3156422819
5.241379310344827,282973.0,35,0.0,250.0394736842105,4.147757575757576,106.61266164959999,2604.892272984695,78.007831596,12.60348,0.020246835000000005,991380.7583669329
5.0,227502.0,36,0.0,615.4804365805077,7.293000000000001,129.36493980867598,2895.4882056083234,114.9354983205,10.42059,0.013499021999999987,1124406.4655296677
5.17910447761194,260053.0,42,0.0,674.4914485604465,9.012361111111112,128.78508679190003,3009.132064371553,171.31504446000002,13.0302,0.029082095999999998,714124.6836883342
7.111111111111111,208100.0,33,0.0,532.1953094963475,6.550857142857144,270.04627045096805,4605.726027443071,87.89875706700002,10.33842,0.019887119999999984,733392.9726311686
5.869565217391305,226042.0,32,0.0,284.36907078046175,5.775,127.90134992249999,2142.8961878512096,105.096565815,12.04542,0.012054231000000002,1197655.1242735058
7.625,229146.0,48,0.0,778.2204470128324,8.482128205128205,293.52297669569595,4707.407573650371,92.06610562500002,8.55795,0.014756742000000005,880297.7706364142
4.878048780487805,221631.0,62,0.005,411.96289062499994,7.234999999999999,82.241177701472,1197.0433779521288,27.626494299,13.9761,0.015168576000000007,550422.3372828616
5.88,262440.0,3,0.013605442176870748,299.46864197530857,12.3718875,367.07783349676794,5121.7388714294975,325.76309848500006,10.61439,0.01335339599999999,867572.1733948895
6.317073170731708,218367.0,66,0.003861003861003861,521.857177734375,6.780347368421053,55.096087917168006,1653.5517154658282,21.879322803,14.3778,0.026362812,613880.8927023766
5.068965517241379,121401.0,1,0.0,351.52330187295223,7.0924000000000005,201.82947254398402,2182.73270660398,105.03696407550002,10.88184,0.014202215999999993,724915.7400997955
6.636363636363637,138857.0,17,0.0,303.55520379897115,12.5605625,276.6555612326,7274.217354346802,55.25997648000001,11.99052,0.030928778999999997,266495.46683542524
5.481012658227848,160003.0,0,0.009237875288683603,1006.2992232935414,9.012118867924528,103.326239604621,1696.7141317330809,60.145651794,12.42864,0.011489406,858074.4850347552
8.928571428571429,265079.0,30,0.001142857142857143,1890.2329881656808,11.519921875000001,295.57605162294004,2860.1903638123213,250.29024427500002,11.65134,0.011856675,762435.31786765
7.660377358490566,226064.0,20,0.013546798029556651,1865.1374844851648,12.844937777777778,857.9812380354539,12342.749502467488,270.40660148000006,6.69909,0.021252230999999993,1366943.9954296441
10.254545454545454,212549.0,27,0.0070921985815602835,1265.4751418010183,11.033147826086958,215.83496310459003,1858.594168876499,402.9318051,11.76462,0.004895045999999993,1294665.5374962022
7.341176470588235,175217.0,31,0.011217948717948718,1316.2010256410256,16.289627586206898,833.7262672905599,7545.821562401918,156.45602560000006,8.09346,0.008526725999999993,462726.9566180905
5.815126050420168,270293.0,45,0.011560693641618497,1413.8241236674087,10.346937777777777,696.3732905640029,11620.451134593692,37.39673445300001,7.523670000000001,0.02657201400000001,276925.90585744666
7.538461538461538,161892.0,18,0.004081632653061225,986.2218884260317,10.326567164179105,684.7947701015999,7269.797537479846,144.4013093325,7.518690000000001,0.013525488000000002,649995.0299964227
7.295918367346939,244783.0,18,0.0013986013986013986,1533.7791429972758,8.361490654205607,528.073132011786,7498.967958922903,116.13934930650002,6.838349999999999,0.017433509999999996,679203.5621199473
2.71505376344086,251818.0,11,0.0039603960396039604,1659.9308791836283,6.129313725490197,329.456771079,7291.892492422048,139.0660271475,10.43004,0.024453779999999994,853245.9623647081
3.840236686390533,214537.0,16,0.004622496147919877,1458.0324337290367,8.38605046728972,693.099285333408,9400.844830240825,318.38363532000005,7.1034000000000015,0.016418466,591538.632971037
8.011904761904763,220502.0,23,0.014858841010401188,1645.9614870973046,10.472465217391305,482.0033947207679,5357.355913071261,68.85542700000002,10.743150000000002,0.011188752,729938.8121835411
8.175675675675675,180749.0,15,0.013223140495867768,1446.6752958579882,10.310823170731707,601.6599764701499,6734.564322143402,146.73721074000002,8.328240000000001,0.012835746000000002,1477385.6730946286
7.708860759493671,223493.0,16,0.009852216748768473,1306.550573344322,14.169732786885247,865.671797877975,9977.142620313853,112.74064538000007,6.505770000000001,0.015607910999999992,272037.7785832094
9.35820895522388,213879.0,20,0.003189792663476874,1528.9799258375479,14.029124999999999,592.76594637136,8015.985548396784,255.46287676500003,8.04963,0.0119592,681319.4883964867
6.771929824561403,169687.0,12,0.012953367875647668,753.3708704395289,11.491912820512821,355.762996975995,6672.048481121614,109.195213092,10.611660000000002,0.02344476599999999,885518.149340055
7.515151515151516,186352.0,14,0.012096774193548387,1084.4344363128375,12.998943396226414,513.4992523485,8198.146019094569,249.83258877500006,9.06873,0.017695709999999993,594026.1584657994
8.517857142857142,201266.0,14,0.0020964360587002098,955.0164305029748,16.60462105263158,333.2238242489759,5272.9319900315495,97.36008487650001,10.610100000000001,0.012634163999999991,1025677.5518752381
9.125,233215.0,11,0.010273972602739725,1186.4407287213955,14.243661016949156,631.9393351530001,6384.107739112271,106.86169479750002,9.802259999999999,0.012719765999999993,687994.8880423252
7.365079365079365,193732.0,17,0.008620689655172414,1029.135087101588,12.141648979591837,280.51914118974,3720.077133694295,265.538995225,11.54628,0.013829399999999993,824311.381210887
6.552380952380952,188313.0,12,0.007267441860465116,1325.7211369509043,12.629589873417721,488.00200169298,6272.092367011121,64.77682979250002,10.28505,0.012391200000000002,653257.5916586469
9.424657534246576,255437.0,18,0.0029069767441860465,1338.2904009288982,12.843622222222223,494.12107493476805,7060.928940505441,49.64171779800001,8.929590000000001,0.016751159999999994,498181.4550191389
7.23404255319149,205545.0,10,0.0029411764705882353,1262.98046875,9.673680000000001,236.88162460262402,3764.14860605483,169.65001648000003,11.21142,0.009648209999999999,777903.1068293044
6.53125,220695.0,35,0.004784688995215311,2020.4327986338567,9.28905043478261,297.57352016832004,4915.139395464375,290.6777068800001,9.498990000000001,0.012661865999999997,890941.0684796005
7.532467532467533,204660.0,11,0.0034482758620689655,1202.3918234788423,7.837773195876289,520.762598278016,9030.398577270167,102.84715717350001,7.896450000000001,0.020804471999999997,639705.1291293347
6.662650602409639,232972.0,9,0.009041591320072333,832.7027027027025,13.313203921568626,277.972337807808,2938.1167739533275,112.11731705700001,10.26891,0.010096812000000002,894249.5150521563
9.673076923076923,186452.0,16,0.019880715705765408,900.0347768206395,10.410575757575758,359.71965673401996,4407.553464605852,75.63736527600001,11.40804,0.012299363999999997,826454.8420563021
5.826923076923077,212202.0,4,0.006600660066006601,1299.8609851239669,13.379133333333336,635.235544343106,9620.31335484375,107.92753085250003,8.37099,0.015034409999999996,818834.7196690175
9.0,255733.0,11,0.0035460992907801418,1719.3401284413146,15.35673913043478,654.99648849555,11933.3998476964,77.05582669350001,6.399510000000001,0.025279634999999998,517579.0352308271
5.753846153846154,236250.0,7,0.001336898395721925,1758.2291077792097,11.319450000000002,665.8056700374751,10194.533431683118,70.67280706200002,6.97854,0.021626597999999986,456631.1419204504
4.851063829787234,212969.0,15,0.010964912280701754,807.1617012628828,11.091323076923077,503.3587125482159,9008.510860177921,344.41067663000007,8.42148,0.024658176,617607.1052644766
9.352941176470589,183980.0,11,0.009433962264150943,1309.9523735214257,11.12497894736842,720.5376486649078,9029.617915659499,75.93401465550001,8.000760000000001,0.019097550000000005,520711.597635468
5.468468468468468,230400.0,8,0.0016474464579901153,1183.2272432782638,10.637675,229.51047437289597,4630.913807239126,262.78310576000007,11.905290000000003,0.022343688000000004,887264.8639821418
6.043103448275862,220296.0,7,0.0042796005706134095,1351.5284172472948,13.020828169014084,546.379290554832,13818.590316445894,132.85296266400002,8.15796,0.02982012,688057.616682453
6.939024390243903,245016.0,7,0.012302284710017574,1128.5611834710742,10.227220779220778,513.92133372096,11299.603937403595,116.57139943950001,6.513300000000002,0.016707383999999995,792732.673702351
7.975,205970.0,12,0.01567398119122257,1321.4315542405855,10.935974358974358,351.56097791402,3623.057522007716,279.3049383950001,10.966110000000002,0.03265836000000001,895536.540275548
7.507042253521127,203830.0,10,0.0,1185.9823177409883,10.502598437500001,391.593038273841,9084.146334797837,78.15926816100001,8.96679,0.026414348999999997,610538.0720242973
5.362745098039215,237850.0,4,0.009140767824497258,1117.3447600601771,8.656274999999999,595.53872965629,5766.175536232223,57.359400192,9.37602,0.015948278999999996,458581.57193335216
7.537313432835821,196440.0,12,0.011881188118811881,934.0827129294446,10.231739130434782,425.5968493972799,6374.420442048122,247.95877902000004,10.31085,0.012807684000000005,829453.7368726912
6.409090909090909,219063.0,6,0.0028368794326241137,1395.3993147727351,13.971818181818183,548.17231780572,6315.4354525944,110.56571647200002,7.7769,0.016664063999999996,576650.0846873326
7.981308411214953,239186.0,9,0.01405152224824356,1727.0475038463946,13.514286419753088,574.73726896313,12614.227197710254,193.13120650000002,7.47129,0.031940105999999996,399329.412581558
7.658227848101266,178825.0,13,0.003305785123966942,1327.5341752663508,9.9130625,665.0823296288489,10746.903595010543,47.219889123000016,7.99596,0.015079949999999996,496295.87776344194
6.71578947368421,188000.0,16,0.004702194357366771,1268.837706297068,13.134567741935484,812.306411963904,10953.257699523157,122.82731032000001,6.9098700000000015,0.025640999999999987,261327.05532018322
7.656716417910448,242504.0,33,0.003898635477582846,1112.5538666666666,9.95892786885246,594.391344153368,10089.611573513897,68.06598604650002,7.64841,0.04131664200000001,300327.0520388277
10.282051282051285,197912.0,12,0.00997506234413965,902.0780374894084,8.390447619047618,361.82268781619996,5591.774618287501,91.83519810000001,10.272240000000002,0.016100322,766367.4103312097
8.693877551020408,209023.0,5,0.007042253521126761,525.7021276595744,12.07664680851064,478.54112576256,9814.388709373694,140.43168216000004,8.576550000000001,0.021801779999999996,768931.6853196538
8.974358974358974,173661.0,9,0.007142857142857143,1176.1744014814765,15.486716417910449,692.051857870527,9904.46300890654,94.72239245700003,9.000060000000001,0.015177423000000004,626836.7020008484
6.294871794871795,214396.0,7,0.002036659877800407,986.8119529080042,10.957622033898305,460.686188810232,6493.785770205339,91.6867101195,11.689950000000001,0.02188343699999999,730502.6332595093
7.942028985507246,207133.0,8,0.009124087591240875,1245.4068509868284,11.977829411764706,642.5755172577899,6904.900817342526,279.21957750000007,10.688820000000002,0.011701637999999995,721449.3854488609
4.966666666666667,255226.0,20,0.0,1002.8902995437412,10.787600000000001,340.249616604416,5004.699107465796,246.75614785,9.971250000000001,0.018087839999999994,722434.9866284861
6.925,218494.0,10,0.0036101083032490976,777.7075354811815,11.51736842105263,217.6607684553,5933.058605433962,75.72998271600001,12.06798,0.025997003999999994,899078.2289349064
6.754098360655738,138200.0,13,0.0024271844660194173,941.1493431681993,10.130937931034483,294.54811690527,4214.193817507465,75.137827575,11.92371,0.011587254000000002,846357.2090991456
7.021052631578947,202551.0,8,0.010494752623688156,1285.6216955094624,13.40955857142857,756.0849126058021,12574.283706683904,189.94753186500006,7.60728,0.02045049299999999,1476506.86079103
6.862745098039215,165450.0,37,0.014285714285714285,725.0342772226828,8.6675,268.025844465736,6735.81677129816,46.533764724,12.76644,0.025385328,631285.8873330596
7.636363636363637,200769.0,6,0.01870748299319728,1162.384272,13.610754098360651,752.4807165540001,9627.306600992726,94.52981610450001,9.45876,0.018596112000000005,608672.3821202475
9.617021276595745,168330.0,5,0.00663716814159292,766.7606140548129,11.905063636363636,389.98297871453997,5996.042192286227,93.8052123525,8.89905,0.020342355,684769.9326386263
10.61111111111111,167480.0,15,0.010471204188481676,1529.0518302559121,13.462374545454546,297.80094270654,5250.298017116462,64.31749299,10.673910000000001,0.013966182,893990.2131817429
10.338709677419354,262293.0,4,0.0031201248049922,1028.3529557627453,14.025743103448274,691.0738484103089,8988.623490106558,171.26520177000006,7.352940000000001,0.020738843999999992,1349525.2647464513
6.39240506329114,200159.0,11,0.007920792079207921,1110.93375557992,10.375454545454547,456.8865017727601,7296.063823183552,38.45563014600001,11.0532,0.018452255999999993,550695.6950516468
9.545454545454543,180138.0,13,0.013333333333333334,1327.5253160011493,11.913940677966101,477.077885526999,7947.316274427999,182.87889588000002,8.805150000000001,0.014908514999999995,682004.6983638922
4.852760736196319,272000.0,17,0.006321112515802781,1652.8547792073575,16.94166393442623,786.6075699573,9420.140993194804,47.31803664000001,5.64768,0.018559716000000004,335465.3811678294
7.295774647887324,206626.0,7,0.0,1215.8999082102641,13.936314285714285,674.793789877308,9866.999901743038,92.30910688800002,4.819350000000001,0.01908208799999999,490133.9045185692
7.468354430379747,192557.0,6,0.005084745762711864,1046.1921408446506,13.334,540.1718253561598,9324.023430388523,296.1398725500001,10.881210000000001,0.01918872,704784.1710162447
6.117647058823529,131999.0,4,0.003205128205128205,619.6288409474437,12.570763636363639,266.28072816508796,6204.614745026799,29.349120742500002,13.4742,0.030579191999999995,520027.97535245545
7.604938271604938,206308.0,10,0.006493506493506494,1099.9195623264036,10.997066666666667,468.511335358656,7903.132660183735,63.704603940000005,11.2824,0.011948243999999997,863571.3415633147
9.059701492537313,189450.0,18,0.0,1331.1084734907554,13.1491375,490.85750092224,9941.990646436465,53.29588152000001,9.14331,0.017539919999999994,645009.0655401765
8.364864864864865,186637.0,7,0.0,1466.2812430385388,12.047053030303033,400.015232387925,3302.6018139999596,316.75412715000004,7.55247,0.006332957999999999,913285.0820850182
8.482142857142858,162134.0,3,0.002105263157894737,1022.5961157352358,12.894423076923074,436.18421592735996,8210.43680105626,194.39533035000005,9.37842,0.015595272000000004,649743.6871021676
6.276595744680851,141955.0,26,0.01694915254237288,680.8964016212906,9.5026875,454.19324849079004,9566.957834084278,73.308287424,7.712160000000001,0.023493995999999993,557474.0913480032
7.771428571428571,297640.0,15,0.003676470588235294,1552.337120991395,14.2239,716.8426443421201,14713.813263737013,59.25054006900002,7.292760000000001,0.02376605699999999,455570.8762968301
8.4375,212746.0,21,0.003703703703703704,1080.3762755102039,10.236098360655738,634.485595091,11987.486078611677,131.19679256,7.6294200000000005,0.03154766399999998,357967.2352011788
5.276923076923077,225800.0,27,0.014577259475218658,790.9163319882296,11.754346153846155,77.122764576,2591.7714399543756,15.401326511999999,14.691690000000001,0.023421584999999995,578545.62831056
10.916666666666666,168086.0,6,0.009541984732824428,1007.3590525298906,14.51188888888889,433.75101287574,4371.33553361505,302.96537824,9.861930000000003,0.006339668999999997,920327.1338781046
6.569620253164557,193840.0,10,0.005780346820809248,1171.214855116131,10.387820547945207,554.289587838,7577.901972020522,52.39058737500001,11.15877,0.012648734999999993,727300.7271382803
6.776315789473684,270293.0,45,0.0,1123.9029209206303,13.90031818181818,683.86824979825,6481.753549698605,71.1321818625,6.75945,0.007930340999999995,585562.1076218092
5.293103448275862,199840.0,14,0.0,809.7956877773767,8.823179999999999,468.41333890348795,5742.438928365653,49.68053017800001,7.0544400000000005,0.018280080000000004,422182.6397362795
7.633663366336633,208602.0,12,0.0012970168612191958,1752.8817298155125,12.878358620689657,387.23913726523205,7247.507505889035,90.31879007550002,9.777330000000001,0.010604496000000001,1021282.0669229407
6.117647058823529,189133.0,17,0.004807692307692308,885.0368338407305,12.056034042553193,730.9218096986522,10583.936205952856,64.539419868,5.997870000000002,0.020426174999999994,391368.0685007954
8.237623762376238,252099.0,5,0.001201923076923077,1575.2374868588947,15.887684507042254,376.6533607706519,5541.59960333406,180.88877467500004,11.30589,0.017960669999999998,589847.6610511858
8.196428571428571,143089.0,7,0.004357298474945534,995.0043255563181,10.628572881355932,311.660525171358,3523.3276812830477,75.82876488000001,11.757330000000001,0.009685884,955953.0339708979
4.395604395604396,243960.0,11,0.0,1079.5723062381853,9.580377358490567,419.041790847064,5875.179520816818,218.15640056000004,9.63711,0.01743525,619675.156379557
9.64102564102564,143465.0,7,0.007978723404255319,984.8923183391004,9.61749019607843,566.7796690680801,12807.502693800358,163.65576812,8.54208,0.029570363999999988,1469187.8681643428
6.814159292035399,238053.0,5,0.003896103896103896,1808.0907880014915,11.870670886075953,676.560052108325,15494.308389606556,91.60098997500002,15.561,0.037460969999999996,407626.1536080274
10.428571428571429,163826.0,5,0.00821917808219178,653.2274344984816,13.455617647058823,206.44171094601,2381.201014650192,172.08884563800004,10.77942,0.006735449999999996,1294275.880952056
5.9393939393939394,225094.0,15,0.003401360544217687,1225.0187945811267,8.041258536585365,226.78994786994002,4020.374806722648,61.76334417500002,12.6873,0.028770749999999994,358414.31412973447
7.127272727272727,173832.0,5,0.0,830.2105552333567,10.456208,454.8149754123121,5463.95642077083,240.26740511500006,10.18857,0.01383482099999999,714972.3459579466
7.409090909090909,239186.0,9,0.015337423312883436,624.0734265734266,13.451261538461537,297.529087147344,6257.212409923398,114.36653177550002,8.513340000000001,0.02212425599999999,807448.5177216538
5.404761904761905,201946.0,10,0.0,739.6699618722288,11.642728358208954,594.1816784117281,7459.961970151908,100.10151207000001,8.80878,0.002306574000000001,908282.9394182098
6.208333333333333,264280.0,12,0.004026845637583893,1578.4668702448116,11.138142105263157,591.552476860016,9297.22392062755,69.14224325400001,8.10687,0.016250903999999997,552962.3967684439
6.132530120481928,176360.0,8,0.0019646365422396855,1373.4481321940539,11.109478260869567,624.76056630654,11169.37065111437,47.01020747700002,8.907060000000001,0.011585028,653937.581985465
8.85897435897436,243145.0,5,0.0,1525.4042444269758,15.784786792452833,887.22846141371,9176.953833818163,60.72445776150002,17.825000000000003,0.021363419999999998,344374.35096232727
6.459770114942529,243088.0,7,0.005338078291814947,1225.7565036420397,10.011734210526317,374.72090449744803,6169.532999008807,65.00571162300001,9.36777,0.01296391499999999,769800.4264551206
5.834951456310679,225226.0,6,0.0016638935108153079,1230.9544510745511,9.143889156626505,107.438845793664,1812.7747896592257,112.44269238000001,14.55819,0.012710556,1025863.6845836265
9.515625,166625.0,5,0.0,1167.4416118146275,15.703652631578947,363.477043382068,4474.562264734773,221.20005522500006,11.274840000000001,0.008131230000000001,928709.0679056731
5.4140625,183500.0,6,0.0,1029.1622914231057,11.9609875,208.38446256236398,5787.577286382157,7.461405288000002,13.36152,0.037388709000000006,209656.05547941403
5.557142857142857,188000.0,6,0.0,787.1171259908921,8.973485106382979,107.57528608655402,2145.4198201003683,15.013960731000005,13.82307,0.02130599999999999,509018.88882545556
5.481481481481482,229480.0,24,0.006756756756756757,926.3220625741773,11.625969230769229,712.629583693232,13344.132244068865,69.01368258,6.782400000000001,0.023163456000000002,480850.4545873249
5.066298342541437,208520.0,14,0.018538713195201745,1440.6550529830163,14.505660465116282,64.01161833486,3753.5948062966177,66.88059595,14.338020000000002,0.02214702,846563.7762910442
7.041666666666667,205000.0,7,0.0019723865877712033,1011.7654426036663,7.2683755813953494,139.51355274868604,2639.897713194152,61.77604430000001,14.11887,0.020399294999999994,577862.2010061194
7.583333333333333,193713.0,7,0.003663003663003663,1207.4088541666667,12.402672413793102,329.4746071369499,2349.212450698176,73.173217194,10.36215,0.0065239919999999976,821981.2494033334
5.244897959183674,214933.0,12,0.0,889.3522626441878,9.482496875,513.2802040499021,8209.737647576643,54.03239025,6.8616,0.021301527,478099.223749854
7.363636363636363,218494.0,10,0.006172839506172839,919.0190998056758,9.900514285714285,765.5712448356,13403.22459406684,73.29073794,7.423440000000001,0.020313576,505792.7245131498
7.088495575221239,291626.0,4,0.0012484394506866417,1743.7456972822854,10.990272413793106,447.23617634107205,7192.192265379961,156.5464014,7.34538,0.017822769,525883.8989508838
5.725274725274725,243013.0,0,0.0,1086.964496146069,11.24551551724138,456.0798090071341,4940.543889433644,87.955236288,9.66483,0.013394324999999988,784636.1150336431
5.828947368421052,206480.0,6,0.013544018058690745,962.4965670391676,9.409003571428572,567.511092059712,6840.335631950857,273.39687392,2.73852,0.013576199999999995,539588.1987191079
5.50561797752809,216000.0,5,0.004081632653061225,1115.625,8.942499999999999,519.29239378128,7162.037211858984,59.987280474,10.46763,0.010696488,637956.8273283001
6.380952380952381,170000.0,3,0.004975124378109453,869.1826842982091,11.942973333333333,489.47067493095005,4559.464819238558,44.8349657625,10.256820000000001,0.012091724999999994,532536.2314721169
6.163461538461538,220693.0,9,0.0,1441.3657440370237,14.29151304347826,666.483401105232,8199.567750596838,92.65503079800003,8.531880000000001,0.00858624,769156.528810329
6.17910447761194,193493.0,7,0.004830917874396135,1040.147606743281,10.094072727272728,516.30594287976,5843.146564710737,265.48939296000003,6.970170000000001,0.00972543,744408.2077221305
5.826530612244898,192373.0,6,0.0,926.2843716625134,14.250368627450978,596.838605267136,7294.01790501648,54.68592743700002,4.665510000000001,0.015022079999999998,415367.5606105802
5.285714285714286,155000.0,13,0.003861003861003861,540.8692031673454,9.431584615384615,724.6664866325159,10398.788979512981,27.66508066200001,8.191230000000001,0.017602367999999997,287400.1566880392
6.566037735849057,280000.0,3,0.0028735632183908046,1397.644292888586,10.4184,521.510622677325,5841.288757409826,122.63755375000002,10.55916,0.017139842999999995,444636.7647001109
5.393939393939394,184000.0,4,0.0028089887640449437,801.3907541322315,10.777248780487806,139.48934706662402,2489.0805380297984,177.43695150000002,12.66384,0.012812111999999987,874128.7267449223
5.793103448275862,218336.0,6,0.001984126984126984,988.6956841138662,14.223461538461537,966.7035262256001,10375.672436511917,154.83479416,7.729500000000001,0.014975288999999992,338783.2318536923
6.188679245283019,230156.0,7,0.013719512195121951,1365.9988151194927,11.905962666666666,584.0223555392799,12460.666428213823,230.93895796500004,9.148560000000002,0.023041908000000003,650517.7261998578
6.330434782608696,178213.0,5,0.0027472527472527475,1733.8947867824438,6.558176969696969,620.570457354624,8951.921156017941,48.28902663900001,7.694820000000001,0.011318999999999997,511230.02908044803
9.549019607843135,165450.0,37,0.0,1008.5300260027436,14.751865217391305,382.535312661102,3291.69653526915,94.080925707,10.36605,0.007542809999999998,870077.3103657677
6.107692307692307,173186.0,2,0.0,857.6655726573109,10.864243902439025,223.24611801096,3339.3506691943194,248.26081544000004,9.790890000000001,0.011861135999999991,893002.9986430109
4.714285714285714,206506.0,4,0.008417508417508417,1306.594109908991,10.20991304347826,350.5351781217,7361.738887426642,117.87486282000003,5.79537,0.015970500000000006,847760.7514162202
3.923076923076923,201480.0,7,0.0,689.8470588235293,13.113652173913044,613.55213994004,7903.241409305214,39.580371600000014,5.75241,0.02335700399999999,277314.4304876018
6.475,194990.0,27,0.0,994.2729003676124,9.717525373134327,462.829206975386,6760.078613114694,267.14261804500006,7.791270000000001,0.01685062499999999,633801.760292063
4.909090909090909,202706.0,5,0.001851851851851852,1342.1616124260358,8.84689156626506,585.765616179016,8830.909702343459,273.0657024900001,5.124900000000001,0.013885469999999994,595087.5448419808
5.421875,246306.0,4,0.008645533141210375,782.190830449827,8.86124693877551,521.969657905875,8926.001786366145,201.04482625000003,5.96943,0.021164607,454212.7262691727
6.794117647058823,220078.0,3,0.0,974.7653751406153,9.68016,746.736208240568,12240.0412127112,342.58354130000004,3.6389400000000007,0.02937149999999999,447832.58791221
9.258823529411766,229093.0,14,0.005082592121982211,1919.403437978393,12.475013513513517,366.14349844116,3465.3310714982417,102.83990983199999,9.26538,0.012378288000000001,732039.6099056958
6.10077519379845,260086.0,3,0.01397712833545108,1560.9528873608765,10.209468867924526,727.5463143438262,4441.65920309172,66.24888216000001,10.936440000000001,0.011321099999999995,569665.6829578262
7.386666666666667,205101.0,3,0.019855595667870037,1067.8743156607566,9.993139473684211,800.674552362935,5302.030313375442,358.16402880000004,7.5369,0.011002530000000002,553321.9524463115
8.176470588235293,270961.0,6,0.002398081534772182,1922.8448626883228,12.94368,402.81507218867205,5165.74921608038,361.51995808500004,5.8747799999999994,0.027805840000000005,1023462.4271193343
6.4605263157894735,185086.0,2,0.002036659877800407,1035.694718387026,9.176329687499999,383.434485473952,5857.442073395713,68.959245564,9.596820000000001,0.018110540999999997,704919.0847266586
4.731543624161074,187360.0,1,0.0014184397163120568,1243.354532541322,7.351999999999999,830.186763637792,13622.363512800777,127.770132204,6.723510000000001,0.01708776,638684.4500228552
7.932203389830509,173832.0,5,0.004273504273504274,777.41015625,8.474456250000001,389.98297871453997,5996.042192286227,93.8052123525,8.89905,0.020342355,684769.9326386263
6.093333333333334,205080.0,4,0.015317286652078774,1030.6406511592854,8.055894444444446,567.093771971216,7434.428072269449,56.904535168500004,9.679170000000001,0.01799335199999999,614271.295679945
5.086206896551724,254641.0,1,0.001694915254237288,909.0708883196346,8.47779012345679,394.364761406784,4653.218384587894,68.53557924000002,9.56868,0.018252975000000005,571101.4333935485
8.23611111111111,175440.0,2,0.0016863406408094434,945.9973007213293,9.44028735632184,832.3932518299999,13495.340528317127,112.88514710550002,5.013990000000001,0.020056505999999998,548680.0250703399
5.589473684210526,163213.0,1,0.01694915254237288,1108.2702369959986,13.882109999999999,746.769649702428,13886.342172028888,78.99994021050001,8.46387,0.010885817999999997,760799.5802446612
8.829268292682928,211520.0,17,0.0055248618784530384,855.9721798815273,10.122076923076927,136.11735114281998,2244.592169046998,40.60926211499999,12.24723,0.015225356999999986,698648.2209532739
5.733870967741935,174750.0,52,0.008438818565400843,1406.861166224329,9.133387500000001,228.579570387312,3768.9676367511006,169.86329414999997,12.235560000000001,0.019159368,672081.4487992559
6.536842105263158,174750.0,1,0.004830917874396135,1107.4733143544174,13.027880281690141,463.7776145976,5108.999817989526,258.37246998,9.472470000000001,0.007253570999999992,832887.3814876943
6.781609195402299,168000.0,37,0.003389830508474576,1162.214770221806,11.839067567567568,660.3301318049171,10678.286259153827,95.61856869600003,9.63039,0.014772434999999995,767680.480110661
5.056910569105691,184968.0,52,0.0,1339.2675372039537,9.851873170731707,494.8778900432641,7515.149329599807,69.14153610000002,8.572830000000002,0.018585,581747.7019706139
6.188888888888889,195291.0,61,0.003590664272890485,1184.988252046992,11.684422580645162,495.80323398067,6615.462805181246,232.50715295,8.306700000000001,0.017613846000000002,527535.1852792656
5.042016806722689,183449.0,36,0.0033333333333333335,1236.3591846728286,11.455068493150685,686.2320497216799,4686.033991383581,64.00260432000002,9.150360000000001,0.009941367000000001,521177.25753184233
5.492063492063492,150130.0,45,0.0,667.1535147928992,8.649213636363637,335.20340810037203,8754.432911355498,110.886580116,7.71069,0.030439934999999994,665246.1277614177
5.8901098901098905,165333.0,34,0.005597014925373134,1019.4678370474328,8.804143589743589,926.9728911839039,14074.082673801215,154.05527286000006,7.5789,0.028944479999999995,1097054.2740536763
6.888888888888889,170588.0,48,0.004608294930875576,860.9201416765053,9.31626037735849,267.88575233899303,3908.533055989873,62.931318489000006,9.1674,0.014105916000000001,701591.1501269878
5.211678832116788,290683.0,1,0.004201680672268907,1483.7499619325527,11.302786046511628,403.752765420144,6088.53565025082,143.17058448000003,11.527980000000001,0.023317050000000002,423449.9923213868
5.313725490196078,193007.0,35,0.0018450184501845018,1012.9455296690795,11.943709090909092,427.51128977124,3129.3927632787727,71.94159995700001,8.79399,0.010500671999999989,580867.0787358744
5.476190476190476,192457.0,49,0.0,1181.1852542794923,11.784761904761906,477.147540799488,4487.02842761337,284.40553715000004,8.637030000000001,0.03547560000000001,726351.0734121066
7.159090909090909,168000.0,57,0.0,1130.9868605848753,11.305720588235294,242.850250164665,3007.8692907635495,83.666819145,9.31266,0.008439269999999988,942497.0395869055
5.931818181818182,206367.0,34,0.0,1137.5981177978572,10.195609090909091,367.42868715758095,2493.695346159633,96.092399424,8.64177,0.005669465999999999,891390.7993441749
6.51,216407.0,45,0.007680491551459293,1276.013095072251,9.242572499999998,234.21877233875995,3063.1390184904108,101.266006383,9.102870000000001,0.010037063999999991,935732.1219808215
7.0227272727272725,194997.0,37,0.0016181229773462784,1220.677525732771,12.782468852459019,430.603424087232,8579.339869390293,327.83584431,7.59309,0.019145238000000002,750899.1825393855
5.982758620689655,174750.0,52,0.008645533141210375,684.8391644239393,10.698010000000002,228.579570387312,3768.9676367511006,169.86329414999997,12.235560000000001,0.019159368,672081.4487992559
4.796747967479675,216699.0,33,0.001694915254237288,1060.106630851724,9.296011904761905,298.30899768590496,5649.405700793009,74.505315927,10.655700000000001,0.014960493000000004,876023.1615139334
5.0,96300.0,60,0.009230769230769232,687.5292866098455,13.576397058823527,382.57705458155397,5923.208199962375,181.639524915,8.762550000000001,0.013849181999999998,499133.8509289925
6.506849315068493,191907.0,47,0.00631578947368421,934.1045014609206,10.293681818181819,431.80284118296,8377.02002309328,82.13138070000001,6.01395,0.021183899999999995,589748.7607559075
7.482352941176471,223124.0,29,0.0,1254.2838869821812,9.961553846153846,380.570058855711,4866.120875117998,324.79968231,7.35624,0.03779819999999997,818175.6921836004
4.9,131944.0,0,0.00510204081632653,1126.0371371912745,13.092124137931036,407.767498205408,3291.3266230311615,70.376873802,8.32341,0.007907159999999998,692193.6242041866
7.75,152478.0,31,0.0020161290322580645,948.9236607752516,12.756017777777778,386.49527990928,8196.336916196607,74.81512188,7.79298,0.02454109199999999,616851.6808160936
6.425531914893617,172875.0,48,0.0,572.6399739583334,8.556415,333.22829958539097,5300.4693435853205,54.260760330000004,9.056610000000001,0.022510454999999985,488749.66001193173
8.116504854368932,193090.0,41,0.004784688995215311,1746.0455627393312,12.150441237113402,304.57041878241995,4954.318055491393,102.86013364000002,10.1151,0.011399544000000001,542688.301275925
6.34,193950.0,37,0.007886435331230283,1302.121307443736,15.558829629629628,456.94999397196,5863.713937626316,92.27154654000002,8.11503,0.012161664000000006,759566.6790882342
4.918604651162791,205125.0,58,0.004728132387706856,843.1045409389521,11.402608695652175,249.78558330960004,7685.789542005398,58.493799233999994,11.39259,0.03412886399999999,593887.673727654
5.936708860759493,128000.0,37,0.006396588486140725,1020.791633989878,13.668957142857142,564.494387986804,7455.351560531178,69.20410223100002,6.399510000000001,0.013373613000000005,466375.44839775277
4.823008849557522,172592.0,57,0.009174311926605505,1079.9546942351194,13.10390350877193,533.5763058825002,9075.158782686362,133.02931800000005,10.59588,0.021033917999999995,493084.8421799094
5.550724637681159,189193.0,53,0.0,688.4895954545817,8.769949019607843,397.99108380084,6689.97149307757,82.81049533200002,7.23918,0.01998227399999999,606803.6258001435
5.464788732394366,165000.0,52,0.0,796.9204202391015,10.237164444444444,491.839621784472,8841.92627109211,96.774613614,6.666120000000001,0.025370708999999995,549577.9330442228
5.879310344827586,96300.0,60,0.011730205278592375,665.7177457538637,14.300565714285712,134.857380301518,2853.7004287440004,22.245494019000006,13.669379999999999,0.012854975999999997,586160.244127099
5.870967741935484,176999.0,74,0.013736263736263736,734.6113949427664,13.670533333333333,896.9237913066601,17595.27364998207,362.88740962500003,7.256550000000001,0.020800772999999998,628633.9039935883
6.178571428571429,189193.0,53,0.0,845.354755075585,7.806957692307693,360.48615681811805,4811.929932435194,99.52689606000003,8.068800000000001,0.013676622000000003,788412.8432193547
6.491228070175438,182400.0,34,0.00945945945945946,1502.3023023023025,13.499307692307692,678.743365707342,9992.04695647668,285.9932763450001,8.00244,0.016873529999999994,578812.9532951873
5.147368421052631,192574.0,36,0.0,931.581919246255,15.0012975,520.53324603504,4715.993218300983,283.67877858,6.2037900000000015,0.010092267,671975.5965945615
5.45,171025.0,45,0.0,742.7734404636785,10.25036,155.92020070595999,2961.969786694312,278.34717714,12.82539,0.015484878000000004,1056239.7898959338
6.4361702127659575,160496.0,38,0.0,1105.3541052631576,12.279579365079366,481.47272976082803,10771.042263891772,40.903300764,8.86203,0.030493340999999993,386210.60927625076
4.644736842105263,239769.0,0,0.0,667.8760913147513,7.27841875,220.05491419548,3375.478907522678,29.797400178000004,12.043830000000002,0.030828056999999978,370734.6894282334
4.890909090909091,181200.0,39,0.0,1055.1275568171022,10.676039393939396,487.713543615158,5703.957177803997,83.68247443050002,7.964640000000001,0.013145063999999986,647414.4982519688
4.095588235294118,289090.0,61,0.00718132854578097,1256.1879042370363,7.303941,507.98220885495897,7941.939997790786,157.70915194000003,6.24003,0.017290148999999998,417206.8346020826
6.774193548387097,180000.0,33,0.008333333333333333,1814.550857142857,13.842418604651161,682.2266538015001,10699.914962057868,122.96012625000003,6.239880000000001,0.013703675999999996,775797.0818709448
10.069444444444445,182044.0,31,0.009655172413793104,1410.7751872737986,14.300624999999997,603.9896999868599,6050.594829183501,40.59286324500001,8.63667,0.014761998000000004,379067.15951024555
5.356164383561644,174666.0,57,0.0025575447570332483,770.1061316990648,9.6832,391.360266102656,11526.425596805628,102.92894818500001,21.5343,0.029896776000000003,693950.3390949925
5.508474576271187,235200.0,28,0.0,1144.6964721336085,14.201886792452829,311.2835148595199,3405.6738026966864,267.3168369400001,10.16361,0.012218879999999991,818180.3462841039
6.390243902439025,211647.0,73,0.0057251908396946565,1061.4115365154328,9.3796,277.950750054144,5669.55706403054,111.93955560000002,10.906170000000001,0.023290019999999988,777273.0900006987
5.422535211267606,174545.0,35,0.0,727.208147084079,8.233609999999999,278.38004316627996,4244.081973652049,361.76368536,8.77548,0.016706303999999998,773276.2720667502
4.842696629213483,239551.0,16,0.016241299303944315,939.9127326687559,10.951390740740742,556.209919676768,7080.556606525712,91.399630812,6.624630000000001,0.011870852999999997,674818.1050670077
4.965217391304348,144000.0,0,0.0070052539404553416,1030.6898823960096,11.871090000000002,127.347153417792,1965.7941382979795,95.89330738350002,12.14958,0.008155769999999993,1117224.3709334887
5.52054794520548,164250.0,38,0.0024813895781637717,830.1896758703483,11.079752272727271,445.953077604481,5292.788346075775,93.957170238,6.4408199999999995,0.012997880999999989,669857.0200282753
6.556962025316456,153600.0,35,0.003861003861003861,1041.4957645242648,9.586139393939394,566.446037589694,11322.53509915132,92.87364677400001,5.1996,0.025819379999999996,530665.5059030902
6.465116279069767,187890.0,14,0.0035971223021582736,620.0328879405239,11.763743750000001,648.238479823759,7539.102919583235,44.483613606000006,8.22273,0.016260278999999996,398559.81357009115
5.010204081632653,186000.0,31,0.0,1085.414509118518,10.797692982456141,537.06334950866,8586.977586164285,96.09102616950003,6.3837600000000005,0.016762490999999987,716988.1667319307
6.836065573770492,146880.0,29,0.004796163069544364,803.9843670100081,11.522544,554.772796934136,7159.960333970276,124.87827627,7.522380000000001,0.010922687999999995,895696.7506059668
8.194029850746269,193187.0,37,0.0,1434.2815096952907,10.027604347826086,434.24601083208,7640.608644143059,82.47835944000002,6.48276,0.014276492999999993,777088.6578290564
5.758241758241758,176999.0,74,0.0019083969465648854,1005.6942886529916,12.341629090909093,124.23021454796401,1210.7252727339012,31.8207083325,13.63185,0.008113740000000001,716900.6646155388
6.725806451612903,165120.0,39,0.002398081534772182,968.4103546712803,9.975365217391305,502.186732923708,9590.42169368751,102.54362369100002,5.76975,0.025733519999999985,619884.0665523764
7.032258064516129,177494.0,33,0.0045871559633027525,854.5853703900519,8.064354716981132,123.93744719651397,2463.540597397512,52.68741379650001,11.813580000000002,0.020246666999999996,650984.4914913055
4.861702127659575,277173.0,13,0.0,903.700516809633,15.567643243243243,150.97874795748797,2593.8111239008635,55.822338264,13.4061,0.016340399999999998,804592.7840643215
4.662162162162162,138829.0,67,0.0,619.8120248015038,8.275186046511628,191.90285475613203,2757.070037583039,60.05010895650001,11.53281,0.02252375999999998,532761.2193323917
9.075471698113208,181611.0,65,0.0,832.1798733674931,10.26628909090909,148.87712552785797,1852.2765940801949,44.935531326,12.748230000000001,0.010182404999999995,883142.237004693
5.088888888888889,141791.0,2,0.004366812227074236,520.80325,13.253604000000001,189.33594111432004,3808.0438753216013,140.44639482000002,13.64358,0.016596599999999996,684817.6358280714
6.068702290076335,197446.0,70,0.0012578616352201257,1402.9477259199607,11.515620689655172,184.28561088588,2726.269077062999,236.26640842500004,12.54648,0.011089991999999988,1054134.4815694697
5.107142857142857,174750.0,52,0.0017482517482517483,933.1221796509152,10.672793650793652,155.92020070595999,2961.969786694312,278.34717714,12.82539,0.015484878000000004,1056239.7898959338
7.234375,207346.0,68,0.0021598272138228943,844.6844199881021,10.219953333333333,185.149032109888,3109.251014952391,150.04349104500002,12.719520000000001,0.0161727,643500.5161382428
4.861111111111111,187973.0,88,0.002857142857142857,699.8068453990574,14.205625,494.8778900432641,7515.149329599807,69.14153610000002,8.572830000000002,0.018585,581747.7019706139
4.75,118235.0,22,0.0,357.71504132231405,11.583540000000001,125.24054743382399,1595.1451029897241,51.36635527200001,14.380320000000001,0.011209799999999994,854138.8454135602
4.633928571428571,187293.0,55,0.0038535645472061657,1069.5452120910322,13.044508928571428,827.650644096,9533.225498424323,28.02759376500002,9.51816,0.026080929,180685.50668479616
5.195876288659794,176999.0,74,0.001984126984126984,944.6428366233021,11.4084,123.73093490200802,2742.5588063339087,68.97977866800001,13.688070000000002,0.015092820000000003,1079913.5757940016
5.82051282051282,197600.0,27,0.0022026431718061676,809.162460737201,13.9151,472.187866355018,9446.160335017345,16.931304072000003,10.69902,0.023752223999999995,287493.86195295374
5.03030303030303,222133.0,52,0.006024096385542169,1034.0962360289282,12.498140000000001,484.0331353314,6712.491257761907,68.01978388500001,8.97363,0.009930725999999999,642289.4401511307
5.8977272727272725,197446.0,70,0.007707129094412331,1071.1813383862184,8.587027999999998,209.52056297762098,2839.017121812002,61.93731393900001,10.867590000000002,0.009664110000000005,894791.3965108367
5.776470588235294,112146.0,21,0.004073319755600814,1010.0483850264884,13.654263636363638,230.72869272635,3361.0266032631757,120.22639982500004,12.73473,0.007366868999999998,796010.3599493833
4.906976744186046,147963.0,1,0.01263823064770932,1284.0343484408404,8.332135344827586,444.56948756855496,7682.339330788078,111.481845453,10.032060000000001,0.010584975000000003,885688.9276644363
5.5,250146.0,1,0.0,941.496337890625,7.970402985074627,350.13901579551,5394.138036703292,153.168432975,8.361270000000001,0.017526635999999998,845095.144091088
4.9361702127659575,139888.0,61,0.00646551724137931,936.1048034934498,12.938725925925928,484.0331353314,6712.491257761907,68.01978388500001,8.97363,0.009930725999999999,642289.4401511307
5.0,223392.0,1,0.015909090909090907,966.2557341268584,10.738199999999999,650.887639812792,7772.7001019139525,125.08462498200002,6.361050000000001,0.009318722999999998,781271.6510726716
5.550724637681159,187066.0,25,0.0,684.1865354829906,8.44777843137255,199.70857650844798,2926.3513282525055,71.448779328,11.00832,0.01729318499999999,638069.533637387
5.271604938271605,180009.0,64,0.0,736.2404722550177,10.079097777777775,370.5542358765281,6924.54116238903,67.260749754,7.789410000000001,0.035013803999999996,380468.19546948094
5.904109589041096,265454.0,65,0.002320185614849188,1620.853844421357,11.343532584269663,421.715046360384,10014.051607641775,99.06139417500002,7.13703,0.026940936,666033.6948990823
5.970873786407767,181661.0,69,0.0016260162601626016,1251.5091323137137,10.277333333333333,288.206239853056,4264.3028833957915,104.13137112000003,9.05316,0.012202367999999995,913860.3848317734
8.25287356321839,214700.0,55,0.0,1573.4699915469143,13.471475000000002,363.002213256672,5046.455269966245,97.43409638550001,9.80445,0.018235391999999986,711754.8438929399
7.625,202737.0,44,0.001366120218579235,1438.5645707790627,11.896591304347824,273.84935537559596,3712.9651588753923,79.14301395,9.58698,0.014092619999999995,771697.1636659203
4.336206896551724,218695.0,59,0.0,911.0450124479786,8.756915625000001,500.421858561576,7818.656727241802,307.06671513000003,6.4397400000000005,0.025915619999999997,501628.1537462261
6.4,228000.0,79,0.0,1445.3445124244217,11.091393939393937,286.62700014471596,5568.220246691529,158.97118411350002,8.408850000000001,0.016844033999999987,942314.073675149
6.297520661157025,267119.0,62,0.0013123359580052493,1567.2384868421052,9.4488,404.323778863008,5198.093097882962,97.06999618200001,7.410540000000001,0.015292620000000002,691470.400647762
5.847619047619047,277079.0,54,0.0,1256.6544427978558,7.275260416666666,170.748214,4285.964495105698,86.31882300900001,11.54649,0.01661300099999999,1141907.0896668918
6.1571428571428575,239304.0,52,0.0,805.7590650109569,6.96065,403.910289116928,9631.310961166511,110.85524866350003,7.59819,0.024436619999999996,879432.9687398821
6.9875,252734.0,41,0.0,1018.3816611178263,8.88658918918919,296.7345699869039,5068.453590449999,104.07696946200001,10.39374,0.018762479999999995,846748.0225765711
6.463157894736842,299061.0,63,0.0016286644951140066,1340.9947959183671,10.8595027027027,355.29356235340805,5249.619332010601,301.45023342,10.62099,0.014859359999999997,846086.6904188768
5.726415094339623,279931.0,36,0.0,1226.4233635399742,7.7751816091954025,220.48714944345602,1761.1014335977563,109.80723706200001,9.40773,0.005793599999999996,1039735.3890491407
4.933333333333334,222924.0,45,0.0,783.4299768648501,8.71235172413793,276.453217679184,3049.646846803374,331.92588240000003,10.06899,0.037999769999999974,883580.1239585484
5.978494623655914,267091.0,37,0.0017985611510791368,1083.6187588504788,9.082657142857142,294.80975122357,2903.1411280433936,221.34351495500002,10.77915,0.014528088000000005,619389.1737136114
5.322916666666667,225097.0,49,0.0,953.3459475218657,6.750674999999999,325.06082184340795,3753.570020863948,88.83541422,8.65149,0.012961370999999987,755589.7608724453
6.113636363636363,212985.0,51,0.0,1158.3905466481506,9.694412903225807,269.91939796877995,3470.764891245958,117.75972143700001,10.11456,0.015480791999999988,790255.643095386
4.935483870967742,200863.0,50,0.0,859.1516569808362,8.671143103448275,329.11784259352805,4060.212621902081,114.89953904100001,7.44825,0.013331196,761712.5708735035
5.333333333333333,200508.0,41,0.0,761.3382030679328,8.041632653061225,251.992517385594,5446.256958628801,271.31310499500006,9.60924,0.027192479999999998,674358.6279532592
9.741935483870968,286236.0,42,0.006622516556291391,1425.6722904799053,11.825390769230767,377.42708086272,7600.991745101742,345.18581760000006,10.64385,0.021211169999999994,905532.3435372586
5.113924050632911,210512.0,37,0.0,809.9169315560958,8.459931914893618,223.88806873538002,3348.9324495158417,303.01800708,10.44954,0.021535116000000003,647116.3546357446
5.386666666666667,270402.0,31,0.0037128712871287127,1691.281289731984,11.163553488372095,356.0255750688,4639.8250450116,73.02696426000001,7.804740000000001,0.016712934,524740.3347893535
6.257575757575758,218508.0,46,0.0,822.1135704493631,8.344982692307692,137.980256722112,1216.5372050923525,149.398304826,11.02773,0.004752242999999997,1359114.9065154963
7.022988505747127,219545.0,36,0.0032733224222585926,1153.3914552373747,11.527533333333334,713.9165793270721,13694.85554414252,53.3060231715,6.90951,0.03379227599999998,344108.71976488153
6.378378378378378,259273.0,49,0.0,1601.1469701369795,8.534176470588237,493.92974353932004,5053.360233757967,71.41528038150003,8.93871,0.01887895799999999,461062.87762984325
8.068965517241379,223386.0,37,0.0010683760683760685,1673.5619947170414,12.43964347826087,350.455510970824,6297.497078229719,97.41502506600001,9.671940000000001,0.023068094999999993,652277.5439179362
6.466666666666667,169877.0,52,0.002577319587628866,734.9805370545848,5.972010958904109,341.44194605445597,6457.445915598316,115.296242646,21.143500000000003,0.014831387999999997,927303.5763669079
5.742424242424242,234532.0,43,0.009234828496042216,1515.3652188640897,14.132740298507464,380.72489467262403,4347.325700336067,96.19627607100003,9.765659999999999,0.012168864000000001,857374.7565381168
8.75268817204301,247467.0,41,0.0036855036855036856,1663.652340193043,13.606010000000001,732.1548721516559,9968.6530164144,176.12998848000004,8.89149,0.026718768,1130825.877311134
5.878378378378378,204181.0,68,0.0,836.8727541130081,8.729295918367345,262.97668783881,4507.447992053834,88.84218312000002,9.158850000000001,0.023749008000000005,621685.3837602994
3.962264150943396,244515.0,34,0.0,430.82576177285324,7.199888888888888,276.247913280672,6254.109150839701,112.07105276400002,4.72116,0.019988786999999997,745623.192156035
8.741176470588234,192000.0,31,0.009421265141318977,1574.2275060467614,12.584016176470584,573.067091824128,9033.243798385665,287.85770736,4.463700000000001,0.022153869000000003,508492.459532442
6.559322033898305,220800.0,61,0.0,809.3888637392484,7.754884615384616,213.79434027210002,1854.1998643240806,117.78929481900002,10.330290000000002,0.009570527999999997,834579.4983701038
6.7176470588235295,215435.0,41,0.0,1223.4860268601117,8.364398684210528,343.47009373236,3213.9420948271986,270.78366892500003,8.69574,0.01287278999999999,620308.9200313034
6.777777777777778,239095.0,61,0.0014903129657228018,1256.7494499999998,15.00494827586207,587.2421950648,3982.9785207097675,67.635010116,9.36837,0.013429799999999997,446597.68597368273
7.605633802816901,188888.0,58,0.0,1037.4964187327823,10.019907692307692,312.981636364124,3074.548203428422,97.14775451550003,8.50683,0.010077578999999988,721177.4217030775
10.445945945945946,245468.0,33,0.0,1763.6263822145859,12.002185915492959,507.17231934387206,9662.580764910914,79.726576938,6.72753,0.028856399999999997,533100.8613470317
7.568181818181818,170526.0,54,0.0045045045045045045,1394.8291766221914,14.19375223880597,742.0854458366999,15417.651753486402,104.203463175,9.16674,0.0226497,739878.7449292595
5.26,278509.0,37,0.0,1643.953507388714,11.955322500000001,517.332125202552,3958.9415553638796,287.01274756000004,8.88291,0.010741589999999999,721676.4324596204
6.412698412698413,240368.0,44,0.0,720.4434549458967,8.611484444444445,248.193224395248,4184.286843287934,71.87298723,9.218670000000001,0.02365286399999998,568528.2295371171
8.778947368421052,286236.0,42,0.004796163069544364,1966.3671712568846,7.601821276595745,358.5079048824,7351.213253597697,295.78387621,11.65218,0.021584988,960665.9262684049
5.0344827586206895,208166.0,27,0.003424657534246575,569.3360136847757,6.890451282051282,214.61618786224003,7708.424850984379,336.0054800600001,7.90455,0.027586595999999984,910698.4543563552
7.698795180722891,187680.0,41,0.014084507042253521,1462.50139500279,9.57293,544.589869542836,7916.324462402397,97.51751085900001,9.030240000000001,0.016273727999999987,752750.983089333
4.8062015503875966,238184.0,22,0.0,1210.2647569444443,11.03345205479452,586.5305812618559,7105.8555676131145,153.60282312000004,10.145100000000001,0.019599021000000005,469158.0901205023
7.023255813953488,147540.0,62,0.0033112582781456954,1166.9309688456253,10.213313513513514,401.36393472789604,4754.246955801121,151.046953722,7.79415,0.012333800999999997,811577.5847179004
4.713178294573644,223639.0,28,0.001644736842105263,1262.4105524085658,12.277406896551726,327.450017388096,5922.070014342301,54.46246031400001,10.226250000000002,0.030736223999999996,426790.48619078903
5.307692307692308,213000.0,59,0.007246376811594203,924.1598251485553,9.047625,441.15514068479996,6087.715452764568,283.1983104000001,6.240810000000001,0.023010497999999997,482475.3717683996
8.776470588235295,168310.0,37,0.0,1798.0698620695161,12.12504318181818,666.488669162925,5878.974257551538,106.99906631400003,7.498320000000001,0.007908252000000005,813594.5585995942
10.680851063829786,129795.0,59,0.00597609561752988,825.2941210625635,12.253448148148149,378.518450519811,4982.263326495612,118.44086851800002,10.024230000000001,0.012931545000000003,891727.1006834854
5.666666666666667,216293.0,28,0.004056795131845842,1089.7427519837288,8.365644262295081,79.65423278813,3565.810302272089,136.9410315,13.66362,0.03259674900000001,836401.3738019776
6.459016393442623,193759.0,27,0.0012690355329949238,1597.6908481867963,10.611733333333333,342.16231678272,7151.100902219997,67.91154615000002,7.69068,0.028854635999999986,488627.2980696376
5.959349593495935,251890.0,21,0.001364256480218281,1595.221938905293,9.273713793103449,425.35304010647997,4875.1155327299075,66.94399872000001,19.224600000000002,0.014838243000000006,514811.1430952945
7.291666666666667,136974.0,21,0.005714285714285714,358.6284767962663,9.641470588235295,287.20343332548,4122.115364793599,266.91198420000006,8.13438,0.022954727999999983,512334.7640743551
5.816326530612245,161843.0,26,0.0,582.6315789473683,7.299475609756097,242.44820988483602,5005.048023067166,363.38498100000004,7.8605100000000006,0.014781797999999983,993308.635169186
5.970873786407767,183406.0,30,0.0016260162601626016,1251.5091323137137,11.186166666666667,708.040225070976,10619.225668551026,71.104470948,6.186060000000001,0.024055775999999994,395662.217169692
7.962962962962963,246153.0,8,0.002325581395348837,950.656467013889,10.75,413.6757835875,5337.393621785282,243.37492977000008,9.671940000000001,0.011497728000000002,968160.5822873614
6.934782608695652,174666.0,59,0.0,711.5897033369562,7.270132692307693,281.051232728406,3400.9906094720645,76.267168158,10.659930000000001,0.013855481999999995,753291.9554965601
4.930232558139535,186280.0,39,0.0,948.9571597633136,11.390923076923077,862.1608767034999,9957.423974320174,43.321375800000006,8.65128,0.017656482,372616.7563217648
5.953488372093023,200975.0,52,0.001953125,1055.6140653144337,10.0072,501.29493336770406,8034.137589488638,70.11696696599999,8.13579,0.02491403999999999,461369.32948867476
8.038461538461538,192000.0,55,0.0,730.319356449549,12.376688372093026,632.1713067857401,11986.079890777328,64.01867332500001,9.15711,0.03314831999999999,447716.7961508561
7.388888888888889,188429.0,42,0.0,738.7016294230531,8.6362125,537.976801629092,9780.468087974163,81.9839793465,8.44647,0.02863169099999999,548863.8200713042
5.269230769230769,213693.0,42,0.0,774.6824190265143,6.719552173913044,662.7700231258622,10046.049991116117,63.49706576999999,3.2821800000000008,0.02268751499999998,409334.2136403135
5.956521739130435,213038.0,45,0.0,727.3825300575738,9.497977358490568,347.4346938890161,6039.999078908038,111.79519127400002,8.53545,0.016438655999999986,825102.761883676
5.2,202786.0,33,0.0057692307692307696,1161.5270362790836,5.842827586206895,646.4840055499279,11033.42619803573,75.20116022250001,5.396250000000001,0.018088440000000008,582995.7393847224
6.973684210526316,173260.0,34,0.0,564.922480620155,6.39478125,344.77176121245003,6489.495157858018,72.45423168750001,9.932040000000002,0.02629637399999998,604078.400580953
4.657407407407407,216773.0,27,0.003976143141153081,1159.8587241332978,7.998278160919541,845.77345509726,17512.436082840817,56.62191458250002,6.7956,0.025671059999999996,426015.69071956014
9.891891891891891,163933.0,61,0.01092896174863388,847.0923205122584,13.26534705882353,608.3503374354899,12775.553463691802,65.0252560425,8.200380000000001,0.034012671,458631.2687582681
8.339285714285714,212653.0,25,0.0,972.10760411033,8.5599640625,436.263153700224,10864.084473272796,312.52641399000004,6.616650000000001,0.023242832999999984,785528.6967036156
6.096385542168675,206946.0,21,0.001976284584980237,1155.3384155726574,8.46114054054054,587.320135866772,14428.32059807357,66.83955304950001,17.410700000000006,0.030228389999999987,459645.25312945776
6.030769230769231,168228.0,28,0.0,899.7741970486111,13.77764705882353,134.3784819136,2062.332568738002,54.146409690000006,11.571990000000001,0.009206784000000003,899883.7862728297
5.361111111111111,153960.0,27,0.012953367875647668,804.2325776103291,6.601128767123287,453.0578934799439,6893.206712464577,59.25330742200001,7.62537,0.01567566,615981.9469806474
7.381818181818182,234355.0,21,0.0024630541871921183,776.5732936036968,5.910968674698795,561.915392240664,14812.82215315178,301.62846249500006,4.780470000000002,0.025807439999999987,680336.0389930992
10.232558139534884,171206.0,54,0.0,1001.0149597028137,11.084,958.38585022314,13619.774304666831,51.159326593500026,7.738170000000001,0.024362262,334681.2695157967
10.75,228120.0,13,0.012919896640826873,746.3196349930571,6.212342307692308,711.557235049026,16694.633894970757,40.009706532,6.02562,0.040639962,249843.28624010456
5.115942028985507,186266.0,20,0.0,695.703331217214,9.422797826086956,412.26811773206396,12380.632892802003,328.104392925,8.2329,0.032375475,677501.4019253497
4.5212765957446805,211120.0,25,0.0,908.3917167834337,8.053749999999999,365.399965891968,3407.559920105758,68.0912005245,11.40033,0.01080388799999999,823005.1706983751
5.957142857142857,192000.0,55,0.0,918.1251041232822,13.398868421052633,389.8109784426,5016.957587831631,88.18246450650003,8.91417,0.015051750000000001,711569.5795345657
6.033898305084746,143221.0,40,0.011235955056179775,813.8772740126309,10.278906666666666,387.37803534989996,7893.984580638772,103.14667852950002,8.4945,0.016427418000000006,885626.5962935917
7.816666666666666,188560.0,12,0.0,912.5337657931208,8.373898630136987,571.085599023072,12872.059330302476,77.459113434,5.59746,0.020283209999999992,653356.9286258497
7.425,160785.0,38,0.003367003367003367,571.300293674811,10.276981578947368,762.40962863667,16103.773298894315,76.44747400200002,8.002020000000002,0.028957004999999987,567201.289631582
5.25925925925926,191111.0,25,0.0,629.2927383886384,5.975833333333333,699.971553811375,13496.731375753852,59.495987712000016,6.334530000000002,0.033206517,343541.4710093228
5.48,136470.0,27,0.0,456.79940106575066,12.524368749999999,511.06072647023996,13975.719551261698,101.12458385250002,9.92604,0.019474107000000004,910391.7500604414
7.282608695652174,214013.0,74,0.0,665.2058611213131,8.950914893617021,387.649531545822,9980.707189179822,102.950378247,9.41427,0.025319585999999988,831376.8807357282
5.565217391304348,220545.0,45,0.0,702.0737240075614,7.770065454545454,318.936881224689,4571.543022786717,67.522654836,9.00375,0.014556839999999986,771564.1698760989
6.4,234355.0,1,0.002403846153846154,905.8412158571579,6.212266666666666,378.02514095091203,4671.370014997058,344.11624670000003,5.92533,0.016262567999999988,517898.57244090183
4.831858407079646,188429.0,42,0.0,1052.770429362881,7.947576,713.480929060032,7866.189350703842,67.12355840400001,6.922080000000002,0.025486929000000005,393323.1049966886
5.166666666666667,159487.0,36,0.0,612.077397083983,10.215275,559.2860944576921,13558.76579888688,78.95757044700001,8.55612,0.03257891999999999,513880.37310795474
8.0,192133.0,12,0.004166666666666667,903.3392845334919,9.355701492537314,629.93097174096,14368.34991886224,54.401857176000014,6.84114,0.025719524999999993,487272.9701571078
5.753623188405797,227239.0,19,0.0,709.7379965146324,5.910762857142857,699.4126222596001,12678.003826319013,121.29135045000004,5.025570000000002,0.038226803999999996,235812.83107135165
5.723076923076923,167866.0,12,0.002688172043010753,898.8604807047782,7.4073090909090915,700.083245203188,16833.958397625596,363.1960199,6.542040000000001,0.031001711999999987,579279.0080636564
4.827160493827161,226693.0,13,0.0,786.104736328125,5.836037037037038,484.65802080540004,9476.072172289883,188.93393300000005,7.66995,0.027888455999999985,445478.40764931636
5.891566265060241,194586.0,12,0.00408997955010225,923.7487336292803,7.4440846153846145,769.562813131476,17649.328201714095,65.751834573,6.341640000000001,0.024325085999999992,505310.8569251894
5.746268656716418,145764.0,23,0.0,733.2656201908279,12.420625,704.394251099935,14878.04333001,86.50105850100002,9.035820000000001,0.028027523999999998,516183.5895957878
4.756410256410256,199000.0,4,0.0,800.7448283418553,8.670579166666666,341.4070869129,5030.258368267635,35.019165577500004,9.342,0.017817173999999988,499294.63161895867
8.317073170731707,173260.0,19,0.0,718.9419332895478,8.119892000000002,283.36047904436003,3486.660103583998,67.23469044000001,10.975140000000001,0.015251987999999985,694543.7832325648
6.691056910569106,279720.0,38,0.001215066828675577,1664.8619911233548,8.939426000000001,216.312580585656,1783.2206713342325,75.20442442050002,10.667130000000002,0.010516769999999996,650000.3046505876
5.543478260869565,214556.0,51,0.00196078431372549,1089.4865315313102,7.743616438356165,334.37916347865604,3685.4185207708665,339.55405272,5.65488,0.01066043999999999,696780.8959875702
5.73,239253.0,48,0.0017452006980802793,1236.9272774914841,9.319208333333334,522.4728269147801,15473.137241614397,109.96921612950001,4.5391200000000005,0.035776926,558785.3716438845
7.272727272727272,186453.0,19,0.0,685.368613180061,9.152000000000001,217.18097803573602,2853.3162618044985,80.01710902800001,9.59115,0.016387811999999984,587270.8441361112
5.548387096774194,246520.0,19,0.0,1142.8500689381833,7.328458536585367,309.8998586872441,3168.735253808057,316.287504225,8.66232,0.01226220599999999,652275.419157378
5.741935483870968,197950.0,25,0.003745318352059925,1069.2491974591899,8.772552,259.842561752583,4385.742740273617,32.15055504600001,11.87325,0.019028232000000003,572666.4829503282
5.495495495495495,197950.0,25,0.004918032786885246,1337.465024858365,10.065000000000001,697.38598098576,12549.161531399997,50.046253097999994,20.930800000000005,0.02621480399999999,388862.43097957736
7.134328358208955,257561.0,21,0.0020920502092050207,1032.237760295716,10.989490566037732,361.40861366944,5974.670533508707,107.25482707200003,7.1755200000000015,0.013527890999999988,859550.9055993096
6.068965517241379,191702.0,33,0.0,721.6978620095542,9.206560000000001,178.002414183088,1970.131704400655,60.99133656000001,11.365380000000002,0.010729187999999988,822755.3924052527
5.053571428571429,210289.0,14,0.0,983.446320512954,14.97455909090909,540.923256010767,7885.742198052462,59.19897451500001,5.250690000000001,0.021612986999999993,407699.2739253718
5.336448598130841,184848.0,21,0.0,1082.616,10.066128947368423,371.124825394554,7208.944654191543,57.50997343200001,8.79936,0.014960885999999998,704233.6526640375
7.21505376344086,236000.0,8,0.0014903129657228018,1480.3623744712995,13.382120967741935,369.669127393775,4521.91253099508,82.09065135000002,9.14469,0.013724339999999995,706558.2662482278
6.652631578947369,189950.0,10,0.0015822784810126582,1341.2508927660447,12.939989333333333,952.8293703737162,12697.694712075445,41.25843828900001,6.8234400000000015,0.01163823599999999,371076.1760060727
6.833333333333333,187153.0,33,0.0027100271002710027,652.0426053350928,8.540136,249.5685401352,4229.6765945351535,69.9496060635,8.61924,0.012673908000000005,822674.7828667526
6.06,172866.0,10,0.0,640.8763386962687,8.392378571428571,278.799711811138,5181.39281044368,286.323738155,9.13509,0.013783223999999995,1001591.0031459472
5.964912280701754,198082.0,59,0.0029411764705882353,617.0250314414377,9.214,185.38275342709798,2992.8601919354633,62.708154106500004,11.18421,0.01415474999999999,775329.7002564048
6.456140350877193,306950.0,8,0.005434782608695652,1564.8746622892513,10.877087640449439,568.373602336848,9256.770691438587,80.21365367400001,7.677630000000001,0.017161361999999996,690047.4289055144
5.640449438202247,233019.0,26,0.00199203187250996,926.9650638617582,8.446508571428572,228.45690065156398,3840.747813926998,69.56176785600002,8.67204,0.013540535999999988,697670.5078993425
6.753246753246753,255603.0,10,0.0,1245.702442580781,9.189142857142858,212.186122407072,7373.636940123467,140.06446921500003,11.65911,0.03945612299999999,581806.1763155945
6.9245283018867925,185555.0,16,0.0,738.2366434402745,8.206569387755101,189.94983848015997,3430.814968310501,66.86993982899999,10.41057,0.013897143000000008,890859.4922123977
5.6891891891891895,176066.0,17,0.0023752969121140144,865.0782738751009,8.817964150943396,243.135431289245,3674.0260958881768,230.71880555,10.10397,0.018866150999999994,604812.5148922006
6.645833333333333,237478.0,8,0.0,675.6813204991677,7.95325,216.21024490540998,4423.594299880871,115.41513003600001,8.672490000000002,0.015545045999999984,892946.5384453153
7.208791208791209,291950.0,10,0.003048780487804878,1192.2519852162789,11.814997333333332,329.96970930000003,8197.687598206576,128.51688981600003,9.11199,0.013028531999999997,1265309.4464788616
5.921052631578948,211021.0,21,0.0022222222222222222,797.8580313683071,10.604,128.2586067972,2659.76470796288,108.38317884,12.819719999999998,0.02448623999999999,548774.7665915152
8.73469387755102,178676.0,14,0.0,927.8353272343419,8.64942142857143,163.46764024856398,3174.5393125363194,83.12110952400002,9.51234,0.011491217999999992,925115.4693109025
5.727272727272728,194373.0,18,0.009523809523809525,759.7686501323399,9.706973684210526,266.3419399785,3090.895055691353,276.62594512500004,9.680700000000002,0.013577651999999997,646698.2974658335
8.294117647058824,238730.0,7,0.0,905.0042025095497,10.152,371.9814840575999,7342.5101913804465,315.0921322500001,7.25016,0.02047180799999999,737849.1218070029
5.833333333333333,194671.0,6,0.0,459.89848071133514,10.679549999999999,142.46902455072,2571.382740681655,306.24870416000005,11.33511,0.014014718999999986,971409.0273986907
6.5,275308.0,11,0.002403846153846154,774.1935483870967,9.7214,377.744748013248,8460.002935578477,306.59023472000007,7.694400000000001,0.02292561599999999,779855.0683280221
6.456140350877193,205714.0,25,0.005434782608695652,623.9341563786008,6.993247457627119,248.62009036799998,4769.001969562115,55.56281011200001,8.874630000000002,0.017166599999999994,670512.3194781797
7.426229508196721,302857.0,8,0.0,951.1121238425927,9.468606,280.84286066438,3264.079340731498,380.51577496500005,9.847020000000002,0.012206097000000003,989680.9647078044
8.0,249140.0,13,0.0,1667.894929563139,12.396732530120484,356.937089561776,5600.784608997763,73.243825068,7.90095,0.013489704000000007,734252.143053859
4.728395061728395,228988.0,12,0.0,782.4453692693883,11.797435135135133,112.50796480338,1503.7399813147108,88.708595355,11.68563,0.0065797349999999945,1162807.7884336086
5.715517241379311,204703.0,8,0.0,1368.3339634530562,11.25691125,731.2647961095801,6711.179089045075,57.800382804000016,20.726400000000005,0.00957675599999999,558575.1682065532
5.828571428571428,194373.0,11,0.0024509803921568627,911.8441995714724,8.421276923076922,433.035050597908,5828.8552998286805,146.01040212,10.75464,0.036213642,330975.58008467086
5.648648648648648,210629.0,11,0.006379585326953748,1165.6489925090482,15.18268888888889,556.00302570316,8764.173477730978,90.56330561550004,5.864550000000001,0.01756861199999999,576354.2090530586
6.746835443037975,222537.0,42,0.0,1020.9644351562025,8.29505925925926,344.692154306214,8677.747265856848,77.01312851700001,7.407780000000002,0.015837846,915324.9581358198
6.322033898305085,184950.0,6,0.0,714.6058333333333,9.03227608695652,224.60311393671597,5427.7281956462175,106.46204734800001,10.45803,0.017005694999999987,1202608.4078850315
5.50925925925926,245950.0,13,0.0016806722689075631,1348.1100045269352,12.035227272727273,659.6224522119,7797.476770610373,71.95793718600001,6.514950000000001,0.012665657999999998,616241.1079499598
5.905405405405405,206666.0,24,0.002288329519450801,1124.060079056399,10.883048,313.609338805136,6222.935485730883,224.70961020500002,8.47983,0.0160641,736347.7454555144
6.04054054054054,208950.0,11,0.0,878.1233594217047,11.95768823529412,576.5467342282201,8058.054997635835,317.8242663750001,6.543540000000001,0.041461639999999966,738883.9956809579
6.211267605633803,213093.0,11,0.0045351473922902496,1013.9428691451375,9.05494655172414,614.384468128972,10783.60819638096,80.716279797,4.827840000000001,0.02270366999999999,538919.9369626835
6.344086021505376,274922.0,12,0.0,995.4363752985504,11.137677419354839,283.61345438272,4014.7864476032673,87.11607990750001,8.74731,0.011887199999999999,856345.3832128209
5.945945945945946,162049.0,15,0.0,984.904198464375,9.328785714285713,137.25432159933897,2320.7087725724173,78.599406879,11.10222,0.009907872,941491.2796581658
7.258064516129032,194428.0,20,0.0044444444444444444,772.815404401951,9.952941176470588,168.46474304688,2209.205272025999,68.7955076955,11.30046,0.010575767999999992,878700.9239172116
5.774193548387097,225626.0,11,0.0111731843575419,1217.4020379824217,10.368430645161292,665.760943024866,17445.860492505657,76.29949321200002,4.382220000000001,0.038006198999999984,420336.98172860936
5.4363636363636365,159852.0,6,0.0,681.9701086956522,10.12696388888889,297.241850819536,3668.5387471064637,115.639537524,9.0099,0.010489823999999993,910659.1766320964
6.5625,185950.0,6,0.0031746031746031746,1284.9095770178963,10.657367088607595,588.796638922752,10153.433362878077,78.25009795200002,7.450920000000001,0.016226939999999995,733480.6156879704
6.245614035087719,199000.0,13,0.0056179775280898875,692.6987951807229,13.165717647058825,287.61620760828004,5026.205464096142,61.97465580750001,10.8771,0.015385050000000003,846553.667156976
7.455882352941177,252631.0,10,0.005917159763313609,1286.0968925006089,10.230910344827587,325.921124893056,3647.2026477906325,84.98898024,8.84463,0.01327247999999999,665429.6684727136
5.925531914893617,243950.0,12,0.0,1008.5039444926526,11.266660273972603,571.9456214654399,7922.482697087832,78.3737415,9.19131,0.011717286000000004,707113.1068191339
6.271428571428571,215546.0,13,0.0,882.598652361223,7.53407619047619,425.9055790553999,7741.01134200625,99.88304155649999,20.228300000000004,0.027451067999999995,516051.0544542436
6.423913043478261,194536.0,6,0.0,1001.1686876180809,10.787438571428572,768.744876455154,11551.175621744194,108.73735663050002,16.754600000000003,0.020461319999999998,592339.3120659265
5.394230769230769,206950.0,9,0.0,1139.105139586538,9.7053,640.4104101251401,9837.3080797935,48.434444055000014,6.38412,0.02545751699999999,343303.97361467965
5.739726027397261,306600.0,8,0.0,987.0620621241244,9.390948936170211,260.622302770394,6120.845197443836,68.31167111399999,10.02843,0.028676700000000003,652449.3789735027
6.364705882352941,232105.0,16,0.0,1165.8658199999998,11.425540350877192,240.66390744747,4871.890899522001,60.745529520000005,10.666350000000001,0.019791006000000003,693990.712887888
7.039473684210527,261350.0,10,0.0,1055.8845155709341,12.275163461538462,514.186148903328,9401.266297965736,52.39812058800002,7.4955300000000005,0.023613051000000003,501280.0388835792
6.338983050847458,270461.0,5,0.0053475935828877,779.6700484268051,12.635533333333335,377.59934685364703,4240.937778087274,353.2436524300001,8.58876,0.013250249999999988,829725.9805506369
5.695121951219512,213375.0,17,0.0,965.2862822863519,13.848106666666668,289.28810345971203,3538.977560518625,78.62896137900002,9.93786,0.008486999999999998,912930.449738245
5.921875,235950.0,7,0.0,741.204544619972,11.159970833333333,402.73660525337203,7083.497697029517,130.85911629000003,6.8450999999999995,0.008823959999999992,1067875.3453516844
8.41304347826087,193234.0,9,0.0,1522.576037832993,11.616449999999999,580.87480201254,12109.37387472151,264.05391217500005,5.6777700000000015,0.021614850000000005,625145.2501134203
6.743243243243243,226880.0,17,0.0,856.3219405580288,10.506064406779661,828.167076160146,17049.563106406717,65.90148371700002,4.69413,0.03049800599999999,417532.24537302135
8.203125,164387.0,19,0.0019047619047619048,765.5835554884899,9.388235294117647,350.11835193215995,6241.012573662748,68.8831092,7.873290000000001,0.01634558399999999,687183.456900111
5.454545454545454,186500.0,7,0.0,315.70000000000005,5.5367999999999995,63.164307941123994,917.0324608865754,206.54439469000002,14.222700000000001,0.012524891999999985,926983.0797417033
5.610169491525424,255199.0,8,0.0030211480362537764,1444.2354436685648,9.151579310344829,333.4247511125911,3522.9477462757204,358.90521365,6.41379,0.008804495999999993,777460.1699642875
7.555555555555555,236666.0,40,0.003676470588235294,1311.0666573407009,12.780736000000001,406.807546271816,5844.198033570626,113.79017511300003,6.014490000000001,0.013329746999999994,803423.179566044
5.542857142857143,198950.0,8,0.0,412.40681951793056,8.812126666666668,853.1409833465401,13184.931703507205,59.09943797100002,6.88152,0.01761336,545613.6661326189
6.538461538461538,294241.0,15,0.0033613445378151263,1213.517656296837,11.77018181818182,309.59441746176003,4476.10815434096,84.77188965150002,10.695660000000002,0.011393927999999996,1002855.5104294418
7.704545454545454,209623.0,5,0.0029498525073746312,762.0922434258583,10.524165789473683,223.15909999968,4172.4371463155985,134.01179298,10.07334,0.011968208999999992,1209224.3811572057
5.342342342342342,186950.0,8,0.0,1158.766162023351,10.517815492957746,599.649106949088,8449.970342107004,63.77313618900001,19.9979,0.018236207999999986,482261.910127734
5.5,94666.0,5,0.0,364.06615384615384,9.541675000000001,508.95089783073,6415.1280520594555,64.86949213650003,12.01986,0.01757737799999999,791844.194026759
6.329268292682927,227950.0,5,0.0019267822736030828,1073.8482518972612,10.909737931034485,489.10981350816,6759.379185034463,67.62328170000002,7.2858,0.016859112,578711.8710309664
5.243243243243243,235791.0,5,0.0,754.7727614233999,10.455676190476186,224.36888226474997,3083.261970084097,107.609480625,10.076250000000002,0.009899243999999993,1119763.1811158787
7.27906976744186,191093.0,13,0.007987220447284345,1277.3637000861822,10.75328888888889,676.080477155072,17637.445249248776,97.615521747,14.878300000000003,0.032368680000000004,545746.6589159501
6.615384615384615,203636.0,7,0.005813953488372093,1472.3389164772884,10.368924444444445,499.51148166800397,5079.395977052415,93.20715905400002,5.353800000000001,0.008514719999999995,671019.1515405676
6.589041095890411,242109.0,13,0.002079002079002079,1020.9029162984472,12.708774509803922,165.97462121239997,3006.3435656307583,78.215744508,11.728530000000001,0.0075079199999999935,1304613.7845203208
6.404494382022472,252790.0,9,0.0,1021.9892581936996,13.82798076923077,389.6825940050401,7010.590887022319,118.24610462700002,7.42815,0.01649858399999999,778483.7022785264
5.785714285714286,167030.0,5,0.0049382716049382715,777.9354349979604,8.447447368421054,519.0511203928261,6704.524257442472,65.95520572050002,5.79336,0.013569254999999995,632140.5704255254
4.7727272727272725,230423.0,12,0.0,716.9052538370721,6.7921875,107.66836927755,2106.2023115424267,74.206031481,12.47115,0.014124839999999987,973658.9327191517
6.642857142857143,164318.0,11,0.0,995.7782886094953,12.22158510638298,283.402867597509,3750.9344793336963,231.68577240000002,10.372920000000002,0.014055773999999997,700210.4374007229
6.505747126436781,247362.0,4,0.00530035335689046,1111.2511880284853,10.833073529411767,396.08323517952005,5400.513659616617,84.812572728,7.75911,0.014003288999999997,617665.0015483627
6.02020202020202,239500.0,3,0.0050335570469798654,1052.6180966140173,8.917553246753247,442.53254507650297,7388.981468424859,82.500373242,7.2786,0.016841105999999988,794550.7733692521
5.931034482758621,108213.0,4,0.0,700.9199056686172,10.841873170731708,240.54915244359998,4108.898780387127,150.18952872,18.798700000000004,0.0053634959999999945,1388607.1493210862
6.729166666666667,170040.0,8,0.0,645.2997454991045,9.175045714285714,155.119171186026,2817.75350056989,64.902077946,9.63516,0.012723179999999985,846637.0952956282
6.617647058823529,233950.0,6,0.0,881.1811144853363,11.472631578947368,445.49546476512,6225.689319498953,85.05596757900001,9.44787,0.010010807999999998,837690.1310161472
4.797872340425532,230655.0,12,0.0,832.6475044188201,9.27319298245614,339.28679885696,6500.309483218433,65.756978304,9.21426,0.0224064,626964.3344711391
6.019607843137255,182200.0,6,0.006514657980456026,860.4477317554241,8.545945652173913,344.7245072544,7033.030499652301,153.92336904000004,6.14166,0.012595688999999998,981039.1308568955
5.568627450980392,198082.0,59,0.0,514.1143575879369,7.653052631578948,416.36495351808003,9602.786433379677,73.80744717150002,5.7735899999999996,0.031617215999999976,504803.9991737963
6.482758620689655,195826.0,7,0.0,832.6968817068552,13.537044444444446,773.372902628092,16834.9318665848,103.69816347150001,4.66644,0.025951463999999997,596896.3585051685
6.576923076923077,171950.0,5,0.005847953216374269,333.6102071005917,11.875950000000001,647.7392919426,10845.645406182399,47.72702492250001,8.22174,0.017805167999999996,498023.4214075665
8.195121951219512,122950.0,5,0.002976190476190476,662.0938952091011,8.220099999999999,695.3625145657619,10915.165117188191,44.581777222500016,7.436610000000002,0.032294808,310035.6783877028
7.304347826086956,244022.0,3,0.0,323.0638159763073,14.01568,223.629233009292,3660.496942231802,108.3418348365,11.54799,0.01146816,1196435.5878262734
5.823529411764706,161750.0,2,0.0,514.6592091571281,6.83298,161.08693777066802,4815.995934910443,113.487207015,11.303880000000001,0.023797784999999978,1016121.5265727912
6.785714285714286,152693.0,6,0.010526315789473684,708.1637324372366,14.68148387096774,561.9018060137579,12036.71754151956,81.25150876200001,5.90619,0.029286035999999994,508154.3477944494
6.464285714285714,125950.0,3,0.0,346.6459848319341,11.724275000000002,769.580610381,13848.240014910081,127.04716200000006,7.652280000000001,0.023378453999999996,1363694.0837655663
7.48,184875.0,29,0.0,793.4037642045453,9.70156,264.543127719534,3006.0610338899273,111.38902734600003,8.11449,0.007769769,1011934.5783918864
9.0,306630.0,3,0.0,47.38775510204082,10.7748,251.25641595848003,4615.79373503388,400.1022960000001,10.76058,0.012129131999999996,1361092.8247525087
7.117647058823529,198082.0,59,0.0,702.4595369429525,10.8691275,561.9018060137579,12036.71754151956,81.25150876200001,5.90619,0.029286035999999994,508154.3477944494
8.210526315789474,190950.0,3,0.0,325.37179487179486,6.742666666666667,483.1973909289901,10793.5549460636,61.12233504600002,6.6785700000000014,0.023282814000000006,626778.720549354
6.5,235226.0,57,0.0,1171.203753240874,9.624085714285714,777.3738239537439,14521.512402540657,83.09663228400001,2.4340800000000016,0.02593697999999999,494873.1364516344
7.0,198082.0,59,0.0,1385.664695316797,8.866797413793103,768.744876455154,11551.175621744194,108.73735663050002,16.754600000000003,0.020461319999999998,592339.3120659265
5.544117647058823,187263.0,43,0.0,806.7782933454051,7.596550000000001,553.5660202492161,11804.482230980917,60.750104004000015,9.41763,0.027077471999999988,591225.6965126117
7.630434782608695,162000.0,14,0.0,801.9497730585912,7.9326,490.28623328601,7327.979279464855,133.08103305,7.28181,0.011409750000000003,1007574.5600887783
8.695652173913043,206413.0,24,0.0,1036.3455202465723,9.250980392156862,572.434817980725,15123.986348060305,93.112359291,21.435000000000002,0.037963925999999995,530070.2322781257
6.5,165546.0,20,0.0022624434389140274,1042.887756102343,7.81365,647.2169654502,15429.166390373437,72.367965216,5.74302,0.03896741699999999,394726.51515373756
6.903846153846154,126133.0,8,0.0,730.132402299294,9.741954545454544,487.74663721728007,14311.735011097342,103.88328577200002,7.32696,0.035555688,646531.570713697
6.494117647058824,198611.0,29,0.005434782608695652,1257.6798803783142,9.365887500000001,538.838720660264,9195.216863708434,50.93885320800002,17.483000000000004,0.02401814999999999,425797.9235558676
8.375,229893.0,60,0.003316749585406302,1648.0605561315863,9.2870375,420.19956165532795,9190.41945636998,79.174843272,8.7798,0.03660569999999999,512412.7379480684
6.723684210526316,196613.0,70,0.0019569471624266144,1031.731648199446,11.385658490566039,482.05400517136803,6640.661282899906,167.15048121,9.6693,0.024276194999999997,456296.9130122072
7.661971830985915,134306.0,61,0.001838235294117647,1488.9966130359473,11.88045,739.8262746683549,8118.70574278686,48.11100084000002,11.11659,0.017077934999999995,526795.1351649864
5.98989898989899,205840.0,63,0.0,1280.3221701649836,11.604708474576272,395.663048651376,4976.346538874883,83.45291585400001,10.25658,0.021036624,629183.4857857222
7.851351351351352,200000.0,68,0.0,1180.4022770973065,10.863680701754388,321.312577497792,5509.628033791224,92.75702531700001,8.28096,0.02013121799999999,711541.28121158
6.341176470588235,167339.0,66,0.0,933.2685185185185,11.309375000000001,376.85801419875,5215.5357723491215,67.25842452000002,9.329880000000001,0.01841476199999999,611775.3180520983
7.069444444444445,185426.0,62,0.0,1114.0570220636807,12.585533999999999,387.21165814195797,6219.467668024562,236.25084982,11.494710000000001,0.022770480000000003,730617.0559210782
5.410526315789474,179386.0,65,0.0,1365.768538820487,10.423565517241379,580.5249061547519,9317.77337256131,70.30499299200001,7.285380000000001,0.026632055999999994,475401.817646807
4.866666666666666,144133.0,58,0.0,791.4182223212297,9.99209756097561,570.802121516784,9850.82403637649,68.3448682665,7.54743,0.035159039999999996,398050.0150873047
7.534246575342466,196000.0,55,0.0018181818181818182,1391.600175627186,13.64423076923077,295.3520910099,4737.305748103942,191.43490617000003,11.23152,0.014783964,802260.2142857376
6.797619047619048,215421.0,67,0.0,986.3084097548782,10.03280588235294,323.537316524964,4243.395256439679,78.56702238600002,10.87842,0.016405055999999987,769985.1289755711
6.376811594202898,182986.0,57,0.0022727272727272726,1016.4420624082042,10.727,340.61202874198506,3085.0382211629217,64.96239291300002,10.809,0.01383498899999999,709727.8156768106
6.09375,145040.0,58,0.0,729.6882313671625,10.57081395348837,329.53465011536997,7060.193374636947,85.159345266,11.09796,0.029055180000000003,743952.9731207815
5.113636363636363,165586.0,62,0.0022222222222222222,902.6198494196273,8.551451612903225,410.776832504934,5488.3902472645705,70.35766353000001,9.129000000000001,0.017487756000000004,649831.9108698677
6.948717948717949,163600.0,69,0.0036900369003690036,1384.4695258296663,11.856472131147541,523.268525022528,6329.519620727995,401.10363640000014,7.9287,0.012709799999999993,785338.1022965001
7.626865671641791,212800.0,55,0.0,1234.302787363394,9.609443103448275,346.139452530313,8515.480351471631,69.037504872,10.384200000000002,0.036437585999999994,620782.7450963092
9.39655172413793,187881.0,66,0.0,917.2332825936014,11.455283018867924,312.73394688499997,4608.051397376106,95.23315256250001,8.52987,0.014329223999999982,846441.4601396084
10.363636363636363,189293.0,60,0.0,1270.8430805503876,12.886301886792452,640.969729026048,7669.1845827138395,114.96193760000004,9.74046,0.024575363999999995,1129808.8942112117
5.4324324324324325,179863.0,62,0.0,710.2099202898029,9.229919999999998,404.06907331559995,6523.787915378158,280.8594807,8.39754,0.020225855999999993,680888.072956911
5.435185185185185,190235.0,64,0.0,1462.2277545057466,10.278052702702702,706.7011474950001,10634.817476457723,135.93533280000003,8.394210000000001,0.027109332,316887.8829866437
8.41891891891892,218186.0,51,0.0016051364365971107,1645.5299,7.172680808080808,405.8758379569159,8912.944957284544,129.2126686,9.22611,0.035269848,375254.655176838
5.484210526315789,220000.0,62,0.0,1116.6550367154853,13.301228301886793,333.115686191925,4881.237228983236,132.222024675,9.5691,0.008645067000000003,1242092.1173637589
5.921052631578948,171546.0,63,0.0,894.7955859700512,11.993571428571427,537.157539411896,6200.657296533728,87.39537268800002,20.912200000000006,0.017171999999999996,582102.6110729531
8.254901960784315,118946.0,50,0.0023752969121140144,1110.1742362075495,12.5879,489.395840459448,3801.742985276839,115.08214756950001,7.981920000000001,0.005970749999999999,973825.2687259951
5.467391304347826,165666.0,53,0.0019880715705765406,1145.958759118752,11.345668,378.49155184349394,4411.797917793202,197.09685054000002,9.69081,0.018478151999999987,542982.6099368475
5.796296296296297,121906.0,43,0.0,798.9914994215582,13.206513333333334,304.53299650992403,4047.210286510977,86.163686742,11.526420000000002,0.015033383999999997,840161.7932792732
5.627659574468085,173495.0,59,0.0,1330.9051062897217,12.782646551724142,583.48832998395,7096.758131819678,51.47081646000001,10.731390000000001,0.014109039000000002,637626.2149616001
6.269662921348314,184000.0,51,0.007168458781362007,1367.3438619645437,11.83332,598.578831833824,4869.203035390848,70.18644794700002,9.6051,0.014407199999999995,549508.0622132196
7.625,176400.0,42,0.0,1150.8800297600596,11.004264444444441,221.61560734827,3157.1525346343205,96.7677540705,11.827590000000002,0.014585406,955553.5792697727
10.660377358490566,182727.0,45,0.0017699115044247787,861.3273133465606,12.2644649122807,861.232038240388,12219.622081206076,126.53615185000007,8.41761,0.029231036999999988,1018222.9512613289
10.560975609756095,140800.0,52,0.0,950.2300008958165,13.18535348837209,553.501699239264,9613.541536014323,186.50054256000004,9.65859,0.02381835,533697.5186971358
5.368421052631579,183203.0,66,0.0,732.1276526408082,10.583890909090908,312.095302331904,4999.414867645003,62.614417152000016,11.12775,0.028660169999999995,508880.5675580274
7.870967741935484,228360.0,52,0.004098360655737705,1020.154378540413,9.509493333333333,245.408894183712,3425.181650597819,82.670785407,11.96955,0.017911980000000004,787333.965088665
5.518072289156627,189609.0,55,0.0,880.8388014059952,8.935821052631578,179.081440758,3986.8787961545395,45.240476400000006,12.359910000000001,0.023784977999999988,718131.4122782605
6.50561797752809,165216.0,60,0.0,1337.8914622526322,11.672113636363637,525.68173044621,4540.89328212116,88.8341688975,9.29433,0.011899035000000002,641040.9417521502
7.728813559322034,161773.0,59,0.0,1039.1538461538462,11.77256170212766,432.47278060447996,5925.648354662477,161.0502432,11.20812,0.023059889999999993,539581.4887990002
5.787234042553192,172615.0,65,0.0,954.0539818567204,13.657800000000002,644.007217667112,8285.104243981727,46.82968133400001,7.532100000000001,0.02128551599999999,401731.69352424477
7.920634920634921,156017.0,61,0.004008016032064128,1400.8301207873217,11.422722807017543,459.38699603921606,4568.077618464801,51.33621818550001,12.671340000000002,0.019505664000000006,572173.9922184896
8.25,180226.0,45,0.0,1052.3438359105405,10.64771052631579,410.28042400171205,9866.254823912139,50.94867170250001,11.675910000000002,0.035888145,593475.770649447
6.397260273972603,202849.0,51,0.0,1099.0526719635652,11.634838,564.9145462374821,8120.193219750062,34.79359665600001,8.60373,0.025053641999999997,310658.5216123029
6.863636363636363,176000.0,61,0.0,998.8930724831868,10.213817647058823,280.018306645506,6816.474476430082,51.430428562500005,12.204569999999999,0.03387492,661465.9454112359
7.202702702702703,158666.0,47,0.001876172607879925,1154.267477615224,14.000474999999998,367.34088767016,7016.257786711249,82.25624274,11.037090000000001,0.017572784999999994,845133.5607779163
6.45679012345679,195226.0,47,0.0,1153.10808199446,11.307863461538464,261.30802870656,4265.693054463187,51.01323158250001,10.587000000000002,0.020967428999999985,574833.379966231
5.555555555555555,228378.0,64,0.0,890.1658163265304,10.926627906976746,340.60411045498205,4988.400205247201,299.13623190000004,9.45822,0.022689071999999998,648151.8369888304
7.0,138579.0,59,0.0,1132.3634504847148,12.345971428571428,696.7467306295799,8527.199131317891,43.85767745250001,10.435170000000001,0.018743400000000007,440594.4659662566
7.590909090909091,162992.0,51,0.005988023952095809,1339.9926715874515,14.927573333333333,704.9011180512321,9480.007557720897,52.235917023,10.195229999999999,0.01956830399999999,561537.3345159369
9.447761194029852,149000.0,53,0.001579778830963665,1430.3587399649407,13.336583606557376,811.0638540647999,15468.391432171677,28.971880857000006,6.831869999999999,0.031040831999999994,238990.27843211195
6.671232876712328,208636.0,49,0.0,1201.5169545243257,9.967546551724137,357.55636231984505,7311.298203185449,226.24878740000005,11.03244,0.027601784999999993,698706.6899508474
9.745098039215684,227693.0,69,0.0,1020.9525925429377,12.875342857142858,462.20248143938005,4115.676364426706,197.68035920000005,9.04443,0.011103749999999999,601088.745111508
7.4655172413793105,133161.0,46,0.0,983.4925877275285,12.237317021276594,331.713538275252,3008.3102745438596,301.52913392000005,11.26125,0.033465979999999985,807632.1805973325
5.232323232323233,220043.0,62,0.0,1014.9372294372295,10.727678431372551,286.806177693868,5080.447623694848,105.05335612350001,8.43042,0.017893967999999996,824645.1321308423
7.792207792207792,159036.0,45,0.0016666666666666668,1411.4963579604578,11.261739130434782,309.18393875697296,4024.210127845501,275.60492496000006,12.647490000000001,0.016596732000000003,871225.4297841444
10.588235294117649,142690.0,45,0.001851851851851852,1554.5189504373177,13.124892857142855,756.9812529007559,9921.289573183016,174.70947064500007,8.629560000000001,0.017951619000000002,486131.8170526552
8.561797752808989,195000.0,57,0.005249343832020997,1886.3266411479663,12.349548648648648,547.248111110125,5112.858831106938,83.12095245000002,19.667500000000004,0.013014836999999993,545950.4850917467
6.987951807228916,150000.0,43,0.01206896551724138,1392.7456190749785,13.527809523809523,893.6118350085421,12265.38376487382,197.28673434,8.96208,0.014254499999999996,597127.0015143284
9.238805970149254,201573.0,40,0.009693053311793215,1556.5796814165215,9.894543055555555,385.097979867754,7981.11942919135,60.02931370800001,9.47136,0.02833973999999998,570962.0540771569
7.652777777777778,212173.0,43,0.0018148820326678765,1408.7736565214318,10.548588888888887,392.366547387185,6679.439543961649,79.63922765400001,9.941670000000002,0.020455191000000005,759874.4965144511
7.220338983050848,137777.0,44,0.0,1048.3241025641025,11.995072340425532,492.0248322552419,4701.445519810951,240.68143187000004,9.59391,0.01055511,750851.7456499106
6.333333333333333,273600.0,60,0.0,819.0857524190857,10.152333333333335,520.8515654477521,4920.380519417,70.54799904000002,7.074060000000001,0.014461172999999994,548248.4636736031
8.821428571428571,206281.0,0,0.004048582995951417,368.40902983069066,11.59665,70.830793605096,1202.6962745332,19.445204520000004,14.794500000000001,0.011040197999999998,761412.0470554355
4.887755102040816,209179.0,51,0.0,1025.3154887133867,8.79505806451613,679.784534459392,9076.192136642609,48.28949940000002,4.581270000000001,0.027670079999999986,267544.6699755249
5.826086956521739,209253.0,25,0.0,1115.2006852996508,9.18424347826087,448.515317333328,4986.243577370803,106.28886483900001,5.58474,0.011844135,700419.6803172805
5.455555555555556,163560.0,31,0.0,931.239229964137,10.443062068965517,451.028185753968,7186.387545381788,114.65277992100003,7.14402,0.015040655999999986,854497.9114174177
5.486111111111111,93200.0,17,0.015189873417721518,885.4002441133092,13.8812875,793.768039286339,11885.784942899703,201.29476172000005,7.824750000000001,0.019998615,1481842.3052449021
6.556818181818182,176111.0,30,0.0017331022530329288,1134.7490777481553,10.355930985915494,659.1966063448359,16686.90612070592,318.85607096000007,6.067380000000001,0.028022987999999995,658275.31895566
4.505154639175258,166254.0,49,0.0,725.0295135444907,8.459591666666666,502.07056387392004,9226.095186298317,289.6720585600001,6.7895400000000015,0.024417281999999988,598222.3530478558
5.986301369863014,188374.0,61,0.0,755.7492338200828,8.98035,420.95182625298,9900.883419764252,61.52391234,7.53678,0.028721174999999988,507874.5853988635
5.709090909090909,224826.0,23,0.014331210191082803,1272.919592645117,11.60989677419355,525.04868713418,11301.81853427877,76.72664040750001,19.4561,0.024288053999999996,638838.2714485554
6.880597014925373,160746.0,14,0.0021691973969631237,960.5492375552699,11.250914545454545,371.895776820512,3945.7226608338865,98.5605854355,9.98601,0.009222839999999993,916253.986130493
7.487804878048781,294452.0,22,0.016286644951140065,1841.0898784127555,10.184232110091743,705.565774666935,12592.291103601843,180.9158141700001,4.6926000000000005,0.030609636000000003,319310.17675424623
6.247191011235955,204640.0,14,0.017985611510791366,1123.1153685964182,11.59346875,472.430119299625,4304.824302900827,95.8062534,7.393050000000001,0.008043651000000002,788175.4093784057
5.638297872340425,216029.0,62,0.01509433962264151,527.511217781488,11.992078124999999,331.3424588103,5797.308364175077,88.91108542050002,10.88856,0.010898061,988608.1213386988
6.586666666666667,193619.0,20,0.0,1090.6392972224096,8.432920689655173,350.103896083744,8627.248440477353,158.21737877000004,6.34143,0.03088512,444444.5108262002
5.594936708860759,178021.0,27,0.0022624434389140274,928.8574336952652,9.024166666666666,557.5979353612499,11300.781392777722,60.032202300000016,18.079500000000003,0.03256773299999999,396212.75479823264
6.775862068965517,187375.0,58,0.0,690.5662181544976,7.415459016393442,326.20366939465,9453.340308490573,75.748200825,9.67152,0.030362045999999997,753161.1464938202
6.6835443037974684,209179.0,51,0.0,1014.3613000755855,9.194510769230767,427.12982076534,5111.912254505759,86.46522752100003,5.971140000000001,0.015502499999999994,563083.2966542997
7.035087719298246,134464.0,23,0.007481296758104738,734.6143250688705,10.432379545454545,641.0267999942041,15863.402308816294,276.31246539000006,3.5640000000000005,0.03937181999999999,1323339.1657963523
6.1,216029.0,62,0.019672131147540985,572.4816513212245,11.946932432432433,486.09305607915604,8093.001591903026,199.90139895500005,9.840570000000001,0.013231134,712798.4172086082
5.938144329896907,189666.0,22,0.005208333333333333,1113.2568743325025,11.161775342465754,332.34908772846,6612.878098345495,105.57183443250001,11.27247,0.01543886999999999,935486.0833764632
6.553846153846154,182500.0,50,0.002347417840375587,813.2066116783642,7.9781812500000004,274.26664003788403,6942.303951968877,53.22918323400001,10.010340000000001,0.023343443999999984,682849.5837426791
6.381818181818182,134464.0,23,0.008547008547008548,704.7421875,10.455221739130435,556.8030658944001,14128.499059901951,166.91881920000006,10.7568,0.03390206399999999,478045.7808428215
6.097560975609756,196736.0,35,0.002,847.5532314210644,8.51549295774648,481.78863842950403,5607.137789292854,83.76500186700002,21.758500000000005,0.01659042,509813.25128887984
5.802469135802469,204892.0,18,0.0,797.6503320854968,8.147785714285714,596.7548867009101,13589.614221452888,247.19805992000008,6.31395,0.038409107999999983,1286180.8173030028
6.209302325581396,201639.0,10,0.0149812734082397,1031.3408965270553,9.368463636363638,507.32418700855,13502.737382560917,54.44495070000002,6.5300400000000005,0.035497604999999995,437461.68908416346
7.486486486486487,175153.0,25,0.0,1037.1747010083807,11.440554098360659,295.0444498716001,4572.338381283915,155.70425475000002,7.61007,0.010410608999999993,969977.8004794666
6.375,213562.0,0,0.0,610.268760142099,13.4028,473.682939127776,7712.046416529511,118.30954467500004,12.62988,0.012448896,556923.1967697503
5.612903225806452,216029.0,62,0.008620689655172414,664.5461941331776,11.333423076923077,922.13031253299,12967.648165327048,195.38091824000006,8.865210000000001,0.005823948,476724.83082705963
5.333333333333333,216029.0,62,0.009868421052631578,626.5725187491777,8.2912,510.69505424726395,7906.358055494401,192.74003834,11.862870000000001,0.012546336,665848.8314479766
6.3,172730.0,40,0.011337868480725623,876.0173428137077,12.41366,472.2500831733999,9715.717211638772,68.40746482500002,9.2346,0.024743853,632717.4156958907
6.230769230769231,195526.0,10,0.00411522633744856,1011.8414485833971,9.732747540983608,650.17955721408,11268.397241847984,97.92908659500003,4.046700000000001,0.021222239999999986,581295.6445712779
9.660714285714286,224000.0,9,0.009242144177449169,1322.0338774673862,9.646802857142857,647.764384133118,12903.816263753846,154.75881666000004,6.39792,0.029265396,1191654.6862040854
7.514285714285714,192000.0,12,0.0019011406844106464,970.9168217561154,11.500355172413794,618.5322561913559,16272.5418313575,87.71506204500002,7.50624,0.03573050699999999,546094.8310452867
9.64935064935065,168028.0,25,0.014804845222072678,1505.329779943862,15.078772222222224,741.3278098711679,9650.314823199622,105.01672890600001,6.774300000000001,0.01305477599999999,621523.3147150257
5.617647058823529,200933.0,10,0.006980802792321117,1149.2145747245177,9.765436764705882,664.75774108044,15946.362162470778,57.659582977500015,15.476600000000005,0.03298244999999998,423636.30253925076
7.8,175950.0,28,0.002849002849002849,700.8714126275511,8.55196875,383.758089249975,3998.164309796018,49.838402286000004,9.12102,0.016178660999999987,458474.20245547604
5.45945945945946,163764.0,25,0.0049504950495049506,807.6970914440922,9.775246153846153,446.030598568248,7413.351961565938,73.29614260950001,9.360750000000001,0.02099222999999999,637301.7952618155
8.466666666666667,174049.0,32,0.0,550.2869457228433,9.839325,560.03225359653,12919.991906341607,65.89961586,6.293699999999999,0.03871602299999998,398756.3514404725
6.04,180137.0,75,0.0033112582781456954,641.3639714625446,11.653118918918917,226.221357472167,2612.2931196652144,63.95798366100001,11.466720000000002,0.0061055549999999995,983362.6661233854
6.3478260869565215,146374.0,21,0.0,522.812083755128,9.336315789473685,558.325314477,6664.603931043134,97.038294675,7.61298,0.014444441999999988,778154.1692020219
4.911111111111111,149491.0,26,0.0022624434389140274,836.9730795610423,10.855192592592593,524.292320093652,8145.368077138528,59.01459894000001,8.42217,0.018639041999999988,527260.2437049038
6.769230769230769,222089.0,49,0.015151515151515152,527.2493555593746,13.10232,808.021028219118,10748.753121281183,137.68921666000003,7.050420000000001,0.014709825000000003,1082711.4031407959
8.571428571428571,210586.0,44,0.0,498.42105263157896,14.07342857142857,741.246500316036,11968.83825869315,55.0510915845,8.852670000000002,0.007704300000000003,554419.2557956555
6.625,180137.0,75,0.009433962264150943,713.8558482468957,10.768085714285712,490.131362320912,7414.694376243261,171.57124048000003,9.0744,0.013912835999999994,557812.2146406751
5.68,228906.0,60,0.0,302.82130177514796,9.03759,221.25268809596702,7119.387176672961,31.119919494,12.408180000000002,0.036093015000000006,475635.45527006465
6.709677419354839,176000.0,78,0.004807692307692308,392.0291081903913,14.656076190476188,467.23058507117804,7356.787409207888,48.51550565400001,10.72788,0.013793300999999999,588688.5401981842
6.043478260869565,155413.0,63,0.0,599.8824222530825,11.08694054054054,580.3037231369001,12272.835491631537,69.678556125,8.02608,0.01799944799999999,545330.4006497711
6.773584905660377,202573.0,59,0.013927576601671309,783.0551515151515,15.466168750000001,424.39108085899403,9708.793895100633,89.54852231400001,8.65404,0.018473994,752200.3610320981
5.583333333333333,228999.0,0,0.014925373134328358,539.1685032139577,10.630666666666666,410.05756476719995,5855.22130700058,48.8769435195,9.968940000000002,0.028122732000000004,374920.7392332772
6.90625,194516.0,74,0.013574660633484163,531.6027210884354,12.583739999999999,767.2013891099999,14366.165194227391,68.35464513000002,5.446320000000001,0.020685092999999995,426875.04039440234
7.2,209179.0,60,0.0,1280.1296752437258,10.569600000000001,521.060287412096,8046.143991056113,315.5722981200001,7.61088,0.022691999999999997,617118.2660991546
6.865979381443299,218769.0,59,0.0015015015015015015,1424.4971666852305,13.718508196721308,397.61052434351495,5501.340681864127,83.39987105100002,10.267230000000001,0.014797629000000001,873491.7607899284
8.957142857142857,176794.0,48,0.001594896331738437,1171.2224043367346,14.459257627118644,488.08002903219,3560.5931505561443,117.42305343299999,6.692250000000001,0.006337817999999995,781630.0000820389
6.709302325581396,207550.0,56,0.0,1028.5332273045956,12.447813333333334,431.08255616764797,10525.024137388318,79.0610993115,9.69489,0.024719999999999992,761489.6154056464
11.341463414634148,268757.0,44,0.010752688172043012,1935.523822595682,9.552867768595041,673.4121095812409,7299.189671081904,91.23145750200003,5.894970000000001,0.019159110000000003,452878.7293275196
7.119047619047619,180546.0,44,0.0016722408026755853,1224.181505373175,13.206677966101696,513.55957242304,6855.84932925312,271.53588104500005,8.46018,0.01651104,627504.8985831321
7.291666666666667,230769.0,44,0.0014285714285714286,1325.3666320054504,10.520533333333335,461.961989293728,8972.017984567858,125.54242955100003,3.7447200000000014,0.017834255999999993,792098.7062792655
7.916666666666667,163362.0,50,0.0017543859649122807,1113.4855244893913,12.245999999999999,673.7315338915199,6040.171146364216,67.365805248,15.682100000000005,0.012478619999999994,476878.8658010724
6.67741935483871,225109.0,39,0.001610305958132045,1259.6638750565867,10.994566153846154,394.04328083736004,5392.694150882392,137.16360024000002,5.684370000000001,0.01573602,664962.6779757948
10.448275862068966,141676.0,39,0.013201320132013201,1247.7460262115317,12.215730434782609,803.1742625261601,6585.031238512186,65.46954337500001,7.90758,0.012262364999999992,470537.8467467205
8.191780821917808,194979.0,57,0.0016722408026755853,1174.9309626478644,9.468602702702702,272.245984441606,3540.6222323644542,116.14056072150001,9.45372,0.01139540999999999,938223.3150159603
8.035714285714286,232946.0,52,0.008888888888888889,1328.8330113942,10.693125,510.02129922393004,16213.064907485288,100.571925363,6.2605200000000005,0.03816884399999999,641080.3002728482
6.951612903225806,181935.0,36,0.0,896.909905186673,9.632021153846154,421.30865159416,12746.22092292908,118.64077368000004,21.3031,0.028700097,789386.7675024834
8.169014084507042,172556.0,38,0.013793103448275862,1379.0958486226236,11.417076923076925,421.372551860655,11062.675960450604,140.107302642,8.75424,0.020977026,1074797.8844858806
8.196078431372548,180300.0,45,0.0,902.859839397995,7.583434375,288.329188109221,4609.92799148448,124.03634049,8.72946,0.011912372999999995,1083831.5407025935
6.326530612244898,204293.0,39,0.00967741935483871,1307.4772902031825,11.415750000000001,394.75512481264207,6296.534810143874,78.741149322,9.61437,0.017407518,654279.7039882793
8.422413793103448,303296.0,37,0.0020470829068577278,1802.4771067187755,12.171500892857145,666.515091494823,12774.557587629839,65.457624342,6.8879100000000015,0.018067256999999993,579426.8940746845
5.881818181818182,206933.0,48,0.0030911901081916537,1264.2915976331362,10.47874109589041,550.366603530765,9765.245308446742,91.22724240000004,7.0617600000000005,0.025138947000000005,598721.904191105
6.349056603773585,213072.0,37,0.005943536404160475,1388.917605432986,12.424615384615384,578.31197376,9169.93131678288,237.08605320000004,8.24526,0.031687464,410126.8997962958
6.855421686746988,197986.0,41,0.0,1136.83122673109,12.481120370370371,605.1584232528,7314.787799770538,85.11153665850001,5.507400000000001,0.020218184999999982,459986.75093888195
6.621951219512195,176000.0,58,0.001841620626151013,1080.3296546813813,11.299001694915253,297.128174642244,6913.229522161554,93.466657152,11.227170000000001,0.02441343599999999,871736.8969009819
6.487804878048781,231655.0,58,0.0012531328320802004,1703.4042857142856,10.115823529411765,187.8319310364,3687.8375709361912,32.142667536000005,11.26527,0.021614534999999987,536528.4439387853
5.395161290322581,231655.0,58,0.0,1356.7619556188442,7.892713333333334,479.73593969723396,7488.367804481847,57.54132615000001,5.3527200000000015,0.027846125999999978,347531.2740585552
6.67741935483871,191065.0,46,0.0,1299.6122906028847,13.918303636363637,380.576938468272,4922.667479526992,240.220741495,9.954299999999998,0.016513979999999998,663791.544191886
7.87912087912088,193432.0,51,0.0041841004184100415,1542.3947755416918,13.602514285714285,723.66418610144,9968.219735837996,184.18476325500004,6.504240000000001,0.018567383999999985,427322.33005833713
5.4,202626.0,40,0.003703703703703704,1048.0697278911564,10.212406779661016,306.57113804799997,7443.047961061559,77.91266595000002,7.522920000000001,0.020602295999999992,776449.3089652079
8.511363636363637,190568.0,45,0.006675567423230975,1493.3402045545022,14.603083870967742,347.06147413652,3121.0440285674044,105.38024526900001,8.221770000000001,0.008274528000000003,860670.2392957326
7.173913043478261,231040.0,37,0.016666666666666666,1241.020165497828,12.5565,301.57688593619207,2368.4349045975964,106.37889850500001,9.723480000000002,0.007700279999999997,870217.4845687766
10.126984126984128,171723.0,36,0.014106583072100314,1065.7621823146399,13.469652307692309,745.2438321410281,13040.05616180204,377.29563003000004,8.262030000000001,0.021058568999999996,742019.7147409582
9.919354838709678,155664.0,36,0.01788617886178862,1324.6093901402783,10.898979452054796,679.2299255637331,8833.736846244778,79.75304327100001,6.63852,0.019317005999999987,495960.9791397483
10.51851851851852,169280.0,38,0.01232394366197183,1129.9316239316238,14.598713725490194,623.963710175508,7437.9211281059215,85.83252191999999,17.771,0.011707956,674613.5318523532
6.875,204920.0,37,0.012121212121212121,1031.570196836131,9.955991803278689,502.86962420545103,16550.396820087808,119.58059226000003,8.2914,0.039344774999999985,713147.8093637766
6.918918918918919,185598.0,36,0.01171875,967.3108290575209,11.026692063492064,560.496096828928,9496.606966451529,141.76499564500003,10.71207,0.02561272799999999,1436487.081937413
7.316831683168317,188640.0,48,0.0040595399188092015,1437.3120421136173,14.204865217391305,343.075595570097,3543.8553984587024,67.777240971,11.4393,0.009970529999999993,893098.7018564105
7.197183098591549,226546.0,46,0.003913894324853229,1056.01416909621,8.6338,391.96936579407605,6743.709420090886,119.28192061350002,6.970620000000001,0.01482722999999999,845830.5949339947
5.706521739130435,209179.0,60,0.0,897.2108545748812,10.488625,415.41758923089503,5484.174014362848,125.26247355000001,8.118300000000001,0.01572647999999999,768291.6542815961
9.264705882352942,228586.0,34,0.0015873015873015873,1486.1270885494969,8.31058064516129,564.74594720544,8359.524868034163,111.37368528,7.238040000000001,0.018526464000000006,737560.5784234857
6.505882352941176,205720.0,50,0.0018083182640144665,1029.218101514626,10.839805454545457,399.257926123942,9527.140302596279,328.7327296000001,5.802210000000001,0.02797867799999999,620856.5853316571
5.6875,211914.0,39,0.0,1050.6915453244676,8.259368852459016,439.737558588456,9016.641624094693,54.11958500700001,8.528220000000001,0.030981339,488114.7191118803
5.96875,219026.0,34,0.0017452006980802793,1006.7797425879569,10.996903278688526,430.290980143983,7742.60444255525,140.385733236,8.42448,0.022640309999999997,801677.7681508419
8.898305084745763,146230.0,36,0.009523809523809525,1181.1979276062448,13.292553191489361,673.438854165,9349.059695370146,300.142572125,4.692990000000001,0.01802320799999999,604321.3052893427
6.653846153846154,184160.0,40,0.0,1006.8337717213828,14.262561702127657,509.82168106931607,6306.812705693905,144.01648030000004,9.68502,0.018266723999999995,448487.31786885305
7.63013698630137,195163.0,38,0.0017953321364452424,1146.1683392365212,10.004780952380953,266.539440224208,3386.18365124004,57.078569691000006,11.352150000000002,0.015887315999999995,719285.9591148171
6.285714285714286,166153.0,43,0.0,910.2147543252595,9.235812903225806,466.139825104604,6353.052627638765,97.154629173,6.295920000000001,0.014102690999999994,753001.6216852684
6.646153846153847,198253.0,44,0.0,741.4347727034833,10.340765217391304,225.99134914355997,2895.285434284702,85.2774791715,10.556790000000001,0.011044268999999983,990240.4860233413
5.735294117647059,232306.0,46,0.003418803418803419,861.5650969529084,8.198775,407.62212286004,3420.333535374645,58.694065320000014,5.01087,0.008260163999999987,584772.4035621913
9.285714285714286,162733.0,41,0.0038461538461538464,951.6190810344576,13.108244897959185,459.30416672448,6241.3254599152015,255.31051633500005,9.37758,0.018755567999999997,639500.2701988807
5.857142857142857,228733.0,40,0.003658536585365854,1574.2625762195123,11.937270588235293,489.91573927122,9832.7931141408,108.02698724250001,6.2304900000000005,0.020553299999999997,716811.289622393
7.976744186046512,162519.0,31,0.01020408163265306,1416.1445944857583,11.72374,683.6161063679599,10840.896596869417,124.794838395,5.38506,0.014879375999999998,757594.9063414979
7.5,230446.0,35,0.0016666666666666668,1119.8126372578,9.124285714285714,282.41177086507,7296.3373872683005,83.61209821800001,7.092240000000001,0.026057429999999996,629713.8074422393
5.220779220779221,191893.0,31,0.0,867.5850415512466,9.852215999999999,509.8594751467139,13650.96513840048,130.32861583500002,8.441790000000001,0.030657719999999992,840406.8600685813
7.034090909090909,178146.0,34,0.0016155088852988692,1053.4965248967565,12.638948333333333,444.310056571108,4800.563775336659,63.16423555950001,8.279250000000001,0.013219146000000003,598044.97112925
11.019607843137257,166396.0,34,0.0035587188612099642,1147.1890845768207,9.981984615384615,553.455085648608,10809.18460763249,72.38795678400002,9.44703,0.02017188,677545.3712479455
7.901234567901234,215369.0,56,0.0,1173.656330578512,9.435076923076922,373.87857890042096,7783.479090686871,325.30834167,8.19711,0.025580204999999995,658780.500596634
5.987341772151899,168674.0,31,0.008456659619450317,1093.4883560713383,8.12081875,869.0870948724,15076.50290274005,68.85363153600002,5.85969,0.023271561000000007,430748.49450730806
8.494623655913978,180000.0,41,0.01139240506329114,1489.005181101366,15.659802816901408,374.384628504216,5075.885095122299,130.28797702350002,9.41337,0.009206729999999991,1007373.3042721576
8.3,275613.0,34,0.0024096385542168677,2020.5558802045289,10.030794117647057,872.6421098725469,14929.294127465233,47.69095291200003,6.4863300000000015,0.034190678999999995,295680.9338576767
7.121951219512195,152733.0,35,0.010273972602739725,1108.383509943388,14.63256923076923,505.505346996105,7121.065577356516,387.18256140000005,6.360660000000001,0.013639125000000005,744854.2558133492
7.511363636363637,217866.0,48,0.0030257186081694403,1083.3621616488438,8.334541573033707,441.27655297740006,5311.961125480947,66.4454398995,4.317150000000001,0.013753211999999983,515344.30326673505
7.688888888888889,122426.0,38,0.005780346820809248,673.3804336734693,13.372899999999998,279.314274,7504.250585871375,56.392956000000005,10.194989999999999,0.030189494999999993,606559.8717243507
7.791666666666667,190520.0,39,0.0017825311942959,1172.8721893645863,13.854410204081631,319.54887184849196,3173.7693560507973,104.03706646800002,9.584340000000001,0.009658478999999989,896282.6799901197
8.220930232558139,159960.0,30,0.0014144271570014145,1454.538890637826,11.951748780487804,917.9611862517202,13286.289762326614,208.80884996500006,5.1984,0.018956807999999988,1355002.290998299
7.0,210453.0,41,0.003484320557491289,1321.7438271604938,9.840461971830987,467.9613744376,11330.274017578882,83.43264996,9.25458,0.031376592,665952.6500379904
6.0,111800.0,36,0.0,583.9131774902344,12.167544827586205,324.78259965303994,4295.4184060221205,77.49621869100001,11.790389999999999,0.018004259999999998,812862.7570153608
8.96551724137931,196613.0,33,0.0019230769230769232,1259.8530991735536,8.578716049382717,415.283811984832,8134.4597470240415,198.91143865000004,11.58393,0.020724443999999988,804000.6121521775
6.697368421052632,205022.0,33,0.003929273084479371,1068.800425069436,10.569083050847457,526.6743943079431,8088.634193514756,98.418588192,6.69201,0.020546036999999993,591245.390425849
5.746666666666667,221204.0,56,0.0,754.7277691059135,9.329037254901962,326.921115228015,4994.4850267628335,113.73802179000002,9.6699,0.01932709499999998,807476.5920804659
5.890909090909091,194526.0,31,0.0015432098765432098,1186.740014093802,10.917900000000001,595.1265558721909,11186.422180284118,111.28781616900001,8.098700000000001,0.01588692899999999,786921.2104908772
6.604395604395604,214400.0,20,0.0,842.3888903061222,13.423446296296296,260.09617791364894,2489.972892575223,100.59995236500001,9.306840000000001,0.007077249000000005,983720.8817420556
8.753424657534246,205714.0,27,0.006259780907668232,1182.628892065209,11.899092857142858,502.1084351514001,8588.780111248325,89.97152855250002,6.209160000000001,0.017392586999999994,617446.2397608687
8.905882352941177,195164.0,29,0.013210039630118891,1517.7166958293071,14.591466153846152,713.490252835492,12062.66034334704,50.358859140000014,4.829700000000001,0.02375019,367082.1428466588
6.111111111111111,193043.0,2,0.0,1199.679601281595,8.604961538461538,131.238951310848,4466.444925268096,22.272759402000002,12.69177,0.0300852,566957.4372935867
7.580645161290323,156440.0,3,0.006382978723404255,1012.4349687525364,10.242163265306123,292.65966216839405,4780.541174533317,301.11412936000005,8.00877,0.01807054199999999,686437.5777469812
8.683544303797468,227184.0,41,0.0058309037900874635,1431.1649249249251,10.3182975,659.8973632172039,8146.453957141502,68.783107224,16.884300000000003,0.017502471,484026.29866922065
6.714285714285714,178146.0,34,0.007598784194528876,1143.166266885494,11.688753125,727.220331230175,6279.615988325119,61.63157842500002,9.600700000000003,0.013393274999999993,406227.474027275
7.457446808510638,200439.0,24,0.0014265335235378032,1417.4017369867138,12.131574390243903,692.2727592006601,14985.896328257568,70.817986665,7.239600000000001,0.018746234999999997,645508.2500758591
5.663265306122449,187693.0,25,0.005405405405405406,1117.4545481032578,12.341926229508195,798.61834265741,12356.270885506186,119.48479032500003,5.81745,0.022004474999999996,271103.006313871
6.862068965517241,220797.0,29,0.0033500837520938024,1262.4728975758183,9.056887999999999,341.751890062704,10437.3174485076,393.98105587500004,6.685890000000001,0.022692095999999995,959445.9792221733
6.058139534883721,168133.0,28,0.013435700575815739,940.1757909045971,11.48625344827586,504.868028440359,12805.039159400247,109.69048445400001,6.64809,0.02020512599999999,912474.4651311662
5.011363636363637,205826.0,30,0.0,827.4539204343181,9.37499433962264,356.640824882996,5950.763999098292,343.30154413,6.14673,0.016565636999999998,708167.290283942
8.878378378378379,216263.0,25,0.0060882800608828,1249.0103343271546,9.326379310344828,476.5802463058001,5811.504742303774,90.67702834050002,6.278220000000002,0.01308995999999999,664848.3659963979
8.3125,128000.0,26,0.007518796992481203,511.9353448275861,11.13742,384.49211487554703,7218.690530589596,253.09762289000005,8.115900000000002,0.01375894799999999,923333.3966458857
5.66,184226.0,24,0.00530035335689046,1033.8854037708631,12.422156363636367,933.2810852408819,11565.537288320662,14.366362626000017,6.111720000000002,0.03717608999999999,74904.95375794661
10.913793103448276,194175.0,22,0.00315955766192733,1177.8046185099709,12.962312068965517,445.76309941194603,6213.67126560096,59.705053422000006,15.842100000000002,0.013978367999999996,534167.0823386065
8.8,176455.0,55,0.006060606060606061,1304.1354592773648,15.240089552238803,806.3917691805,11523.077695153077,289.13884016000003,8.83998,0.04171951,623767.8712620441
6.202127659574468,195337.0,29,0.0017152658662092624,1104.0018656716418,11.666031034482758,574.3743261235979,8165.962670138811,252.37586024000004,4.359,0.01682739,572609.4461206843
6.406593406593407,176285.0,32,0.0017152658662092624,1048.499246831857,10.864487096774193,210.770405535956,3900.3953563673285,111.36956986950001,8.2668,0.009508319999999995,1158831.359576966
6.775280898876405,173686.0,26,0.0,1164.7515370930994,9.280495945945948,583.059380659539,8973.114327557687,59.73943151700001,4.99047,0.023283359999999986,415669.8342348695
11.025974025974026,257888.0,27,0.002355712603062426,1316.1940181758216,12.27426219512195,278.60171806863997,7678.0298091220175,137.70777698000003,9.53133,0.027528368999999987,531930.3067953396
6.82051282051282,189316.0,28,0.0,1184.3575814903236,9.669282191780821,633.8030574336959,14709.716437178746,102.9284712255,4.011240000000001,0.018306539999999993,760582.5646817724
5.404255319148936,209684.0,26,0.011811023622047244,1445.5490637247783,10.868572413793103,618.5650345810079,15195.043153274632,81.248191191,4.7083200000000005,0.029789370000000006,504036.5702377302
10.852459016393444,164120.0,19,0.006042296072507553,1218.4874437509072,10.831751351351352,653.0655481623,8944.242350576342,69.15761932500004,5.99469,0.019766531999999996,502003.05653918895
9.443037974683543,187293.0,55,0.006702412868632708,1556.1344774025588,15.925523943661972,584.204480235481,5919.9871479548465,128.798453931,9.42882,0.0069479909999999945,1009122.2715829248
8.121621621621621,192527.0,25,0.0,1235.9432075614368,9.268332911392404,590.428734185616,12769.26113409408,99.517876353,4.86498,0.021638315999999994,725845.7877336573
5.505154639175258,202146.0,23,0.0018726591760299626,1018.8901602117755,12.092581132075471,324.78259965303994,4295.4184060221205,77.49621869100001,11.790389999999999,0.018004259999999998,812862.7570153608
5.584905660377358,125760.0,22,0.0,524.9875024796668,8.744580000000001,584.6213404591559,14468.686946199123,97.28831628000002,6.6282000000000005,0.04273582499999999,222385.48959724003
8.807692307692308,157186.0,40,0.008733624454148471,955.4861101978108,9.229101754385965,439.68079577356207,7280.610997340454,91.605430755,7.000530000000001,0.018463421999999986,723183.461230093
5.017699115044247,189767.0,23,0.005291005291005291,1176.2258734113566,12.5863875,677.5423188217601,16782.93338832762,72.87399388500003,10.954,0.023617691999999982,592446.263124328
5.0606060606060606,190212.0,33,0.001996007984031936,933.3264193856944,8.513369565217392,568.1337007998751,5639.154471919823,50.31730530900001,17.327600000000004,0.015168140999999984,375987.66281693644
6.487804878048781,194723.0,11,0.007518796992481203,606.489849897507,15.185275000000003,343.55251033128,5241.763003997519,55.83998635200001,11.62509,0.02174113199999999,479234.82051789
6.907894736842105,165213.0,23,0.009523809523809525,934.9250600595217,12.2703,822.5359994485922,10791.501491073595,165.42478370000006,3.2814900000000016,0.02568283199999998,271525.82812607137
6.391752577319588,178226.0,20,0.0,1268.9539337842648,10.368053333333334,717.0896765178,6820.266430747308,77.48341031250001,4.943100000000001,0.015379493999999997,436559.2632360932
6.646341463414634,233163.0,33,0.01834862385321101,792.8655056689342,14.289705357142857,542.1478347951029,15554.686711173477,58.939834428000005,9.57564,0.022344371999999998,621892.0761647628
6.625,173907.0,51,0.0,903.5659584203152,7.501324590163934,266.921588538784,4930.840040391373,85.267358028,10.23249,0.02023300799999999,826056.5350917893
6.2631578947368425,158106.0,35,0.0,911.5936326316707,10.427094339622643,204.19272464715004,2258.5594264214965,348.67638765000004,10.53585,0.007429782000000004,1147299.5202118393
7.164179104477612,130548.0,47,0.004166666666666667,950.0222064513176,11.770472727272727,640.6930322320169,10025.419583219658,51.743171664,7.51035,0.01711488,516137.8183944402
6.876288659793815,258680.0,23,0.004497751124437781,1331.807180932994,11.294533333333334,479.708791615296,9900.368260042555,88.2709905825,19.417500000000004,0.02571144,518218.0819540234
5.743902439024391,167080.0,38,0.008492569002123142,1068.2928852326816,8.303530985915494,80.090271685716,2573.6196878401456,49.851866952,13.707210000000002,0.011787444000000003,1397761.965137083
9.2,213380.0,20,0.0033444816053511705,1262.8036036036037,9.326585185185186,433.8412410178501,6994.308894931457,103.17841608750003,5.864430000000001,0.014148503999999996,731996.4405290332
5.579831932773109,235173.0,15,0.012048192771084338,1305.5808490853096,11.257013333333335,669.048841964225,8048.726769833417,78.30468764400001,7.016730000000002,0.01650272399999999,581716.6882019835
6.428571428571429,194526.0,18,0.0,890.605732828556,10.133474999999999,611.122874830969,8897.45389145072,66.87363232800001,5.863770000000001,0.019411568999999993,499177.3819227791
8.105263157894736,254626.0,31,0.012987012987012988,1166.4852830517225,7.199726470588236,522.9544410399791,5464.994552478894,161.71214189000005,5.869680000000001,0.014392773000000003,472279.863498737
5.979381443298969,187924.0,16,0.0017241379310344827,1017.8505709763128,11.133050847457628,545.1302406251249,11442.608697165311,244.50429972000003,7.71978,0.038919719999999984,435326.15741073986
5.477777777777778,169493.0,17,0.010141987829614604,1033.043103448276,11.525037735849057,699.94720787964,8082.301068869135,290.4079398000001,4.391070000000001,0.01417936199999999,595212.2092770189
7.572815533980583,209840.0,57,0.017948717948717947,1588.8418189407917,13.460168674698796,710.25326000179,5868.4178002956805,60.991478770499995,6.75168,0.009646344000000001,450419.62209855305
7.174418604651163,207537.0,1,0.004862236628849271,1378.733923646393,10.433746268656714,289.08107337252005,4524.588520735922,75.24425650950002,7.7793,0.01418703,716362.498344513
7.068493150684931,187924.0,16,0.013565891472868217,1005.53484375,11.655866666666666,602.536265361342,5242.401246308852,271.73387007,6.39324,0.01318707,531223.0547291196
6.48314606741573,204944.0,19,0.010398613518197574,1134.801146467348,12.384195384615385,680.531692040354,13640.7349299768,184.40486878000004,9.29334,0.022616351999999996,557923.3570450624
8.594594594594595,167080.0,38,0.012578616352201259,664.7887617065556,9.704916279069767,632.228160148288,6418.376674989121,49.40446899600001,6.01254,0.014000183999999997,377080.0150667453
8.109756097560975,253186.0,23,0.006015037593984963,1389.1529768399128,11.3107,461.9976226610721,4537.060712240923,277.47053431000006,5.4121500000000005,0.008785289999999996,764339.4660933728
8.6,204293.0,39,0.005813953488372093,332.8997612488521,13.862188235294116,343.55251033128,5241.763003997519,55.83998635200001,11.62509,0.02174113199999999,479234.82051789
5.74,186720.0,26,0.0017421602787456446,992.1004556781772,10.385696774193548,510.85065738834595,6355.327079254468,198.49833993000004,4.286610000000001,0.01703023200000001,430342.04273254855
6.869565217391305,211617.0,0,0.012658227848101266,599.3766878858024,12.057375,857.1545241632999,13024.775225102847,164.22835819500006,4.314930000000001,0.023480729999999988,353989.9176532698
5.590909090909091,209840.0,57,0.01016260162601626,903.6223240969883,7.876278260869565,543.7721474518202,7036.225299167856,260.81470670000004,2.8711800000000016,0.017134631999999993,483845.77363974374
7.596774193548387,213280.0,46,0.004246284501061571,950.1582139572672,10.940129411764707,653.160404356104,9845.158720327661,251.31889001000005,3.6587100000000006,0.01922699399999999,511660.3350121371
5.666666666666667,195164.0,29,0.00904977375565611,493.0728497092133,11.81777037037037,683.02319184616,8958.896171150534,160.5529083,7.39065,0.013789098,426028.97393153346
5.956521739130435,226906.0,82,0.0170316301703163,812.1186269039205,12.463085714285716,457.475189451648,11382.635824187146,98.03530939050002,8.31018,0.024732791999999997,766377.9445585171
5.79245283018868,187693.0,25,0.006514657980456026,592.6063914273889,14.64984193548387,264.985929392067,3274.5909703219186,65.599387542,10.495140000000001,0.004518533999999994,1194746.4658913456
7.0,191080.0,10,0.003105590062111801,676.0296296296297,8.383232558139534,347.21316605073997,9379.319806945803,66.70603978500002,8.780940000000001,0.033063351000000005,587059.7972191728
3.8768115942028976,233476.0,37,0.0,972.6887873204837,10.795408333333334,495.6358825674901,7111.334558969098,92.12871372750001,5.954940000000001,0.017563532999999985,590649.3952378819
7.157894736842105,225200.0,22,0.009191176470588236,1044.7123958704167,9.011073684210526,198.70812558040802,2115.463474160828,52.48423255950001,11.92695,0.009140984999999994,798624.0011965106
5.7,174172.0,63,0.0021929824561403508,1001.4649227110582,8.525858823529413,335.661245795148,4848.394824348301,72.52783642650002,8.83317,0.012018539999999998,784595.5275930914
6.823529411764706,250533.0,52,0.0034482758620689655,1224.8640769468118,11.765580645161291,360.31053681238404,3975.3188905928405,204.11213455000004,9.657269999999999,0.014619707999999997,540071.7195189589
6.746268656716418,225866.0,61,0.0022123893805309734,906.6082449019514,10.429030769230769,360.26492350105593,4852.217953371531,79.46432452650001,6.983520000000001,0.012914712000000004,672495.4225624136
6.857142857142857,126093.0,43,0.0,592.1693494125562,7.769353846153847,199.30201327272601,7830.135431204984,198.09437735500003,11.082510000000001,0.03874805999999998,721139.8881905427
5.506666666666667,180128.0,40,0.0,838.5568513119533,8.4133,397.944608018748,6068.6076170649585,375.3461192700001,8.54514,0.015126524999999993,908923.7229366079
7.423076923076923,271880.0,49,0.0,1120.253124558982,9.6475875,286.979776549808,6507.5558784671375,55.454221651500006,8.23236,0.028108079999999983,495340.6077642553
7.763157894736843,223053.0,59,0.001694915254237288,1702.0013802622495,8.661337209302324,647.3086862939999,16069.713223190884,83.50688014500001,4.412340000000001,0.03164273100000001,460165.2467412775
7.416666666666667,210099.0,62,0.008426966292134831,722.2650031505985,7.982615384615384,286.52721464466,5061.300698022765,85.10033281500002,7.838430000000001,0.014138999999999992,806694.891386512
6.797101449275362,226000.0,43,0.01279317697228145,832.2551155538466,8.319166666666666,370.71905674057496,4456.444766349595,89.431066839,5.713770000000001,0.011331305999999992,727226.4300871395
5.228915662650603,214733.0,26,0.002304147465437788,943.6149207903169,8.140504615384616,380.477585223648,5990.256346922291,114.12683082899999,8.119200000000001,0.016134360000000004,788242.4135304427
6.358208955223881,173266.0,57,0.009389671361502348,1055.0315999999998,9.046929230769232,300.236625469872,6226.982807627747,52.32483763650001,9.95217,0.01350054,757194.0064702104
7.841269841269841,211200.0,27,0.0020242914979757085,874.9661016949152,11.093044444444445,377.782580035224,8314.670378663515,293.54829619500003,7.00218,0.01789034999999999,810211.2229852384
8.117647058823529,206280.0,23,0.0036231884057971015,972.8226135186607,11.117444776119404,537.895946018808,12813.04760501972,104.84397360450002,7.67532,0.019771350000000004,858631.9496021955
7.08,212640.0,44,0.0018832391713747645,989.3391270117639,9.304637142857143,569.80081692386,9403.389887979305,62.744555010000006,4.2298800000000005,0.01941876,463132.9713258236
6.2560975609756095,214626.0,28,0.017543859649122806,927.6152210884354,9.780924193548385,592.1804927647751,7669.917269229097,82.43759107500001,1.9539300000000004,0.014144129999999993,544819.2097653117
7.384615384615385,207333.0,28,0.0,1032.9506564056132,10.980967164179106,478.72336485940605,5665.934368391362,103.50231520800001,7.014540000000001,0.013573875000000001,652182.2658292758
5.504587155963303,220146.0,33,0.011666666666666667,1233.0707966424334,9.58953488372093,499.22953908545,8409.046496893077,147.34016388,8.07069,0.015922607999999994,809463.742862322
6.024390243902439,196093.0,28,0.004048582995951417,1019.6791824671976,9.853596551724138,345.95979387228,5796.399000387597,297.108064295,7.706250000000001,0.016676999999999987,738109.1909750649
6.011111111111111,227893.0,41,0.0036968576709796672,1059.084479043958,6.690967777777778,130.87416359040802,3199.800034662323,88.28938905500002,12.43533,0.022442022000000002,574629.2387569221
7.5479452054794525,195750.0,46,0.0018148820326678765,1039.8798019505361,11.195168656716419,524.573551450514,8949.188960312134,55.192687908,8.18211,0.015253781999999994,634473.9426505136
8.848484848484848,189293.0,37,0.0017123287671232876,1254.406038812078,11.108653333333333,329.480332346178,8149.2889383763195,40.14324340650001,7.38654,0.02494188899999999,476636.20659764064
7.895238095238096,231999.0,22,0.010856453558504222,1439.8165028488554,12.421345882352943,708.0580231616,8284.034932550998,56.72436476550001,12.870600000000003,0.01628020799999999,374632.2821528974
4.804597701149425,240600.0,41,0.0,883.7903690888119,6.986081967213115,161.18309718521502,3489.08876881182,48.74409573600001,10.49367,0.01996917299999999,649413.266344147
5.417582417582418,229973.0,22,0.0,989.104606413994,8.413152173913042,359.29469919375003,6517.466847606532,123.20552514600001,7.8289800000000005,0.015453345000000004,966066.911491317
5.37719298245614,222586.0,22,0.0,1207.9732055435952,10.113671621621624,613.024509119602,16724.872594107754,322.9870008200001,4.24992,0.03945106499999998,425128.41514142527
8.0,201306.0,24,0.0,864.2536402659707,8.860866666666666,620.470406071148,10544.270911175581,224.75791221000006,3.8910300000000007,0.024123876,403814.84005700174
10.137931034482758,197173.0,35,0.00510204081632653,1192.0013850415514,14.204555555555556,977.5738824558849,16334.098710334742,106.62190000000005,4.53621,0.031701429,602765.3706102003
8.162162162162161,170133.0,40,0.0,672.8379352281429,7.630343396226415,480.16038249948997,6282.356354759098,90.49565223750002,9.22899,0.014382926999999995,731835.7210813304
5.890625,253106.0,19,0.010610079575596816,1455.1688218390805,11.145894117647059,420.18597888722,5534.196823846945,297.93121579500007,7.946250000000001,0.013813272000000001,710491.4934080688
5.382978723404255,218413.0,42,0.0,936.045743961573,9.126975000000002,394.3514542946161,5581.809862195841,55.22030713500002,6.672090000000002,0.017049599999999995,489464.01312343683
5.621052631578947,243213.0,13,0.0,1053.7653690262985,8.997900000000001,305.90300837501997,5341.187537067688,273.96935901,7.5409500000000005,0.014056613999999988,788785.9102920362
6.891089108910891,223106.0,35,0.007183908045977011,1314.7857273816371,10.785099999999998,459.81423002303995,7321.247691151678,95.012805996,4.037250000000001,0.01938367199999999,554757.636226847
6.353535353535354,222226.0,34,0.012718600953895072,1226.5358097320561,9.176411111111111,751.75957354147,10551.66460462584,72.967396272,4.914720000000001,0.016926023999999998,515832.13917630666
5.472527472527473,224706.0,14,0.002008032128514056,1002.9928782585326,9.153714285714285,346.9558352039999,5063.24720013235,324.3840501000001,7.395060000000001,0.04187511999999999,867866.9032536302
7.542857142857143,217573.0,31,0.007575757575757576,1195.20263671875,8.931741176470588,440.97016366538406,6741.922246034925,243.57853235000007,6.003840000000001,0.015535692000000002,667548.5944296957
9.646153846153846,229160.0,29,0.001594896331738437,1259.4182716836733,9.53205,580.4120140364801,16714.174455193446,94.42831755600001,3.8657699999999995,0.03814829999999999,488087.98994670826
6.988095238095238,186453.0,16,0.0,936.852,10.056415942028984,566.407947631918,11274.120932860802,255.62442727500004,4.54722,0.027039168000000002,463068.2484622563
6.69,244960.0,31,0.005979073243647235,1409.996011296474,9.774090000000001,405.91938987739206,9386.391815222203,357.022323225,4.60662,0.016647215999999996,892177.1910761128
6.05,244760.0,21,0.005509641873278237,626.5351842470247,7.803076470588235,454.418955707766,9471.618773093393,123.2799967665,2.0736300000000005,0.01886964299999999,727058.2940574819
6.848484848484849,174646.0,37,0.0022123893805309734,920.6628351399227,8.885510447761193,428.00431971672,8234.838665404739,63.67330652400001,9.762179999999999,0.018457191000000005,740072.0898624749
9.297872340425531,209613.0,19,0.002288329519450801,888.6163669607713,8.171206349206349,526.8713390135999,12934.396195723197,337.3056805500001,4.409040000000001,0.028422203999999993,581906.3663369874
7.103448275862069,203146.0,19,0.0024271844660194173,921.202765856572,9.45496170212766,354.53537766613994,5681.394959519519,68.37511172250001,6.270810000000001,0.016169921999999982,642103.0644459776
5.314814814814815,207653.0,38,0.0,1066.0566540965954,11.050425806451612,505.69824961132804,12980.116952573539,107.79509408850001,16.149300000000004,0.034479912,486207.1532293811
6.0,217093.0,25,0.001937984496124031,977.8409424517292,8.775969230769231,483.7015226571,5643.674289987164,51.0072947895,9.276800000000001,0.015996258000000006,352555.05912583775
6.402985074626866,177866.0,23,0.0,1067.2119787300153,8.388290625,764.635713262872,13767.422398854429,56.5589499585,5.004180000000002,0.03458366999999998,278274.00976863096
8.242424242424242,158093.0,16,0.0,575.0420138686557,9.26704,266.43407792441997,5819.956338602013,54.00395227500001,8.424150000000001,0.030722093999999985,438585.781241559
6.742424242424242,166253.0,35,0.0,833.176567241755,8.592738095238094,409.72602610894495,6980.782341379778,91.56286421100002,5.6328000000000005,0.014719112999999997,726169.1551833804
5.795180722891566,245866.0,26,0.004158004158004158,1085.6618799861255,7.008570833333333,456.915810256191,7036.034415990403,339.8980203300001,4.863840000000001,0.027009672000000005,439267.42082789313
6.602941176470588,208173.0,29,0.0,1033.4247421478935,8.726856896551723,352.46750665446393,10251.46226117484,85.7730878,7.2763800000000005,0.033341657999999996,319047.12653772015
8.428571428571429,230933.0,26,0.001694915254237288,1586.3196510013884,8.867559523809524,647.3086862939999,16069.713223190884,83.50688014500001,4.412340000000001,0.03164273100000001,460165.2467412775
7.409090909090909,189013.0,21,0.012269938650306749,899.3637508467409,10.0082,556.6362403182001,12544.428093425226,114.51184860000004,4.404300000000001,0.017164949999999988,850249.4564742179
6.731182795698925,250013.0,26,0.0,1142.702511383323,9.950148051948052,518.80919815318,7871.159150564217,254.53059060000004,5.640720000000002,0.01578002999999999,634191.7452756244
8.775862068965518,206866.0,21,0.005893909626719057,1004.2649923643198,9.646801639344261,464.96804282950995,8221.066519617201,61.68944544000001,6.8328299999999995,0.022404330000000004,526019.856285961
7.402597402597403,204026.0,21,0.014035087719298246,1054.4678123378408,11.00689655172414,511.8721832448,7601.3110873479745,294.24764724000005,5.583600000000001,0.02053547999999998,565640.7622601604
6.509090909090909,207133.0,32,0.002793296089385475,947.256488894628,6.0702058823529415,540.43930286426,8810.59368445802,300.1561613350001,5.651129999999999,0.022609349999999986,558812.8017500588
6.22,198000.0,22,0.00482315112540193,1331.8573501570133,9.850356097560974,720.1124330305362,13936.758999170701,64.16589160800001,3.767310000000001,0.027427656,347473.07355198433
5.333333333333333,245653.0,24,0.0,1134.186031357114,7.578327272727273,138.452326688088,4041.341983243241,30.2345251005,12.05754,0.026909082000000008,528737.7784609694
8.037037037037036,230960.0,23,0.0030721966205837174,1518.43303499897,7.981983333333333,253.87748937846996,3641.6573950942075,155.21952786,6.3937800000000005,0.013638365999999994,475059.9925910349
6.588235294117647,217293.0,24,0.005952380952380952,1241.5680063083958,8.867345454545456,477.74131718979606,9227.676410260476,50.87891833200002,6.041370000000001,0.032388179999999996,316499.9628059423
5.242105263157895,229026.0,32,0.0,926.2000008939386,7.5523359999999995,656.6248236362098,7464.271872487251,63.46468237500002,4.715460000000001,0.01864566,419349.3445866081
6.305084745762712,233520.0,22,0.004032258064516129,1355.4785886768266,11.127037974683544,470.139499110945,13313.534265321307,192.14857248000004,6.742860000000001,0.03272885999999999,503251.87540397816
6.010989010989011,220093.0,13,0.010968921389396709,882.4926963053541,8.758477631578948,480.4509786643701,13410.487477649809,56.72306502750001,5.60208,0.030942449999999993,452843.89658716886
6.987804878048781,301500.0,21,0.0,1131.94359375,8.729245714285714,286.979776549808,6507.5558784671375,55.454221651500006,8.23236,0.028108079999999983,495340.6077642553
8.127272727272727,149320.0,17,0.020134228187919462,924.0974641949283,11.443199999999997,635.4340623966721,9374.393209313286,59.38986606300001,4.02354,0.015487200000000003,511477.107705581
5.857142857142857,165680.0,18,0.0,860.6126482697777,10.99644117647059,694.3421504903099,15602.302414782715,221.40491068500006,5.364480000000001,0.028426439999999987,488379.6746571704
6.396396396396397,243520.0,25,0.008450704225352112,1362.889352573849,10.198337349397589,634.257225988788,17666.780960682878,100.50645697800003,1.1958000000000013,0.031326444,509267.35679560027
6.75,174133.0,28,0.0,328.45059981892257,7.0760250000000005,300.96110375826,3767.6729236530305,247.95318283500004,6.512130000000001,0.014795162999999984,545406.896127271
7.066666666666666,211200.0,18,0.0047169811320754715,1289.5820491461893,11.271947826086958,503.33321934711205,8156.970388149573,209.79612346000005,6.23259,0.019168109999999995,518114.12914527673
6.906976744186046,189600.0,19,0.0016835016835016834,1072.76320565479,11.8998,543.4828160108,8833.194053612544,84.43950825150002,4.021380000000001,0.019016039999999998,537845.1307063965
7.256756756756757,202866.0,25,0.00931098696461825,1111.3321550309304,9.804318181818182,640.9190475350001,11413.582495113433,53.22130770000002,14.8705,0.026293133999999985,356672.6479937325
6.47887323943662,227927.0,23,0.002173913043478261,856.0975108108247,7.883692307692308,516.1379447452799,7572.693383102522,53.037712864500016,15.650400000000005,0.020146644,414894.46615897573
7.432432432432432,231013.0,26,0.0018181818181818182,893.4347263313606,7.9808666666666666,813.6527459666121,12134.540903615127,67.29053005950003,1.3246200000000015,0.028575867,318754.484429625
7.074074074074074,222173.0,19,0.0017452006980802793,1090.8013946280994,8.104539285714285,499.69237568274,12709.462241256413,46.49706639750001,7.002630000000001,0.03017555099999999,463208.45401125273
5.333333333333333,148680.0,19,0.0,537.7636684303351,6.829246511627907,863.8067432588161,10660.275449894854,50.80988196,2.5404299999999997,0.023244543000000003,287661.97126136546
6.364864864864865,234640.0,17,0.0,873.4979310081806,8.140703225806453,63.264307916388006,2577.2692752844805,38.52648707000001,14.59296,0.03868425599999999,462746.7904087269
5.989010989010989,221293.0,19,0.012844036697247707,1135.3997406120957,9.723140625,517.8496889138099,11081.064148663243,65.26319605500002,11.688500000000005,0.023806847999999988,496507.5903939953
6.219047619047619,224173.0,22,0.0015313935681470138,1333.1642365549671,9.774295121951221,592.165607628048,6456.709401742999,51.84457371000001,6.281670000000001,0.012995640000000003,516633.03337448684
7.511363636363637,207440.0,22,0.015128593040847202,1174.1088381425823,11.289184210526317,623.8888995933,13100.50241099424,78.312765114,6.25338,0.026746031999999993,495704.49433576927
6.794117647058823,229466.0,16,0.006493506493506494,935.578486560646,8.706464516129033,427.3005230167521,12219.540756655555,114.34707784500003,4.308510000000002,0.021089939999999988,878335.7981195559
5.703296703296704,205333.0,20,0.0,1318.0123931060511,8.85887205882353,614.9939573611559,9048.515855964297,87.87410332500002,12.134700000000002,0.016387481999999988,642719.2950231117
6.53932584269663,207640.0,16,0.00859106529209622,1060.7126467481696,9.273918518518519,571.0065810118559,13930.223537543538,50.68361245200002,5.6388300000000005,0.02508425999999999,456150.75879563723
5.794117647058823,210613.0,15,0.001692047377326565,1151.4960927703996,8.45770843373494,618.0361864034579,12675.545832115202,71.20661020800001,3.6317400000000006,0.029553551999999997,399439.38901239034
5.898305084745763,202640.0,9,0.0028735632183908046,645.0665938768502,6.549359999999999,217.88994768517895,4367.305304000819,147.07460614000001,9.481050000000002,0.023280137999999992,504877.5191760679
6.17948717948718,144995.0,17,0.004149377593360996,513.619256337205,7.503133333333333,846.7053255460802,16595.42289323996,44.55040999500001,6.9619,0.03879935999999999,226614.21535851777
7.659090909090909,178680.0,16,0.0,630.7453196154494,5.834064705882353,579.068977474548,9571.238366314545,320.17400052000005,3.127230000000001,0.022330295999999986,486431.7609151125
6.333333333333333,91746.0,7,0.008223684210526315,1139.7065972718694,7.368818604651163,258.373283920024,6506.329440796118,104.15252273400002,6.209969999999999,0.02032926299999999,764002.6174623902
5.688888888888889,224757.0,6,0.00390625,568.5400490556017,5.578133333333334,526.905977760349,7731.601688573782,56.337707328000015,4.007070000000001,0.026586719999999984,323348.32234426023
6.639175257731959,234266.0,11,0.006211180124223602,1208.3279887377619,10.892670422535213,674.0307274194241,16669.632537421967,97.04349986100003,2.5914300000000003,0.036411225,413182.6837355558
6.1,203026.0,54,0.01639344262295082,414.266722623967,14.7795375,486.325556417064,4732.807192793751,34.9748274555,7.3970400000000005,0.013062221999999998,337629.7885750893
9.2,187346.0,8,0.0,716.3315976331361,8.868048979591837,701.88092643584,14280.581193267984,24.88830416250001,6.03372,0.04218547199999999,190245.08195774737
6.317647058823529,198520.0,54,0.00931098696461825,1139.7752488731662,11.276057894736844,267.60328596552,6233.846000421269,195.09031068000004,10.695839999999999,0.02174302499999999,772047.2523901836
4.770370370370371,237578.0,50,0.013975155279503106,1298.3841735271553,10.201468421052631,428.92207785999,5373.285539583363,73.6085944815,8.679540000000001,0.015854925000000006,646248.0725625409
5.258823529411765,168786.0,55,0.0022371364653243847,854.3643904320986,11.92894,147.88385651005504,3359.710469320201,47.743432545000005,12.065489999999999,0.017591339999999997,754846.9526207171
5.522935779816514,286818.0,49,0.006644518272425249,1301.0254127633143,10.23142,371.2864203513269,4213.554098790575,255.12377868000004,7.89495,0.01233587999999999,667020.2135725635
4.893203883495145,193213.0,31,0.003968253968253968,1153.7623229390229,10.436533333333335,414.45170473880603,9390.722612682528,213.50393765000004,6.62658,0.032335883999999995,436580.1741776939
5.81,200822.0,41,0.0051635111876075735,1067.2968193510092,11.084188888888885,488.78985215801305,7517.581050375902,58.760770869000005,8.57304,0.030253050000000004,363860.6851222414
5.248,208880.0,38,0.004573170731707317,1351.5551219512195,9.966153846153846,304.15567687680004,5205.831719083742,85.43381606400001,9.71232,0.009465462,1051355.8223397844
6.804123711340206,196626.0,50,0.0030303030303030303,1287.8669212595876,7.659548387096773,162.217558043808,1904.9804720115017,75.53484528000001,11.28264,0.009911286000000005,887353.070694167
5.627659574468085,224538.0,31,0.003780718336483932,952.8608422915046,11.771956451612903,457.622912113542,6508.735645176718,51.851910190500014,10.757520000000001,0.017380076999999994,555914.0140385607
4.777777777777778,194053.0,45,0.0,1021.1094719214404,9.227377049180328,254.21069311252998,3903.7640465700038,107.17471566900001,9.69492,0.008620704000000005,1126829.7996061365
6.728813559322034,252320.0,32,0.0025188916876574307,830.0377029642949,9.66230425531915,210.924161996328,3849.5159565158474,240.13160690000004,9.733289999999998,0.012918929999999988,912364.2394085975
5.712328767123288,193253.0,40,0.004796163069544364,783.4633426389399,12.289295121951218,263.8096193124959,3890.6808423748953,247.643799945,10.050870000000002,0.012255350999999998,876378.165718478
5.32051282051282,210611.0,25,0.0,900.9848962473617,10.119083333333334,337.95509171547207,3994.3626398940028,83.97022224150001,8.608740000000001,0.01336608,691963.9771550621
6.076923076923077,221506.0,33,0.007911392405063292,1390.2992346938775,12.604888888888889,369.3259766658,7128.90984118428,255.90978875,8.26683,0.017718426000000002,715308.8647261664
7.465116279069767,205649.0,62,0.003115264797507788,1431.9888402552708,10.596378947368422,414.175631659776,5776.1210439979195,92.90474176500001,8.36694,0.014093999999999994,777719.1294489339
5.825396825396825,222280.0,43,0.0,1527.7574184243736,9.503368421052631,586.5238169172001,11936.39855142048,73.853417241,5.77584,0.025296407999999996,525640.7304327608
6.009708737864078,197668.0,39,0.014539579967689823,1268.9459391130981,13.3713671875,627.2187983558,10759.85289437292,46.388788090500015,8.70444,0.021686534999999993,421140.57767822064
6.575757575757576,167240.0,34,0.0,833.5561406488873,11.505018518518517,294.3119151105,5808.899667245631,103.6141446375,9.706020000000002,0.009918056999999996,1038066.3798466829
5.811881188118812,196466.0,30,0.005110732538330494,1328.860704511104,8.692377906976745,733.5655795845,17553.271443447167,126.42108575000005,4.885380000000001,0.03189470699999999,983795.9175387742
4.593406593406593,208173.0,32,0.0,911.0584746593471,8.808150819672132,344.95124914374406,5397.166038478556,97.610964456,8.331750000000001,0.011483039999999988,919363.4926856116
5.954545454545454,168893.0,43,0.0,755.6201473930059,8.031678947368421,209.096475071715,2920.990802592989,402.7629438000001,7.16913,0.006043200000000005,1230669.8295470958
5.875,136778.0,29,0.00911854103343465,622.3295755318105,9.314256756756757,310.09354958140005,6540.677590364351,192.79079976000006,8.69106,0.026507480999999986,564687.2348104169
5.945205479452055,208493.0,51,0.0,844.6017675768367,8.8319,375.951313916442,6559.301303499104,113.26531291200003,5.145240000000001,0.016566810000000005,751388.9776547893
5.172413793103448,164066.0,32,0.006666666666666667,1045.2966815374677,11.655,421.17945284239994,8736.654746137738,62.01489896999999,8.877510000000001,0.021109638000000007,625027.9349274976
6.476190476190476,277594.0,30,0.0,1736.7477698448656,11.426781818181816,364.21821978875994,4325.885000594264,207.86876077500003,9.245280000000001,0.014721398999999991,578123.4784811611
6.666666666666667,164470.0,27,0.0075,739.9081116450548,13.469473684210525,675.270775431252,7174.934253839757,75.41466144300001,7.61943,0.015490331999999989,569612.493453919
8.043478260869565,217344.0,26,0.006756756756756757,1549.5137206935303,9.455313725490196,312.66443071522497,4092.962583260819,94.99888368,8.36109,0.009856376999999996,811674.1146320247
6.323529411764706,149834.0,30,0.0069767441860465115,1050.1254174397031,10.16098113207547,602.1621165071359,6468.995499306248,53.71410739200001,20.913500000000006,0.01747949999999999,364386.616994649
5.8,172520.0,33,0.0049261083743842365,900.1811833455076,11.316766666666666,152.57020308768702,3709.664840707039,95.590751157,11.25669,0.012723479999999988,1237912.0840778889
5.547169811320755,233050.0,30,0.0017006802721088435,979.816529816957,7.473006896551723,289.47463425855295,4346.738931196294,67.65538334400001,9.653220000000001,0.016797392999999987,716485.552895388
5.628571428571429,214153.0,27,0.001692047377326565,1120.4729632863714,8.45842048192771,511.660818606875,8351.532092534404,64.05781230000001,7.01559,0.019777965000000005,581772.3451467934
6.472527472527473,241306.0,30,0.003395585738539898,1496.9805090779637,8.349941176470589,345.79772573500003,10672.40443650912,68.27589326250002,9.66114,0.03695537999999999,575067.6136209897
5.1,195786.0,37,0.0017825311942959,1284.8683775928125,10.643928358208955,400.44662676648005,5985.191697244202,67.596018318,7.82214,0.014707151999999996,631261.0682637846
5.927083333333333,197862.0,23,0.0017574692442882249,1267.4235565249598,9.676075675675675,546.63324837264,8010.063740373751,189.52662495000004,7.54581,0.02157936,434322.1700363887
5.7745098039215685,218920.0,37,0.001697792869269949,1297.99493641334,10.179065277777777,339.78994291308993,7927.735004984259,101.58843165750002,9.719220000000002,0.021470403,881860.1154295768
5.976744186046512,176812.0,29,0.005836575875486381,992.3426985778702,11.621159259259263,275.09135867669397,5177.3786444991565,123.67069930950001,7.934940000000001,0.011028404999999986,1109144.4643242692
5.481481481481482,161400.0,22,0.01126126126126126,989.4459342560554,10.114013793103448,720.1184040343439,11912.197510947144,17.29890436950001,7.167810000000001,0.023409203999999992,182971.812308982
5.416666666666667,164280.0,34,0.0,1023.5596332644626,8.98691911764706,471.09620011211996,13049.409215464717,108.72836320500004,8.87583,0.023801561999999995,865058.302176134
5.197916666666667,197256.0,36,0.004008016032064128,1138.6123155703733,7.909482666666667,191.98900688987203,2787.9519227173605,128.850006897,8.942340000000002,0.007521551999999997,1132924.335253145
4.945945945945946,200826.0,28,0.0,778.9989120414587,7.049673684210528,245.34644614416905,3574.4368786106565,80.461987146,9.32913,0.013999649999999985,774663.692661184
6.775510204081633,186493.0,38,0.004518072289156626,1305.399965527147,10.598461538461539,347.54996235615005,9316.684773178882,279.29608114,6.91092,0.020421197999999998,742537.238465919
6.042253521126761,218064.0,21,0.006993006993006993,898.50663242144,8.875533333333333,536.488463479164,9367.922234360134,45.186457641,20.638200000000005,0.026065427999999995,387475.87319607014
5.617977528089888,192720.0,26,0.0,1029.8492595789894,9.994285714285715,517.42050465996,11081.053793277215,284.09260254000003,7.291080000000001,0.017831424,666545.1410747898
8.272727272727273,144466.0,21,0.01098901098901099,606.8260345073887,9.549379411764706,372.032565261392,8372.697303525258,57.63037425600001,9.073530000000002,0.019732311000000002,811340.3181418235
10.305555555555555,106181.0,26,0.005390835579514825,820.2372115822276,7.331578333333334,147.329324549082,2535.1250112960824,51.2792894835,11.97441,0.01261835099999999,837629.012918702
7.7560975609756095,229333.0,41,0.0,1077.7328159095416,9.903933333333335,280.01649058742396,6718.621454533924,69.57977579550001,8.14317,0.019569924,781342.0438277007
8.118421052631579,178928.0,30,0.0,1090.2383201833818,12.116088709677419,569.7733641287,12037.42215405093,88.597972377,6.53748,0.02573550899999999,627617.9951129616
5.317073170731708,185466.0,27,0.0,866.594160642709,8.52816,218.84187057551998,5057.848563048005,89.48176448850002,9.255,0.013576895999999995,1071205.217646092
6.0588235294117645,176000.0,78,0.003236245954692557,626.8102034652857,11.358476470588238,387.865798441296,9725.8851899649,309.00436056000007,8.77284,0.02226869399999999,849124.9408229653
6.56140350877193,228133.0,36,0.0,673.4779208106587,6.721141935483871,320.976200615616,5491.402408795379,93.61191976500001,6.953400000000001,0.01424338799999999,845770.0401996147
6.732558139534884,182186.0,27,0.010362694300518135,1159.0224438716148,11.338894029850747,305.662709704324,4557.557666014084,114.37132827900001,7.638120000000001,0.007986888000000003,1079142.3159460283
6.923076923076923,179728.0,45,0.0,630.2123730378577,8.98344,199.50190611400802,1903.0605404546416,108.21391476300002,10.88445,0.006757212000000002,991985.7732024408
6.494252873563219,197668.0,39,0.0,1209.270230006683,11.997824561403505,529.882217144456,5315.991366752354,93.998026881,17.7954,0.009881280000000003,760973.6944306443
7.2,197668.0,39,0.009259259259259259,1129.0998343932429,9.313649999999999,690.182572167176,8076.8557596141,295.98785963500006,6.4725600000000005,0.013457915999999999,584233.1532321024
7.813953488372093,193184.0,60,0.001488095238095238,1159.0511272203878,13.578666666666665,517.22070598722,12706.727477101264,76.56947169000001,6.4902,0.023165802000000006,661346.4781977533
5.24,165826.0,28,0.005089058524173028,736.0900590308803,9.948026086956522,175.24963953790402,3485.2513341716985,93.0255809415,11.264040000000001,0.011528999999999987,1265999.0391250695
7.117117117117117,269373.0,11,0.016455696202531647,1374.6067633769323,12.557325581395348,804.51269867493,11276.153462771766,73.23603783300001,19.584000000000003,0.016707065999999996,523809.5160315826
6.186046511627907,210246.0,19,0.0018796992481203006,1234.7652185223724,10.053968750000001,318.86916391239,2411.9978039478733,123.59230215150002,6.85293,0.007597851000000001,670678.0186961932
5.028776978417266,269373.0,11,0.015736766809728183,1674.624815408301,9.358127272727272,432.483148052124,3348.596371942893,118.876146648,5.934,0.005909399999999991,824312.1004861393
5.36144578313253,186944.0,35,0.0044943820224719105,933.5644414995172,7.713951388888889,438.804789561936,5113.320051442657,79.05386881650001,6.763260000000001,0.010751183999999999,723877.6166541048
5.882352941176471,172760.0,24,0.0,616.994843236899,9.035250000000001,196.523589298582,4610.342706787274,109.34934270000001,9.60762,0.011587604999999999,1228724.0612582576
7.090909090909091,216774.0,31,0.0,899.7499094249779,9.717066666666666,302.82401787931997,5409.581678279858,329.51286530000004,7.46772,0.013834260000000003,928251.6279168188
4.8533333333333335,148093.0,33,0.0,709.5898750247967,10.514636363636363,336.18753005089997,6723.872326248245,73.55325291600002,9.244200000000001,0.01797878999999999,740245.6674530634
4.898305084745763,197668.0,39,0.0017301038062283738,1256.8359375,11.823119402985077,430.51393615487996,3072.7054677667684,138.859703496,7.513380000000001,0.005277554999999997,940119.5262592415
6.578947368421052,185060.0,30,0.0,793.1104939496134,7.728409090909091,343.546327642895,7601.61883433881,102.636905046,6.620910000000001,0.01711070099999999,914229.050423316
6.835820895522388,176250.0,24,0.006550218340611353,931.81004056149,7.823965789473684,507.6320538345439,8627.725397425684,134.50487216000005,7.32807,0.019169304,1397788.1674536683
6.0602409638554215,161900.0,32,0.009940357852882704,970.7852272112722,12.067587719298245,470.12706547290003,8880.82324930371,68.02035820800003,9.49551,0.017942607000000003,702744.506422439
5.342857142857143,187910.0,34,0.0,751.7898292362543,6.363420289855072,458.13180391647995,4584.927872931994,78.92328022650001,4.874730000000001,0.010459944000000006,618091.6103770207
5.972972972972973,192963.0,12,0.01809954751131222,844.7563560662261,13.689371428571432,655.2411699032639,5586.886038453493,94.14765889200001,8.429730000000001,0.006651503999999995,752538.2944001281
6.923076923076923,192963.0,12,0.001388888888888889,1577.8669921874998,10.859865168539326,604.9868738918401,4716.9423869018065,115.60190875200003,19.7684,0.008949599999999992,645915.8857265905
6.31858407079646,187794.0,29,0.004201680672268907,1349.2538313237262,13.956944262295078,296.53770161338394,4064.4036489638384,120.97361137050001,6.3373800000000005,0.008072819999999994,1050585.2800212686
5.04,263226.0,37,0.0,812.9401034185578,9.030091304347826,381.16283971589996,7621.7268459841625,62.00995609200001,9.63258,0.037598730000000004,435749.78580335586
6.833333333333333,197668.0,39,0.018292682926829267,696.1280383784288,10.87061052631579,185.48011709409602,4823.652565759501,33.076979721,13.29549,0.025391099999999996,697780.3637437746
7.083333333333333,225982.0,41,0.0,581.1224489795918,7.341243243243243,195.460885662156,2331.6737891545426,110.746063035,9.744660000000001,0.01157240399999999,776361.4634426355
5.971014492753623,206841.0,22,0.007281553398058253,757.7985813473447,11.513683333333333,241.85423676476,4179.198595960576,44.315792391,12.688290000000002,0.015723630000000006,774203.8898484635
5.090225563909774,197573.0,36,0.0,1274.7166944257037,9.828734939759038,383.474389158,8350.462840709712,105.27773690700002,8.62458,0.022526867999999988,799853.9301917504
5.213333333333333,223600.0,11,0.0,742.0930366097123,7.1546890625,373.85470464387504,7840.522167377255,70.83664219799999,9.522150000000002,0.02363553599999999,735002.9780694775
5.405940594059406,209607.0,15,0.0018315018315018315,1261.881604596286,9.938002941176471,321.190664175716,6256.7036341425,282.9577822050001,9.797490000000002,0.020909651999999994,707028.2018051799
5.43298969072165,222813.0,26,0.0,924.4346616760181,11.249138596491226,354.29183000755194,4008.173359933811,90.08069979150002,8.70765,0.011438459999999992,779657.3167573308
3.873684210526316,151266.0,30,0.0,755.5406252799428,8.312857142857142,196.3287231246,2815.4167573506857,61.03427768100001,12.684600000000001,0.011355630000000002,1027787.6319363153
5.828125,209160.0,7,0.002680965147453083,742.8392062707436,11.7821375,417.51910209628505,10716.72005327194,254.41948077000006,8.59839,0.029241971999999995,586510.5394931345
9.192982456140353,179346.0,21,0.0019083969465648854,805.2026054520858,8.95385,241.06011211171196,2910.61780590235,108.84983872500001,9.51882,0.01240415999999999,803367.2233272119
7.190476190476191,267093.0,17,0.0016556291390728477,1238.3660900672517,10.908394871794872,447.651926030874,5508.719218550199,231.64775474000007,8.987250000000001,0.010008915,730625.7428166355
8.517241379310345,213600.0,15,0.0,538.2959692600283,7.889030303030303,229.4956495266,3417.6402398977175,105.14537232150002,10.60416,0.016037063999999983,884544.1677053185
5.691176470588236,177973.0,13,0.0,768.8781205139874,8.581907547169811,437.703399748342,10597.199197647884,74.018567334,7.19397,0.032577042,494555.19013074273
5.615384615384615,173786.0,6,0.0,518.0137696158306,7.161151020408163,403.388829574875,9762.532713512497,124.00251795000001,8.1789,0.025302362999999994,808649.6242753852
5.75,149893.0,69,0.005797101449275362,760.8050612403034,7.758666666666667,524.52757105848,11961.09344496815,100.19583079200001,5.524590000000001,0.021750000000000002,756625.6701188446
6.333333333333333,232000.0,56,0.0,345.1526990128125,6.722492307692307,538.212646058328,10052.032732017899,403.8283249650001,3.8563500000000004,0.021577860000000008,658386.6591171168
8.950819672131148,237720.0,43,0.0,1039.5915610004556,10.279770967741936,113.98628226801601,3673.8997121073385,65.29040720000002,13.91013,0.03482286299999998,500834.73122711875
5.36,143546.0,8,0.0,541.9783756768013,7.82628717948718,266.45339746998,7617.742256442504,325.41122857500005,9.95286,0.023932305000000004,974482.2794236761
5.358108108108108,240426.0,12,0.0,1454.895542730488,15.423850000000002,390.73494875250003,7958.743100358908,138.81804172500003,6.579059999999999,0.014769443999999986,917368.2981833671
8.106382978723405,210720.0,8,0.0,792.8177285318559,6.7437,684.1986666831,13741.21265536744,54.475246579499995,5.519940000000002,0.026822609999999993,371230.174492307
6.395348837209302,259480.0,19,0.0036363636363636364,1136.1320301233773,11.618275862068968,642.468853590984,15457.700785423818,45.208927764,6.452160000000001,0.03691831199999999,331713.233579817
5.551724137931035,233626.0,30,0.006211180124223602,1099.0884824518043,10.314465000000002,695.4062670646741,13469.534047333998,84.61179079650002,16.5278,0.025383056999999983,493899.12945221545
5.82051282051282,177600.0,7,0.0,703.6554442148761,8.75745671641791,584.9392730780161,13203.503119514306,95.88269973600002,4.75467,0.025014660000000005,542300.3114584144
6.061224489795919,195280.0,3,0.0,546.0358850778507,7.764428571428572,544.58407965276,13158.64419586517,73.4558958315,8.66592,0.029633448000000003,605128.0116944257
5.0,226906.0,82,0.0,849.4264988529978,9.559999999999999,435.11302188698704,7670.518997041495,303.99327971000014,7.95477,0.018974234999999996,736607.7290417411
6.473684210526316,217400.0,9,0.0,1068.4955041267583,8.676625,541.747700791794,10053.995688623068,63.16219256400001,19.543600000000005,0.02568199499999999,452339.11022406654
5.895522388059701,258431.0,88,0.0,692.4354430379746,8.813267241379311,270.731082012763,2471.2942662072574,136.499170314,9.322140000000001,0.00613868099999999,1030159.2445522968
4.789473684210527,209786.0,6,0.003663003663003663,685.8241758241759,6.354894,401.951977945254,7587.585390398974,48.70222731000001,8.34612,0.02339785500000001,512474.92772157973
5.447058823529412,192098.0,9,0.0021598272138228943,868.8812095032398,12.46859,712.8671976547149,10416.201104091404,224.7051561600001,8.05293,0.022238234999999995,459803.52195757034
4.688524590163935,208373.0,5,0.0,1121.5525228183647,9.487573333333334,633.6779632185601,13180.422957232113,85.97157426000001,17.675000000000004,0.026650367999999997,530095.7029569675
6.878787878787879,172714.0,69,0.0,1035.0921453263431,10.520639285714287,433.338638117,5936.787060330921,77.13298560000001,7.82313,0.012308225999999999,739880.3785042496
6.163043478260869,176986.0,6,0.0,1314.204670701317,7.537208823529412,567.396322349493,8054.091402178951,74.91989836800002,5.64555,0.013089224999999986,595450.8435478823
4.845070422535211,252640.0,2,0.0,885.8042156500202,9.627513043478261,350.5829858135581,7801.399806976132,346.3204614500001,8.575980000000001,0.017202509999999994,886770.2202517476
5.64,177721.0,10,0.0,915.9177054859081,11.2779,399.87312756084003,6339.1890704524785,92.31075345600001,8.501460000000002,0.014160407999999987,873023.099587906
5.049295774647887,192720.0,9,0.001394700139470014,1277.7581464140494,12.874746153846154,531.5958679023,11928.694017152082,104.40699498000004,7.56294,0.016693181999999994,847861.6703733023
5.801724137931035,296986.0,8,0.0,1494.2964101293849,11.826790140845072,555.1086109407302,9953.679323893504,222.81576240000004,8.26524,0.026602422,502302.25191013975
4.845360824742268,228786.0,6,0.0,867.2169466764061,10.546622641509433,514.239817175413,8617.330043707394,69.127701951,6.5617800000000015,0.026684910000000003,422057.7036819057
3.676470588235294,196720.0,15,0.0,995.7791334171347,9.652272727272727,383.751249217245,4385.961711041,388.18133900000004,7.4405399999999995,0.009786842999999996,837139.9136606961
5.764150943396227,215733.0,8,0.0,1114.7754901960784,13.7946649122807,530.937991659672,9376.566109465408,79.15759987950003,6.589950000000001,0.017935050000000004,645626.7790762387
5.204545454545454,200306.0,6,0.017467248908296942,1258.7231149882666,9.335203174603175,535.576130779396,12005.27580079951,77.496136977,19.6717,0.022090886999999997,606368.4795186272
5.083333333333333,237720.0,43,0.0,727.072823296248,7.011755319148937,335.259175239505,4450.105150976097,95.659027023,6.572160000000001,0.016319753999999985,591401.7954519633
3.772277227722772,164066.0,3,0.0,844.5868626497754,5.928108791208791,820.833175382505,16087.362980828722,100.80740753400002,3.8541600000000003,0.016294424999999998,670862.1399164756
5.493670886075949,159466.0,3,0.0,727.3711367911852,8.441633846153847,572.99412516816,11274.028517802957,60.97537948500001,21.0732,0.023011640999999992,503976.271422784
5.557692307692308,199373.0,2,0.0,510.1950257576341,4.869039436619718,473.36072622364196,9788.547146102996,262.6477111600001,6.50574,0.02200179599999999,649509.565542578
4.271739130434782,189406.0,47,0.0,778.4086671705718,8.468792727272728,322.66601995335196,5489.6692299485085,80.54445787350002,8.97708,0.01818461999999998,697979.455088688
9.078125,151652.0,49,0.0034423407917383822,1250.2680777621454,10.862136764705884,849.3582501497581,17265.437196915238,87.495082794,3.7748100000000004,0.040691948999999984,298081.00272910605
11.325,169218.0,53,0.0,749.7973565010767,8.435409090909092,444.15243486812,7345.749645439389,79.25866102800002,8.60388,0.02354325599999998,549069.173692463
6.046875,136730.0,35,0.0,714.9086866706349,11.732418367346938,767.86153308238,10016.487653542565,70.850540631,7.751670000000001,0.011991497999999995,593001.9960629122
9.538461538461538,199221.0,15,0.006720430107526882,1552.3545706371192,9.335321212121212,605.816239863016,11278.45515069504,227.26181660000006,5.168340000000001,0.023921303999999997,465757.96534775017
6.304878048780488,155857.0,14,0.009671179883945842,873.3737215936658,12.301617307692307,664.2736788512719,10342.626868002151,43.91484825600001,7.411950000000001,0.030785346,287956.7256728794
6.026666666666666,178593.0,15,0.004424778761061947,904.1985022189348,8.597193220338983,387.58331365047195,5247.24209450286,96.58094397300002,8.62545,0.017423424000000003,731971.5922112275
5.158536585365853,144221.0,33,0.0,665.5696759987418,9.256901785714286,403.107836050125,7218.539901930685,109.97826382500003,7.90035,0.020838806999999997,670720.038187522
9.241379310344827,138500.0,31,0.016791044776119403,1093.2242131150929,12.818057142857143,557.2075391113681,10255.357766957313,113.50001594700001,8.138760000000001,0.011448683999999997,866450.1799191479
8.24074074074074,137875.0,16,0.006741573033707865,702.4543959156122,8.681031746031746,682.5737759995001,15639.92662478411,52.29673023750001,4.9091700000000005,0.03053159999999998,388947.32315490517
5.223684210526316,143377.0,21,0.017632241813602016,715.0863134890585,7.409241538461538,782.8964560197201,9965.37122334463,35.61985423500002,6.83238,0.028338374999999992,232080.41198833226
11.095238095238097,135512.0,24,0.012875536480686695,1079.967161923112,12.15073818181818,860.9760202282649,13216.346084288161,67.64135064300002,8.80404,0.017034984,629955.1875150582
5.311475409836065,192625.0,13,0.0,745.2266252739227,7.211223529411765,614.0199813091841,10582.339784791679,92.80495017600002,4.691700000000001,0.02699833499999999,496040.7382356539
7.054054054054054,161841.0,16,0.005747126436781609,739.8995783360687,11.113675471698112,479.82348828960005,4530.871575716598,199.70333935500003,6.632730000000001,0.014105879999999996,473094.74784758536
9.211538461538462,180041.0,16,0.006263048016701462,1264.060262044271,8.512514285714287,752.84513568656,13783.457753536237,66.6885341745,4.003680000000001,0.028730879999999986,365084.38893980946
6.59375,158715.0,7,0.014218009478672985,813.8674775510206,9.092644827586208,506.439476947616,9496.60325178893,69.44167774200002,9.2721,0.02418468,642088.2072775612
8.763440860215054,227093.0,45,0.00245398773006135,1615.7279708758501,12.960589743589741,858.8723184266398,14467.561313165694,61.81302678750002,19.4219,0.025262400000000008,460603.28718091274
5.644230769230769,192000.0,46,0.005110732538330494,1076.8443282653611,14.05662586206897,556.514339106874,6534.05820989769,84.353093496,10.48137,0.015181920000000002,696382.6226721316
6.028985507246377,172200.0,65,0.007211538461538462,763.5249688277154,9.160156862745097,292.10047597904,2912.689383812162,216.15002782000005,8.04534,0.007915806,834171.8996738218
5.681481481481481,206510.0,58,0.0,1562.143147835208,12.482177922077923,307.03952496520503,6859.711739766529,52.013755905000004,11.66778,0.02637213599999999,658357.6239694761
6.690140845070423,222880.0,43,0.002105263157894737,774.1473002659266,7.710833333333333,196.3620526461,3543.1699509865075,93.89732786100001,12.425849999999999,0.014191739999999991,1158667.6610372292
6.654761904761905,194526.0,43,0.01073345259391771,1117.815912385894,11.273166666666667,613.56008620368,10645.700567698557,84.624162462,6.16548,0.020997911999999994,586176.525229025
7.608695652173913,164409.0,47,0.011428571428571429,1558.4556521739132,12.820833333333335,725.7832329272201,8106.769339941889,89.5976473575,8.987400000000001,0.008291159999999999,793541.2077876212
8.976744186046512,112868.0,44,0.0051813471502590676,768.6534264907514,11.363504347826089,701.89881011514,10814.916604258653,52.6549411575,8.11899,0.024074537999999996,376403.212198388
6.433333333333334,242264.0,40,0.0,1423.6372282608695,10.387506382978723,609.1011408533759,12019.896369236898,58.686374484,8.23605,0.03260217599999999,406509.3690093167
8.213333333333333,199000.0,48,0.003246753246753247,1382.2308858566166,11.730522222222222,232.425789246182,5709.898275026403,202.07566150800002,10.823940000000002,0.011124324000000001,1446043.7843558954
8.269662921348315,198181.0,38,0.002717391304347826,1330.660039572616,10.080256,544.882125527808,9104.176420824826,107.76195406500003,9.99393,0.020237471999999996,411319.35016888304
4.675,188493.0,37,0.0,1238.0072004227775,10.40468,558.5932881132501,8491.963963486274,90.40734297000002,9.825990000000001,0.014171441999999998,909558.7021586314
5.616438356164384,213542.0,66,0.0,844.2666332748977,9.399468085106383,360.4568470503,6931.418731898659,274.54754088000004,7.492710000000001,0.02527072499999999,579775.3509444244
6.550724637681159,170742.0,47,0.015486725663716814,976.1447983960794,13.646783999999998,595.263746119608,8204.726839101933,109.308329595,9.4116,0.009518015999999994,950726.6054130386
6.014285714285714,151000.0,45,0.0,786.6306062499999,10.376458490566039,245.64398700513,4898.152844713437,156.96477771,11.447519999999999,0.01263690899999999,1335971.848931034
6.714285714285714,178000.0,46,0.006382978723404255,1004.4324499729582,8.594779411764707,313.57367065908,6727.3831493486505,59.154158407500006,13.65576,0.03156656999999999,871275.2522920812
9.266666666666667,188680.0,35,0.0017985611510791368,1117.5681756690522,10.843985714285715,461.490406233369,5739.867415570703,165.875012805,11.31891,0.005287106999999997,1070354.053294605
5.0,177368.0,38,0.002777777777777778,799.6615322930937,6.96103448275862,206.30072835288,6527.440162778278,82.05341288400001,12.608130000000001,0.030300687000000003,1061907.6086684496
6.349056603773585,217000.0,47,0.0014858841010401188,1290.4920847966557,12.531441891891893,544.65532018758,7828.020470992561,92.39332447350002,8.14494,0.013357155,765426.177939956
5.725,134726.0,37,0.002183406113537118,996.4757385741942,12.958757692307694,712.553269266726,8366.085009065162,73.428576912,9.175500000000001,0.012969234000000001,592030.8159745955
7.565656565656566,203200.0,34,0.0026702269692923898,1692.2436401355228,13.894841666666666,801.4553147160959,10094.567199164576,279.49237200000005,7.5905700000000005,0.009484137,616216.1998458233
6.103092783505154,186184.0,32,0.008445945945945946,1084.9288472145613,11.372236619718308,547.296185424906,9750.462543103838,76.17017925000002,12.17301,0.03037608,621009.7271988061
6.097560975609756,219000.0,38,0.002,1146.5367211973548,8.616417910447762,216.76470874531202,7930.0681756633385,67.604193756,10.492320000000001,0.028368731999999983,842287.076445966
7.457142857142857,190153.0,37,0.0038314176245210726,993.0830224917064,10.340537837837838,348.268193125335,7412.253000122878,91.87696539000001,11.085300000000002,0.013067729999999994,1000943.1479261145
8.219780219780219,220299.0,46,0.0066844919786096255,1742.6447622330356,11.05109677419355,865.1789148789002,14623.051442249598,60.816313260000015,7.072260000000001,0.022285403999999988,459223.51573411835
4.990476190476191,195918.0,33,0.0,1025.644969925309,11.815326666666666,329.718065239296,4158.461630568557,96.682422528,11.64141,0.010264875000000001,1129188.9299768403
5.107843137254902,251000.0,35,0.005758157389635317,1040.3761028047936,8.551166233766233,260.42495369814003,3504.8544837611494,77.23159653000002,11.733060000000002,0.011986253999999986,982562.5204487802
7.75,199805.0,35,0.0050933786078098476,1062.2510797781388,11.5637265625,267.64046123808,6154.793101129424,66.127853232,11.511719999999999,0.021284703000000002,842192.7270743359
5.5049504950495045,182562.0,57,0.0,1089.72664,10.362550724637682,505.25792363312,5275.711184076842,90.49639063200003,9.32364,0.013360752,735168.8274507915
10.03076923076923,153133.0,38,0.004601226993865031,1231.1785448570897,14.648967741935483,532.9604014837199,9143.459827845587,249.35478831000006,8.32215,0.013848299999999997,780927.4653713157
5.817204301075269,189569.0,30,0.005545286506469501,1154.964023323615,8.915943902439023,371.61921413443196,7384.025182031743,377.57198336000005,10.396680000000002,0.016067610000000003,1011213.77954686
9.151515151515152,156000.0,32,0.0,703.9982898244555,6.916311864406779,250.891623342,3562.000378138398,125.39831535,11.89002,0.009333791999999992,1270244.7166531608
5.903614457831325,160799.0,33,0.01020408163265306,962.9160932784123,10.602967741935483,489.76193064614404,5356.07291330087,88.19340433200001,10.378860000000001,0.011967503999999995,874295.300104999
5.441558441558442,174103.0,52,0.0,771.8112228796844,8.465895,534.379216437324,8882.255453224268,252.63663741000008,6.807900000000001,0.019087058999999993,646384.0099795765
8.012658227848101,168742.0,41,0.014218009478672985,1326.037681632653,14.238604615384613,817.3414317816299,12212.965125236571,90.8462386485,6.893160000000001,0.013049421000000004,711778.6084687505
5.218181818181818,175384.0,42,0.006968641114982578,1292.981353462707,11.2791,488.27783977190404,6932.556049761341,297.02921430000004,6.475770000000001,0.013688399999999993,729530.772782055
6.052631578947368,203586.0,39,0.0017391304347826088,1011.0879320892656,11.969274193548387,527.7055426262999,11744.265897659063,344.931054,7.5735600000000005,0.021824615999999995,790643.1743650992
6.43859649122807,183272.0,32,0.010899182561307902,1412.7497169891922,12.649266666666668,550.39152509055,6308.547205327677,88.99468196400001,8.4234,0.01437038399999999,621651.816183494
6.72289156626506,173877.0,41,0.0035842293906810036,1066.2296979283205,13.858957894736841,550.3460632351109,7112.022657276622,93.951938244,8.61786,0.010940642999999995,834735.2931425715
7.295774647887324,176715.0,36,0.003861003861003861,1020.9265269541006,11.674531147540982,834.06659658588,13083.955907060332,65.30664645450001,7.056330000000001,0.018164483999999998,556392.9523083381
5.963855421686747,177081.0,43,0.00202020202020202,859.7882453762754,12.7689375,459.705476710332,8319.142367737226,278.15034576000005,8.34645,0.01868832,777849.866306774
6.726027397260274,154800.0,33,0.010183299389002037,936.6825499807766,14.796061818181819,662.91201429224,12117.881209312558,68.152031832,11.565480000000003,0.009005009999999999,716804.905094022
6.911111111111111,175594.0,37,0.0,701.412482470471,7.412387234042554,467.27012514024005,10394.809247405405,77.953008825,7.1688,0.02649606,663624.077808333
6.711111111111111,109466.0,41,0.006622516556291391,600.6448496558387,10.628851282051283,664.059413806668,10845.212918861953,66.6228920595,8.250900000000001,0.021309335999999995,499764.7228409377
6.783783783783784,208909.0,61,0.0,1017.4333736430754,9.282504477611939,400.6523052584911,10687.798545240961,103.52221449900001,7.8885000000000005,0.025714095000000003,746749.6823974875
6.482142857142857,174000.0,54,0.0027548209366391185,1429.4106132931063,16.714557894736842,334.052275535748,5152.313115213743,41.4461226465,12.457049999999999,0.018165527999999986,692728.2349102942
8.73469387755102,206341.0,43,0.004672897196261682,915.3169239671813,12.004924444444447,274.871493030084,4741.883444994694,76.8053373525,11.74548,0.01730714399999999,879533.0221280965
6.717391304347826,174000.0,54,0.0,602.1432214652602,8.463873529411766,89.81537177250101,1333.9414092162592,94.19784949500001,11.779530000000001,0.00818218799999999,1126356.6572632594
8.0,202551.0,8,0.010416666666666666,180.0,7.032,93.72391248213002,3517.2064765615673,34.52174532,14.19678,0.03194779499999998,929940.318025937
6.192771084337349,209258.0,44,0.0038910505836575876,1016.8066970500179,10.039552542372881,445.4421578586001,6663.281894799297,95.26495335,7.2702300000000015,0.017179919999999987,739278.2440768807
6.053333333333334,165253.0,37,0.0,980.4660429823734,10.322075471698113,487.9989255834,6593.860194362069,101.69393065050002,7.81038,0.01688631,723541.1567754172
9.212121212121213,172631.0,31,0.006578947368421052,1338.0883534136544,9.884232911392406,533.5444614783601,10304.136865986779,96.13388229000002,8.135670000000001,0.01937359799999999,828796.2631595468
7.839506172839506,183093.0,36,0.009448818897637795,1330.799406501234,10.453584415584416,890.1733181636,13479.588294009654,121.51655928000007,5.96571,0.030264659999999995,756084.4391258649
7.769230769230769,146933.0,44,0.0039603960396039604,1087.2363694201142,13.069018867924528,694.0721473337519,7473.575362149139,65.31184677600002,8.23692,0.014700756000000004,512165.62600111036
6.219178082191781,168760.0,34,0.0,880.6957922005181,8.659340624999999,456.17030278208995,5795.919362517835,99.21506613750002,8.47356,0.014973569999999995,773934.6844213246
7.023255813953488,199093.0,29,0.0016556291390728477,1385.1594002306808,12.616993749999999,825.583147596984,12029.92818267187,113.56111847500006,6.173520000000001,0.018460124999999994,328269.32271868305
8.961538461538462,117637.0,50,0.004291845493562232,988.5227105876344,12.2325,565.9526268396,12089.92577721305,90.357663687,8.34609,0.022633673999999993,662238.4960749777
6.166666666666667,184240.0,25,0.0,1364.8394240000002,12.959514285714285,640.7875685161599,13738.695983593518,80.73354988800001,21.238400000000006,0.028396574999999997,561019.3281435282
7.578947368421052,152560.0,27,0.001736111111111111,1253.0043283525915,9.5656,343.418500054685,3002.5215597977817,116.23872031500002,7.453950000000002,0.0074538149999999965,892139.8734884169
6.168674698795181,149513.0,48,0.0,1016.1348112612045,10.891093333333334,888.8371225734319,11434.071364284055,64.91414263350002,5.11542,0.01984841099999999,430258.2574140322
6.053333333333334,220053.0,26,0.00881057268722467,830.9559382949426,10.161588235294118,387.48025563624003,5798.687843092418,103.13871404400003,7.403099999999999,0.015591252000000002,794520.1370823665
6.057692307692308,217086.0,32,0.007936507936507936,1400.2151669833133,11.5911,655.6360544199899,12961.805828730257,109.09427483250002,7.249050000000001,0.025725135,655222.2771789265
6.8,190570.0,20,0.0058823529411764705,1318.6296582228033,11.472898876404495,523.58938454992,7726.259856725171,103.02325844100001,9.23013,0.011015135999999995,782302.1138659246
5.86,221797.0,18,0.0,919.2107789709614,8.669226829268293,664.4903139506241,9954.837792785898,241.16522104,5.96316,0.024065819999999998,450564.15040251554
7.872727272727273,276741.0,0,0.013856812933025405,727.5720402960322,15.61242564102564,503.63421290811,7523.978780809945,96.92112984,8.448030000000001,0.012449574000000001,804309.1211034748
5.122448979591836,226709.0,5,0.01195219123505976,551.0118343195265,4.395380327868853,390.14280848289604,6656.060827007341,87.58966921500003,5.9360100000000005,0.025533191999999993,475685.08233783185
4.73404255319149,153305.0,4,0.0,740.3872608961481,6.862621621621622,695.00960127,13508.237120399892,53.21607000000001,19.047900000000006,0.028904099999999995,435170.2668825038
6.547169811320755,187120.0,9,0.002881844380403458,604.2302595155709,8.961997916666666,793.480634667644,14363.59349727221,31.557453195000015,6.756720000000001,0.03146813099999998,254266.46968582665
4.176470588235294,209064.0,8,0.0,435.2112676056338,4.861493478260869,473.9573880018001,10181.98923825471,91.89219348000002,12.7984,0.030330930000000002,484804.6682366794
6.533333333333333,188955.0,30,0.0,404.48086483986594,7.5727866666666666,358.13665480200007,6266.632794732542,231.03134,7.40259,0.021689142,519126.5400990862
4.621621621621622,209006.0,4,0.0,378.87446366782,5.1281,512.8124642949599,7563.149937232022,98.18659858500001,4.50471,0.02568991200000001,440233.4010255693
6.1506849315068495,232666.0,67,0.011135857461024499,1112.3885382493831,9.447579310344826,210.92809213900796,1825.5053309712189,81.40614499200001,11.42481,0.007938420000000007,860330.3241169512
5.530120481927711,224000.0,38,0.004357298474945534,871.3194373415304,10.394008163265305,299.14745358425597,3581.7464228446797,54.9195484155,9.21732,0.018489599999999995,454664.9745813712
4.41747572815534,214306.0,12,0.0,990.7171698725754,7.9014,432.83818216520405,6345.282837842656,93.99319226400002,6.641010000000001,0.013022999999999991,818385.8992014135
6.0583941605839415,291840.0,29,0.018072289156626505,1810.9849032423426,11.410770833333334,350.139682918372,7938.238815284161,53.82890946450001,10.07244,0.017071361999999996,820951.048338797
5.326315789473684,219466.0,23,0.0,1025.4954155575274,12.394080769230769,476.419279518912,6957.294708363385,97.02210963600001,7.299300000000001,0.019354418999999998,547776.7622752863
4.98876404494382,205360.0,39,0.0,797.7454120310196,7.115612307692309,282.57741562545004,3916.1953601971236,76.41388023750002,20.531100000000002,0.012464712000000005,683160.7344291926
5.971153846153846,224920.0,23,0.001610305958132045,1149.0090216013614,10.8838875,288.19915604953,5120.186924536198,163.57737016500005,11.346540000000001,0.017971874999999988,711705.6071877752
5.3478260869565215,207853.0,5,0.008130081300813009,891.9881367673105,10.976689655172414,390.95744795424,7417.335019949667,85.3152362145,10.79526,0.019140299999999992,905815.039352985
5.381578947368421,228333.0,17,0.0,742.1809290953545,7.376808620689656,214.966740610809,4049.4012866995276,371.2557872400001,7.290720000000001,0.012144908999999982,965766.4304158477
5.444444444444445,213800.0,15,0.0,650.8862973760932,7.333054166666666,211.965326444872,2260.1712869504086,192.42332629000003,10.55475,0.015256451999999983,542975.7513735364
5.254901960784314,209440.0,18,0.0,576.4748707213048,6.858185365853657,330.42354247279997,10152.640352318987,126.01609671000001,17.037300000000002,0.030873636000000006,662529.747734884
6.259740259740259,136762.0,10,0.004149377593360996,973.1592223161452,11.849166666666667,981.1302312712501,15684.893777061598,37.10085743700001,8.22432,0.021540335999999993,285282.2792421202
6.412280701754386,219720.0,8,0.004103967168262654,1472.511589277399,12.817841333333332,666.0863667039999,9762.400848005707,75.76735056000003,15.364200000000004,0.01676591399999999,509034.9835869492
5.53125,224000.0,38,0.005649717514124294,643.3946146029901,9.374257142857143,94.26697879384801,2943.183213975724,68.26615579000001,14.16876,0.030821795999999985,602650.9684956509
5.940298507462686,259532.0,7,0.0,650.2792719084257,10.171995555555556,589.934176311165,6531.236231218082,170.87157261000002,5.52264,0.015617831999999998,440475.21026542643
4.9523809523809526,216613.0,23,0.0,912.0144230769231,6.84928,247.646252357196,3041.142598935397,104.59714067550003,6.45225,0.008147249999999995,934276.5396239917
5.27710843373494,205640.0,13,0.0,1023.6927273854549,7.670561904761905,368.232625613754,12207.46068533112,92.54007280800002,5.49594,0.033898454999999994,602467.1700044806
6.85,293013.0,13,0.0,778.2696,11.114489361702127,350.47019361398,7829.913567851229,106.1596494405,9.6957,0.02353729799999999,744157.761358669
5.3619047619047615,262533.0,10,0.0,1126.8270657870032,11.86959310344828,242.19315096124802,3739.8581458359026,53.10084547200001,10.80297,0.01267237199999999,818555.081407051
7.772727272727272,234680.0,18,0.0,743.0911242603552,8.143486363636363,372.6043713731981,6663.132477190938,65.37531832050001,7.220850000000001,0.023722658999999997,539502.2980329128
5.732142857142857,220066.0,16,0.0,1458.8006055363326,9.049142857142858,697.17299992032,15684.258827970394,44.619831135,5.861070000000001,0.03755791199999999,313412.8373409055
5.723404255319149,233053.0,5,0.0,1017.6787442662963,9.879558730158731,187.870495918658,4703.843269338837,100.66624189800001,10.360080000000002,0.013999499999999986,1220135.2831176836
6.534246575342466,207160.0,12,0.0041928721174004195,1071.3230609418283,10.57827,173.78113986115602,5496.76437577787,13.7760778155,13.337250000000001,0.03063862799999999,368946.5232526739
4.912621359223301,217322.0,20,0.0,945.0376929404363,5.717278350515464,438.69780485696003,7050.283731144859,85.63013155950001,13.098000000000006,0.01831204799999998,564408.1626695717
4.809523809523809,256613.0,5,0.0039603960396039604,1014.9221608515257,11.847105769230769,582.718997025594,9679.76062886298,50.132344392000014,6.658080000000001,0.027920699999999986,340480.61129444424
7.065573770491803,184000.0,5,0.0,759.9846475614098,8.484542857142857,445.109606727786,8067.717451339499,99.46944348000002,6.177989999999999,0.016991771999999992,724193.5426644768
4.707070707070707,183066.0,12,0.0,1025.2601485953844,7.681461764705882,293.103631831175,3393.092921376692,74.98792575000002,9.31131,0.012991815000000004,712740.2153631861
5.869565217391305,163426.0,9,0.003703703703703704,544.67424,10.629692307692308,277.21668229463995,1317.7316281812502,77.0600786175,4.2566999999999995,0.004185444000000001,605104.9590317118
7.4411764705882355,255786.0,7,0.0,480.39525691699606,7.693571875,164.48052970863498,2282.562940089119,47.91647408100002,10.860300000000002,0.019267697999999986,483959.2456586019
4.701754385964913,216393.0,34,0.0,449.2568558964215,6.187948936170212,422.891075318964,11227.7051131908,65.47276884600001,7.282440000000001,0.040977576,437224.72611968115
6.022222222222222,203826.0,6,0.0036900369003690036,499.0263429752068,9.052197058823529,296.37055501466904,4366.768719200399,35.858417103,8.15199,0.012647039999999991,584247.3808853923
6.213333333333333,195053.0,4,0.006437768240343348,852.9594172736732,14.09852608695652,490.12634376896403,9190.030487600872,55.54281604500001,9.897,0.020247756,560313.9955735046
4.926315789473684,209266.0,4,0.00641025641025641,864.1666666666666,11.370728571428572,248.19020566695602,4038.5533692304066,74.8206861975,13.06233,0.011335193999999993,1318835.1869525132
4.854368932038835,262173.0,5,0.004,1054.837488507923,13.47596153846154,636.69421671835,13749.000704866785,198.26974035500004,7.82352,0.019696077000000003,593975.2578598781
7.158536585365853,240000.0,6,0.0,1231.21543404939,11.2786546875,706.8630219359851,10615.411494743888,25.555908849000005,6.246420000000001,0.027020894999999993,203228.96459115946
4.794871794871795,169706.0,8,0.0106951871657754,782.166866557253,12.726344680851064,805.810154440824,12979.959166293605,110.85982564800001,8.16474,0.009072150000000005,812092.8473487406
5.75,117760.0,7,0.0,469.38791151967814,10.736492000000002,68.72467502845501,1973.9984292293673,29.287223505,13.758750000000001,0.024722018999999994,720913.4899044272
6.2109375,294160.0,7,0.0,1566.410984848485,10.899695876288659,985.7234449731242,15558.25427763499,72.363110301,6.6189300000000015,0.02642075999999999,431760.1633278308
5.320754716981132,230853.0,3,0.0,1036.459219858156,9.742672727272726,213.05398613791496,5087.62117143194,63.62736825000001,11.88015,0.020904884999999988,976794.8237298403
5.182926829268292,220093.0,3,0.0,811.9200000000001,10.288935185185185,185.87157998485,3204.2366586984617,29.6192882775,14.24475,0.016761111000000006,867177.4093630624
5.542857142857143,192774.0,8,0.002577319587628866,691.0438144329896,8.150425,106.07303075610601,3301.223890514974,53.78977208250001,13.26507,0.02346508499999998,1036125.5232639008
6.875,246746.0,9,0.0,504.9749587085086,6.217291666666666,265.292715333,7525.235694167278,87.66188550000001,6.5434800000000015,0.025999271999999997,621783.5894591606
5.646464646464646,193899.0,12,0.0,909.6001724633514,8.022920454545455,575.32140954276,13593.574833953253,74.39223049200001,21.758300000000006,0.024391260000000005,639775.6459342804
6.568181818181818,211066.0,10,0.0,536.5328719723184,6.542708695652174,323.54271123180007,9475.43199615194,97.392212865,6.906390000000001,0.03447233999999998,602037.7668890923
5.785714285714286,193506.0,5,0.0,645.1821585098612,6.798884210526316,657.61402867038,10390.749109942468,41.74300119600001,4.2969599999999994,0.024428589,298335.4182280418
4.63448275862069,253680.0,8,0.001488095238095238,1492.3542883038356,11.375280000000002,543.407418684612,9316.191436439402,365.88920324500003,8.62149,0.017841305999999994,782925.5739580675
6.285714285714286,198586.0,13,0.0,717.6814058956917,12.3255,427.834202652045,5880.1666020948815,92.90424696,5.831550000000001,0.01394972999999999,746414.0372261963
7.535714285714286,188973.0,3,0.004739336492890996,863.3394044376081,8.189144444444445,283.95425515149003,5158.294915918484,24.93005671800001,9.71034,0.021611175000000003,427186.8129507718
4.542857142857143,217363.0,2,0.009433962264150943,553.0003373250125,5.5046735294117655,388.15787247952,9768.352817917052,15.532792602000002,10.690770000000002,0.04031586299999999,226038.74919025795
4.62992125984252,208786.0,7,0.0017006802721088435,1262.3571428571427,10.45212,425.4326951092,8781.172692363154,143.9409084,6.68979,0.020447217000000004,757424.1124657638
5.891304347826087,210960.0,7,0.0,635.1298126951092,6.023269565217391,338.9821407648,7323.684278417387,106.40557305000003,5.824680000000002,0.027120359999999996,574612.6126715661
5.523076923076923,159973.0,20,0.002785515320334262,672.2078738379314,7.330248148148148,472.67882237483605,15495.969986366023,90.73160710950002,14.487100000000005,0.035634617999999986,591809.0954760829
7.267857142857143,155853.0,13,0.0,920.1108540298029,6.802293975903614,719.08173017208,11778.013527668933,179.72973513000008,6.878010000000001,0.020388503999999995,406290.2292207505
7.566666666666666,210160.0,13,0.0,387.13673609807967,7.1426968749999995,265.61392294808996,2973.8904530190225,351.94067910000007,5.76588,0.01058399999999999,693089.4474549722
5.469387755102041,204026.0,6,0.0,1065.3158218544731,7.679358024691359,447.58835045199004,9076.66058804736,351.90312840000007,3.7192200000000013,0.018256319999999993,709394.168266298
7.534883720930233,166881.0,13,0.0,545.625,7.528320000000001,469.55669366568804,7395.317280953554,196.25661175,6.0264,0.021722687999999997,500233.83498005616
6.291139240506329,237791.0,2,0.0,950.7177177177175,13.249371739130433,464.62002257724,5363.119521665173,74.78492293800002,6.91053,0.014282033999999999,561465.6351197357
5.444444444444445,193899.0,12,0.0,877.0563380281689,9.58812676056338,575.32140954276,13593.574833953253,74.39223049200001,21.758300000000006,0.024391260000000005,639775.6459342804
5.280898876404494,180440.0,4,0.0,1026.7934766041762,10.8664,922.0131514036083,12838.541486192129,43.554046050000004,2.8677000000000015,0.025313975999999995,231154.60282291452
6.688524590163935,257253.0,25,0.0,705.4844494833673,7.481088,121.635654980832,2842.7130365626244,42.38094137850001,11.751600000000002,0.02087810399999998,720768.3692558008
5.39240506329114,243013.0,2,0.002347417840375587,743.2112676056338,10.70112,271.47592311784,4378.820296413026,76.122059721,12.231630000000001,0.014795232000000002,1075167.1575353115
5.314814814814815,160146.0,4,0.0,579.2626549586777,11.532085185185185,176.830213499938,4979.114103595848,72.58842748800001,11.26209,0.02439260999999998,848645.3585443504
5.589743589743589,192413.0,4,0.0,450.64988490383905,5.579165000000001,546.909369896254,7903.957403905046,171.98380616000006,2.8494300000000004,0.01962972899999999,402100.8580374354
5.222222222222222,292826.0,4,0.002127659574468085,785.4726723825625,6.9022048192771095,244.86583512480004,6143.377078149943,102.87391815000001,8.532,0.013173194999999985,1151835.7516459487
5.43859649122807,214386.0,5,0.0,697.6610110803325,6.4273333333333325,355.91196065392796,6585.141322924412,107.412362064,6.094050000000001,0.016174955999999997,819007.2766462482
5.666666666666667,217693.0,9,0.0,498.68179956915736,4.3364406779661016,419.8977500865,7053.156367370401,102.92462374950001,6.95826,0.019143234,782260.7161999245
4.572916666666667,181773.0,5,0.002277904328018223,974.2480689418513,8.800024561403509,540.474897757448,7840.930234489972,65.28842358000001,4.0956,0.017911464000000002,492406.77338590653
5.859154929577465,190440.0,3,0.002403846153846154,805.6229999999999,10.824914285714286,809.25921884544,11121.756289064764,65.07983500500002,7.61172,0.014061239999999997,548841.409156093
3.754385964912281,184640.0,8,0.0,573.4778325123152,4.31456923076923,232.697838326856,6650.416945537036,114.86461833000001,7.06143,0.0182397,993712.6908903987
6.0638297872340425,194000.0,8,0.0017543859649122807,1174.4842236963857,11.178246575342467,768.4093816559999,11601.656800748946,74.58235274700002,3.8767499999999995,0.012168312,576902.9823658083
6.10091743119266,217000.0,6,0.0,1232.4444051609019,8.135765765765766,647.2582755093001,11768.376484696415,90.13529538,6.88731,0.017674199999999998,709543.1469014174
6.854166666666667,226906.0,82,0.0,699.7859347359705,10.882158823529409,110.48636885761198,4277.28631221686,32.79980732400001,13.68111,0.03594816599999998,683893.7626709309
5.8108108108108105,232227.0,2,0.0,998.7819425411564,6.435472972972972,512.685869744125,9021.475887483966,59.69174765400001,4.024350000000001,0.026438780999999995,373288.86162751506
5.080459770114943,180863.0,76,0.0,803.61960759784,12.732421276595746,229.790628190962,4577.220371593519,67.876134084,12.971820000000001,0.016016579999999992,1007036.6591075183
5.224137931034483,165813.0,4,0.0,569.719280345543,5.1969234375,278.54095864239,8023.750754641014,108.70886977200001,8.06295,0.031456004999999995,640060.74424
6.15625,110314.0,2,0.0,412.47636072037153,9.915403999999999,416.33744174276796,9435.255118597424,254.59103702500005,8.285730000000001,0.023867171999999996,641972.510696595
4.559523809523809,120266.0,1,0.0,660.4423072686011,9.723510204081633,464.5944685660801,4521.475387612623,96.29898336900001,5.58912,0.010121856000000004,650745.7013112081
4.652173913043479,198600.0,12,0.0,443.3271028037383,6.255866037735848,274.153992496164,4534.890418665288,117.59807195700002,5.49921,0.014346659999999992,746043.2913883043
5.569620253164557,190546.0,3,0.0022727272727272726,853.9382482671708,10.5624,623.9262748666321,7778.265805391324,69.520051134,5.4147,0.013739418000000002,529918.1230754465
5.907407407407407,171933.0,6,0.0,649.807168392505,6.057961904761904,441.0417943767599,7633.852375715894,71.34880716000002,6.562230000000001,0.02090009999999999,532875.7350572624
6.042553191489362,242906.0,1,0.0,1100.9089640441437,10.519359999999999,696.5167917008,12076.628655510363,52.41099585000001,6.931560000000001,0.026936820000000004,367175.2939350414
8.568627450980392,224000.0,38,0.0,621.4292063331733,16.44919411764706,720.8771909430241,13974.654859084803,26.998925376000013,5.0325000000000015,0.027664896,221651.75908112453
6.648648648648648,199973.0,26,0.0,535.0407878652226,4.161695238095239,467.08209440040014,12713.981706187276,315.78732712500005,3.20703,0.03191268,544784.677503026
5.375,196680.0,5,0.0,583.5916220531604,10.379796874999998,617.0433154876,12619.627698561477,66.76600281750001,2.8663200000000004,0.027898541999999988,435344.70006250916
6.40625,232680.0,11,0.0,1034.029780392751,8.283393203883495,721.628816907968,7322.870001144852,89.44522322400002,7.7868,0.013935032999999996,561297.770147144
5.552631578947368,216826.0,8,0.0,872.4893579780158,6.941575384615384,449.18651781036,9554.191619132158,273.7735814,5.035260000000002,0.02597666399999999,569064.0546350688
6.660714285714286,177474.0,2,0.0,635.0741868290337,16.854074074074077,186.0622259006,7394.011757739849,44.840395716,11.410470000000002,0.029294399999999988,724945.1649547698
5.43859649122807,148786.0,3,0.0,647.5785119218615,9.088166666666666,137.86535265169198,1880.4814397551283,20.9434100265,12.31431,0.014543519999999999,495315.869007471
6.383333333333334,239720.0,7,0.0,732.6652077562327,6.87988947368421,272.563122725208,3909.36681733026,91.226035026,6.695730000000002,0.011233889999999993,872600.1260461275
6.054545454545455,169742.0,1,0.0,673.4076727307003,14.56637142857143,957.962574608304,15060.850392451504,69.922702818,3.419490000000002,0.030963455999999997,320576.5428244888
6.2368421052631575,215960.0,13,0.0,806.7718176901518,6.3308625,447.30639386317495,13563.630824308222,113.292900315,3.106560000000001,0.031445987999999994,636979.0180735625
4.315217391304348,223280.0,16,0.0,637.1788413098236,6.7767269841269835,346.339941694936,5749.595769678391,98.22989297100001,4.8437100000000015,0.014818589999999996,730487.5550565016
6.47887323943662,209400.0,5,0.0,714.9573497321961,10.681583333333334,377.48291243114403,12084.066379104052,115.3385745525,4.22838,0.025676046,779416.2590127209
5.049180327868853,229000.0,8,0.003246753246753247,674.8074666666666,6.3579185185185185,441.90509823687506,7515.853002516385,240.31766850000005,7.369380000000001,0.027323939999999998,471375.96357516036
6.15625,296293.0,3,0.0,939.8963889012268,6.280922857142857,543.1334659683539,11443.898489038853,69.42115127250003,4.881780000000001,0.02743854000000001,504910.6928212613
4.922077922077922,205966.0,3,0.0079155672823219,846.7372870798696,10.795669230769228,331.42795016709,10808.501023086166,116.53182340050002,5.12391,0.022781054999999995,897935.573437493
7.575757575757576,167560.0,17,0.0,528.8498263888889,5.7935,427.8078585724,8642.844122677923,73.28638361250002,21.342800000000004,0.024563448,536250.5594301352
5.097222222222222,205693.0,3,0.0,673.7820408163263,5.27883625,612.585873114184,14546.250070062175,81.60094360800002,2.6993100000000005,0.02730575399999999,534309.8932096837
5.711864406779661,166480.0,4,0.0,756.9177812040589,4.745492105263158,414.89944175706404,9205.776515971156,62.01377166300001,6.32421,0.029286648000000005,487619.4483761656
4.112359550561798,192520.0,4,0.0,650.27262971847,7.0017661016949155,525.062758090388,14800.880924883097,103.474278096,3.05535,0.032233194,564049.1704564927
6.975,206346.0,7,0.0,1085.4333496716008,8.8536,325.34802631296,5286.933986169543,109.20214904250001,7.74543,0.010173816,1006789.6145235705
7.217391304347826,224613.0,3,0.0,614.1974242659339,7.364302040816327,494.360885647125,12801.894599174995,278.57368875000003,4.194000000000001,0.029014574999999983,594339.6312962888
6.703703703703703,218306.0,7,0.0,750.582019631172,9.259795454545454,393.452857252,8418.448839432851,89.24288047499999,6.605160000000001,0.019886396999999993,789882.3734073116
5.662162162162162,163000.0,6,0.0,817.3546227709189,9.147203448275862,617.74268735257,11117.228912075157,81.62569463700001,5.7609,0.02261224199999999,535354.5082003998
6.235294117647059,197320.0,3,0.0,737.805473372781,5.6174952380952385,394.9371038662919,11817.632420527623,106.89452999550001,4.795470000000001,0.024186434999999992,822770.1972396733
5.407407407407407,172325.0,39,0.0,504.7901701323252,6.808245454545455,363.27830576550804,8952.923547067749,74.79979752000001,7.346070000000001,0.02987927999999998,621040.3824528214
4.292307692307692,159973.0,20,0.0,574.7448620876149,10.605599999999999,413.92094238064794,10745.851466636039,131.265921315,5.38659,0.021510719999999994,855556.1095314294
4.936708860759493,165956.0,16,0.007692307692307693,713.0314749806628,9.199125,568.990429712298,16205.977775261095,92.489849979,16.597,0.03224251799999999,655803.0314989723
5.955223880597015,270058.0,38,0.005012531328320802,1529.6734169407894,8.933905555555556,398.51033663179203,3038.607126295091,92.41631260950003,9.52335,0.011764529999999988,623334.6988863006
11.318181818181818,188320.0,49,0.0107095046854083,1410.841356458844,12.700867500000001,520.3808594407201,12029.325138981309,124.83619320000001,11.0256,0.03406298999999999,1272117.9684464352
7.1466666666666665,154880.0,47,0.016791044776119403,1131.2411362135026,9.544574647887323,352.383182976176,5858.5998988534475,67.60456276200001,11.57427,0.020308130999999986,770980.8926062944
10.46808510638298,150444.0,37,0.008130081300813009,602.9955731827013,10.804147368421054,471.2768435174,13917.760373035997,104.80830094649998,8.52576,0.03243175199999999,732092.4983391204
7.767857142857143,144136.0,40,0.009195402298850575,998.8272743038127,10.39814150943396,395.2789836502169,6597.053368999679,87.88392532200001,10.839720000000002,0.018024675000000004,920941.231127649
7.203389830508475,156000.0,34,0.01411764705882353,950.1611006091159,9.08418181818182,182.09214534259198,1679.5567253698564,107.23115987999999,11.7993,0.007871135999999999,1000933.626532043
5.6050955414012735,229744.0,31,0.01818181818181818,2016.7763624212723,13.37105617977528,389.767506345213,5133.271426940955,100.12419713400001,10.679850000000002,0.013740468,831249.9959064982
9.702127659574469,166105.0,31,0.0,943.2662432259193,8.744676923076923,539.85391529832,5003.867078909397,94.52546491500001,7.80921,0.01153877399999999,724678.2107191167
6.714285714285714,220235.0,66,0.016270337922403004,1520.8205843095905,9.26274336283186,414.35533435450003,4501.648798486075,59.826705015,10.783409999999998,0.012395795999999987,732054.6643493862
8.036363636363637,174146.0,50,0.004524886877828055,914.4185393258427,12.594944186046511,240.87711286328403,1735.0578590990588,123.35715791550001,10.480830000000001,0.005856038999999999,1009152.3631812094
7.556962025316456,159272.0,42,0.01507537688442211,1278.476612759011,13.139969999999998,280.988768724048,4273.72810982838,134.749842381,12.69477,0.012920525999999996,1348273.69071041
6.803571428571429,125840.0,26,0.007874015748031496,694.5204237077975,10.033846666666667,339.895659443445,6203.738747088513,128.55715190100003,8.21208,0.014184503999999999,1066697.5314258728
4.889908256880734,163437.0,25,0.005628517823639775,1000.7128514056225,11.22416,288.170329612256,2364.157082060285,115.77005403600002,11.80263,0.0066904320000000005,1082889.1847886983
7.205128205128205,142135.0,31,0.01601423487544484,1098.3560895035243,15.333784313725491,468.64420035653,5315.915903484647,82.0821850755,12.122460000000002,0.01293309,949473.5267738963
5.2342342342342345,174135.0,30,0.010327022375215147,1241.2736563590622,10.36286125,583.29293742963,5863.291444478159,226.42893397500004,10.51722,0.011929049999999993,663992.8252526948
8.666666666666666,155413.0,63,0.008241758241758242,645.6555526145252,9.624888,269.8237630614241,3995.2634907269708,116.21596999050001,10.572630000000002,0.008345540999999991,1324059.5166833582
7.181818181818182,103384.0,32,0.020253164556962026,870.2956928489303,12.13878888888889,508.15736941062596,8905.801028389678,54.87145799400001,11.207460000000001,0.023085149999999992,565832.5969435838
6.789473684210527,144878.0,25,0.00516795865633075,820.4952741020795,12.650292857142857,493.22337548629605,5588.740234658687,161.17438064000004,12.16362,0.017500679999999994,574560.1333611154
5.585858585858586,176363.0,35,0.0108499095840868,1075.269744044321,14.368428846153844,348.36327237712,4684.171973535765,356.6604113050001,11.14725,0.011423840999999997,1056502.9918547377
7.514285714285714,171712.0,23,0.017110266159695818,1096.4497025419146,11.274508196721312,424.17473731825004,6786.3786191522095,63.8142528525,12.62256,0.024101549999999982,750819.4948761691
8.555555555555555,172850.0,65,0.0016233766233766235,931.8361283950618,14.684999999999999,547.00018881525,11337.515174413402,74.26199027999999,8.45157,0.023346708,606781.7477710056
7.819672131147541,223384.0,64,0.0,910.8984455484077,10.813870588235293,556.11578196,10354.1255172484,43.50770100000001,7.626180000000001,0.038234562,284451.05312784907
8.11864406779661,208000.0,59,0.0041753653444676405,656.6762065095398,10.877132,398.350753589488,7545.206344582803,48.05244873750001,8.12403,0.03163200000000001,363302.2902068055
6.555555555555555,142350.0,64,0.0,495.3115310539463,10.443,346.37525949,5387.2434568458,54.883551945,9.66468,0.022060013999999992,530766.2904443445
5.3125,179389.0,62,0.0029411764705882353,701.2431944565755,10.590564102564102,386.0919022173401,7375.4471344246,67.46340437100001,8.82564,0.023160815999999994,585667.9007882372
5.4363636363636365,215383.0,57,0.0,564.6014808525514,8.247800000000002,302.50863755567406,6139.390710304835,302.17636814,9.98265,0.025740251999999984,747662.0581237391
6.32258064516129,121043.0,44,0.0,350.1939058171745,7.535024,103.37534923932998,1194.6829698618424,102.2456695275,12.739830000000001,0.00974960999999998,990835.9045578986
6.276595744680851,231000.0,59,0.003389830508474576,887.0068027210883,8.509274999999999,361.475641457496,7845.3309367370575,97.17414216750001,9.32484,0.03032600399999999,626067.7523457572
7.493150684931507,192130.0,46,0.0018281535648994515,903.709215875654,12.439185185185185,575.28525385728,12735.642835402561,62.55908557050001,6.3738600000000005,0.027391104,501889.47120514145
6.527777777777778,187245.0,50,0.0,779.3516768185955,14.775315789473687,512.4017628040081,9806.509383380428,65.889626292,7.8916200000000005,0.033702762,403528.58400272275
6.2615384615384615,206400.0,60,0.0,798.2878957939507,11.9658,364.53313592639995,5205.739473766727,82.74941219250002,9.57975,0.018867384000000004,673352.0070853005
6.013698630136986,173333.0,53,0.0,721.7296712802768,10.33845,461.657718364824,6567.804627925661,240.24952194000002,8.9247,0.018487899,589541.3096337582
6.888888888888889,219439.0,41,0.004032258064516129,954.1182210546067,13.416293877551018,641.358120514626,10328.305315539626,69.61506704400001,8.98761,0.023229570000000005,543732.650282834
9.30952380952381,183035.0,55,0.0,704.3906497228552,11.14159268292683,363.40284651132,5429.44905873348,393.65882286500005,8.05014,0.018012897,697027.5730399243
7.017543859649122,214000.0,59,0.005,687.1360358916841,8.758571428571429,666.9508896351359,13301.808665596656,67.14559264200001,6.598560000000001,0.03548977199999999,375501.7382647139
5.882352941176471,102999.0,53,0.0,388.1806220430559,10.125000000000002,551.3175485766,10931.081683532846,77.77824923700001,9.063930000000001,0.03549404399999998,488129.58591910923
5.324324324324325,197000.0,44,0.0,879.1880169607933,9.868124,491.56907607532196,6138.630474150926,82.04806670550002,9.51408,0.020149857,573799.1842740453
6.052631578947368,215431.0,46,0.0,727.3371306514774,7.992500000000001,256.91792185395,4736.304188016866,77.18862123,9.32778,0.021993075000000008,655844.4614085171
9.333333333333334,176843.0,42,0.0,576.5846063207508,14.110962962962965,350.7115499084701,6222.428632230096,203.47928901000006,10.12386,0.02178876599999999,604585.0789087174
6.072727272727272,204900.0,43,0.0,660.2906743606044,10.364547368421052,367.199831968464,7568.440814744963,113.53534615800001,8.387580000000002,0.02482331999999999,682517.6837002535
9.25,196477.0,47,0.002702702702702703,807.8032978881618,7.301333333333333,460.94137153680003,8245.122090594357,356.2787198000001,6.659250000000001,0.017627376,749025.2911350642
6.428571428571429,191703.0,39,0.0,395.8657535228944,8.5752,326.66077240709996,7293.941382483232,70.70123993400001,9.17958,0.02523418799999999,619475.8691472793
7.363636363636363,186750.0,50,0.0,437.8349219562956,5.92970625,341.444297322765,9085.616964702056,368.34633087000003,7.44408,0.023011082999999998,827133.5851005524
9.342105263157896,207338.0,33,0.0,678.5034418288434,8.28215,511.10173997358004,8631.288134993401,66.29917270050001,6.8120400000000005,0.023941826999999995,498446.7112386995
5.254237288135593,217428.0,42,0.0,593.1977113795294,8.628333333333334,338.5391193184,5940.975668111126,108.07230009000001,9.59145,0.01690456199999999,979392.3639571648
6.224489795918367,203597.0,42,0.0,634.437686330384,7.64978125,351.270105026232,4708.687806772236,277.03836557000005,10.08432,0.017537849999999994,688117.1793475074
6.15,125700.0,34,0.0,490.35774030157773,9.625386206896552,405.88648478276497,4453.532779983144,339.10711169000007,8.46033,0.019395179999999995,534129.8135399213
6.816666666666666,176727.0,36,0.0,812.0830360681729,13.629924999999998,397.49644135992,11716.73875461189,88.04458572,9.01131,0.02324071799999999,821279.4104651242
6.46,160561.0,45,0.0,621.8647222222221,10.0079,543.4983530046,14420.176236677327,95.224739076,16.997400000000006,0.03829718999999999,460469.96481212653
6.444444444444445,189230.0,37,0.0,597.1902937420178,9.208263157894736,604.608803822268,8340.170042878532,82.938976686,6.867780000000001,0.020243832000000007,567584.9033794376
5.373333333333333,134845.0,29,0.0024813895781637717,772.902536001871,12.8495,408.83929329879004,9387.292580191104,86.6393235405,8.4981,0.03269040599999999,486926.43934021465
6.166666666666667,91000.0,31,0.0,156.19123189843285,7.301333333333333,129.74867954856,1465.3852277206645,279.51884545,11.19255,0.013188119999999996,658083.2964436838
6.727272727272728,185696.0,44,0.0,769.6349026115818,8.32680487804878,161.1903494124,2410.3139951983367,268.88748348,10.219800000000001,0.017155056,645143.0065863043
7.323529411764706,86400.0,27,0.004016064257028112,469.20881097479133,11.075312499999999,309.817319511,8534.155583927064,67.615618845,8.56986,0.029286800999999998,676073.6331601712
6.75,184846.0,57,0.009259259259259259,599.6542320555698,8.4402,82.03996529694001,1504.648940881284,61.61889888000001,13.601370000000001,0.009517077,1306051.1010720565
9.20689655172414,92125.0,25,0.011235955056179775,491.2298745026017,11.188326923076923,207.603366201625,8562.318691000897,35.550781599000004,9.69195,0.03188967599999999,622159.4144424576
6.303030303030303,99009.0,28,0.0,455.1689314620924,10.6584,540.989248308876,7467.470976316417,54.69074194950001,10.34256,0.022513511999999996,465153.31946095394
8.238095238095237,240001.0,54,0.0,562.9007523148148,11.440388235294115,140.65583652073798,2487.6753548497218,202.87865637000002,13.55307,0.015702785999999986,1086100.713740942
6.871428571428571,140399.0,1,0.010395010395010396,1185.2116498586213,9.868938596491228,648.73594868124,7585.392552627948,114.3932513535,4.179870000000001,0.022252689000000006,434501.88789529935
6.290322580645161,140399.0,1,0.008547008547008548,1148.9354225680374,11.753181818181819,787.8483937638601,10147.905831417298,54.81055772400002,8.467680000000001,0.02525144399999999,352650.5973570038
5.361111111111111,150857.0,31,0.0,369.07785336356756,5.286445454545455,325.78248715451997,1305.0741100603382,60.44089293000002,6.44808,0.008014500000000006,353108.5866225079
5.6923076923076925,177866.0,52,0.0,670.6130230812535,10.225536585365854,403.419238397172,3165.5463100527627,59.765409121500014,7.366350000000001,0.010554348000000003,522043.71310789575
5.68,226200.0,44,0.004694835680751174,783.9651375000001,10.05794693877551,249.47852675553602,3092.425586042974,243.20115112500002,10.37319,0.012029624999999992,812353.8312619008
5.368421052631579,192213.0,46,0.0,551.6585468151566,8.939226315789474,283.95310062269704,5375.997466988606,228.90785763000002,9.05901,0.019174085999999983,715641.9599520118
5.012820512820513,175611.0,53,0.0,862.2936746666666,8.238514814814813,267.29745746528005,4918.427253802103,247.82248132500004,9.21681,0.016172057999999993,812512.1011210118
5.754098360655738,147800.0,31,0.002849002849002849,690.1008763254529,10.117360975609754,401.88039988949595,5518.302834502641,62.85597055650001,8.01642,0.015749946,614501.9284530862
4.765625,164346.0,29,0.0,519.4793888888889,9.787885714285713,293.736651088608,5049.529396022926,50.233005186,9.12375,0.018666072000000002,597994.3171103569
6.513513513513513,246947.0,36,0.0,880.5969966725944,9.374477192982457,384.537832173902,7231.970373094622,79.760353119,7.91028,0.021746718,693302.6431307427
6.338983050847458,196440.0,27,0.0,634.7133685687836,7.2065931034482755,363.910997126512,5387.109925908586,70.11124568250001,8.66118,0.01955275199999999,607063.3762566617
5.892857142857143,205500.0,40,0.014141414141414142,1010.3500000000001,9.780713114754098,286.712743504896,7554.031549376547,225.72288630000003,10.36356,0.022391690999999984,872038.0361542018
4.491525423728813,198853.0,27,0.0037735849056603774,495.20502958579885,8.812620689655173,254.44483054997602,3360.958575247135,79.3783536315,10.066559999999999,0.02091599999999999,597148.5613009365
5.840909090909091,180960.0,19,0.005836575875486381,992.4784880000001,11.4108,463.84775881245,7750.8495395662785,34.48869624,8.250390000000001,0.017343833999999992,438291.17158147704
5.293103448275862,151200.0,24,0.0,619.0041,11.065275675675673,424.1032065605759,6856.454839704393,81.71756100900001,9.02868,0.013547519999999999,848913.9359807315
5.25,210040.0,23,0.002380952380952381,855.54,9.6054,380.8085598209999,4522.287653605129,39.68109817500001,8.18973,0.019312202999999997,352041.66651147493
6.426470588235294,225937.0,43,0.0,777.7967169212457,9.594474468085107,297.671935190104,4504.3637071840085,98.75777637600001,7.71837,0.017133374999999992,707285.4925117946
5.208955223880597,188253.0,51,0.0,651.6617090319091,8.234073333333335,249.09845503455003,3734.8366508529994,374.2371330000001,9.446340000000001,0.012463226999999992,1056663.4113189965
8.461538461538462,162306.0,24,0.004545454545454545,645.6069757785466,9.04822641509434,199.36093039235104,3401.944250055231,86.082534057,10.86468,0.014371799999999987,971687.7813764018
10.65,210941.0,33,0.0,595.7885202629262,8.805911538461537,211.27640507001,3606.6926528107106,82.41635688750002,9.74883,0.015951314999999994,776681.1640977645
5.273972602739726,184666.0,35,0.0,620.6391025054705,8.06575,467.44841546439403,12087.662134170701,196.22802060000004,6.9717899999999995,0.0398466,1413042.0392090771
5.753086419753086,193146.0,21,0.0,880.4952356387123,10.001415094339622,296.02669808075,5372.3212951125,40.65173860800001,9.57624,0.025264374,426755.75635171606
5.533333333333333,175053.0,27,0.0,554.11781757601,8.537681818181818,208.88692096548,3721.5941224394533,99.47536146450001,10.38231,0.011852651999999998,1169790.6213041795
6.5625,162000.0,48,0.0,755.0947521865888,8.458134146341463,391.91902752998806,6673.670519167606,110.94679602300002,7.26891,0.020888219999999985,706176.4850130341
5.05,183983.0,39,0.0,716.4266666666667,7.202447727272728,218.21491605211003,3621.913870621501,251.71781319500008,10.65177,0.019693034999999998,709717.3719294445
4.720588235294118,185106.0,34,0.0,629.7469008798502,6.338176470588235,117.81890820187999,1944.8710268858642,100.307467059,12.265559999999999,0.011244071999999996,1168200.1227577494
6.220338983050848,166986.0,24,0.008174386920980926,716.9016512345679,10.121710204081632,293.75016280085,5343.164936787511,127.29303772500002,9.11979,0.00858534,1321696.1806490584
9.6,152882.0,49,0.0,392.59375,7.32248275862069,486.2506273027201,9463.896583318936,94.58318216400001,5.5599,0.02459653199999999,615370.0944320635
7.451612903225806,197294.0,38,0.0,758.2904175756574,11.297374468085106,283.02283838903395,3584.5719692506195,77.90932823400001,9.71316,0.012734273999999993,800530.2275215692
8.2,195500.0,19,0.0,628.0913787713419,11.042283999999999,323.14809437063997,6253.8068554083375,52.698813174,10.99278,0.021382500000000002,705033.6939529956
4.457142857142857,226906.0,82,0.0,649.5958955786931,7.327717647058823,311.168099631168,4782.222940362001,266.04070415000007,9.19035,0.013888847999999999,828625.5158201281
4.078947368421052,145846.0,46,0.0,612.5071928618853,7.735791666666666,311.168099631168,4782.222940362001,266.04070415000007,9.19035,0.013888847999999999,828625.5158201281
4.976744186046512,167478.0,28,0.0,404.9231544469639,8.840060869565216,149.10311812912798,2057.427322527233,70.954442631,10.03923,0.012183249000000009,738441.4444625092
4.323943661971831,170125.0,31,0.003257328990228013,488.6826,7.469170454545456,196.15488204032002,2677.2189325312247,82.62252348000001,11.656920000000001,0.017069562,742579.4886643789
5.338983050847458,201146.0,30,0.0,636.053268040373,7.57575,496.2480052820421,6805.256915549123,75.08839520400001,17.108800000000002,0.024317454,386710.784351305
4.666666666666667,156722.0,27,0.0,534.5251020494045,7.6678,151.92107743998397,4380.062874124149,333.343495205,12.11631,0.021431339999999993,1099487.7915942806
4.217391304347826,171893.0,29,0.0,627.2120413875205,8.426066666666667,267.249697176768,3028.1860033004177,248.85660858000003,9.161370000000002,0.015634080000000005,579491.3922613357
4.5,153333.0,27,0.0,305.27577251684306,8.399209090909089,248.91276936960003,4888.251314140721,208.67101080000003,10.54965,0.020964305999999995,761938.8759334721
5.683333333333334,219148.0,24,0.002932551319648094,648.3190466332946,8.309845238095239,177.85880946639003,2322.542623257851,319.07557422,10.94715,0.012673595999999988,874450.4378047936
5.226415094339623,161052.0,30,0.0,564.39622715816,7.4672275,261.16939572724,3439.5084153515804,79.443689325,10.9446,0.017143433999999992,758953.2904058031
4.925531914893617,237973.0,26,0.0,1037.982109039643,7.719415068493151,432.91234221879597,8174.163359517328,108.21895005900001,5.4843600000000015,0.016366455000000002,776349.2544624569
6.684210526315789,141323.0,17,0.0,304.3006427221172,4.182956666666667,160.654884388104,5100.077712061279,95.49331403850003,10.54452,0.025858040999999995,890934.725706819
7.054054054054054,168853.0,20,0.0,421.67658586151833,8.372300000000001,337.1209909182,4739.3318055219515,345.57592350000004,5.830650000000001,0.009805067999999983,937129.0550172803
6.36,249920.0,2,0.0020964360587002098,857.7987117237058,7.966601470588235,296.52120640330196,8615.256507921622,74.16437706000005,6.799530000000001,0.02661806699999999,335431.11621260055
8.00925925925926,173960.0,57,0.009248554913294798,1918.8721503057832,15.446567415730337,387.12254090618404,6281.155676168281,289.94941896,11.69982,0.008626506,865904.9457187783
5.824175824175824,206211.0,61,0.0,990.7810255673658,10.190301587301589,270.492606326334,6743.15298190336,62.846806218000005,11.172179999999999,0.025749695999999996,741255.0694129217
5.075,207322.0,63,0.0016420361247947454,1357.821591405363,10.769289041095888,314.552988699417,6997.611578780132,108.658221768,9.31089,0.015074790000000001,1042855.8745838902
8.220338983050848,209791.0,55,0.0,1225.798272941266,10.674181034482759,198.608406550125,3368.789062038399,73.52527740000001,11.685540000000001,0.009446495999999995,1248447.1066305737
6.764705882352941,187615.0,60,0.0,999.5416546434652,11.079807692307693,455.2833568653,8725.122545723603,72.813640797,7.62012,0.02123164199999999,603625.4881845113
8.397260273972602,170000.0,55,0.011419249592169658,1399.58072295901,11.449388157894736,451.90421627036,7685.562854928957,74.149497618,11.09808,0.018433832999999993,685463.6069231293
6.889908256880734,170000.0,55,0.0039946737683089215,1975.8187571199999,9.188848387096774,214.30295844894002,2667.236277904127,70.638471225,10.65798,0.011186759999999994,839660.2674157058
7.82,186426.0,52,0.0076726342710997444,1655.7470671022352,13.367806741573034,785.7306579912961,10382.64553129309,147.33812300000002,10.05603,0.014234219999999992,1464128.1776975316
7.77027027027027,204021.0,44,0.0,1144.8695652173913,12.204103773584905,349.65610386197403,5833.260915548488,72.38684073600002,9.20973,0.020607210000000004,676554.2063153766
6.064102564102564,205699.0,45,0.0021141649048625794,910.8696254462146,8.610231034482759,248.26673672728,7871.08960773648,285.68524590000004,9.57105,0.029979773999999994,815731.2886585245
6.530120481927711,180581.0,55,0.0036900369003690036,1229.166818255564,11.87255593220339,418.727104574688,6151.875486391442,73.9402726335,10.354980000000001,0.018041880000000003,696331.3204193637
6.829268292682927,236602.0,47,0.0011904761904761906,1859.6496113238193,12.825317647058826,335.468713208832,4102.333760457571,64.854905472,10.91535,0.01363167,708387.7889676968
7.381818181818182,231788.0,45,0.0024630541871921183,937.958965854139,10.206027999999998,364.025090463405,7232.698438468345,55.73221437000002,10.927560000000001,0.023381250000000006,669418.3550188901
7.244186046511628,176400.0,51,0.0032102728731942215,1387.053657277329,9.237532499999999,360.567102492828,6986.551366289784,248.77021900500003,8.11917,0.025982303999999994,501337.4694259551
8.461538461538462,181786.0,43,0.004545454545454545,2009.5480807281363,16.528205128205133,442.8279088844001,5610.692991235685,72.68745862950001,11.45283,0.012747779999999997,711810.9685265709
7.99,205346.0,60,0.0037546933667083854,1888.1613979932429,10.00232680412371,161.20085171544,2711.465173338553,43.93026201600001,12.551760000000002,0.014688132000000007,764334.6052882788
5.893617021276596,205125.0,58,0.01263537906137184,1085.9444896449704,11.141366153846153,437.69081914559996,5605.203193263961,302.732716545,8.78118,0.014294448000000001,688218.1538601174
7.710144927536232,164118.0,49,0.007518796992481203,1115.2895158419365,13.295163636363636,432.17102717184,6800.248893380668,249.90262176000007,10.33509,0.014801474999999991,797993.1926833753
8.059701492537313,185195.0,63,0.001851851851851852,1217.3884163158662,9.858176470588235,326.27115958272003,2789.526967735871,79.00953292800001,9.82266,0.008925419999999993,768292.9551699527
7.09375,265453.0,39,0.00881057268722467,1010.3966405358868,9.774782142857143,511.723395894465,10062.160579887359,104.79118419000001,7.43034,0.023029943999999993,743751.9708808322
8.623529411764705,187615.0,45,0.009549795361527967,1519.206379451205,13.87648243243243,849.8682912760951,8699.432474229743,55.59305953500001,6.819120000000001,0.016326314999999994,344590.5041766626
7.361111111111111,207322.0,63,0.005660377358490566,1101.5079861591696,11.496267857142856,394.18691556878093,7713.091019548816,78.14032248600002,9.87402,0.024921303000000002,677835.490093478
6.1923076923076925,186008.0,63,0.0,607.0320378833504,6.659324528301888,336.362268895632,5311.954329306964,68.12362928700001,11.67627,0.025117851,738854.3947692323
9.75,204169.0,62,0.011965811965811967,1391.854022600776,15.54735,844.057499103784,15515.32209032059,36.77729341650001,10.472310000000002,0.015200783999999995,376869.5561733098
7.962264150943396,224308.0,36,0.014218009478672985,1715.0062026771227,10.93023505154639,262.372118466348,6607.423232187693,400.4146017450001,9.34419,0.016565796000000004,1016648.065374968
8.871794871794872,117384.0,55,0.008670520231213872,749.9550000000002,11.410214999999999,406.724972054958,7878.418153934401,41.01320078550001,13.01586,0.034492521000000005,490937.5732289284
7.47,222400.0,44,0.006693440428380187,1577.8319461980466,10.040925,235.07116039116,3117.439958371985,151.07793513,10.80243,0.008058960000000002,1271824.1943540615
4.699029126213592,186721.0,52,0.0,851.7531102437028,11.57044705882353,296.43587408160005,6260.333192544587,121.92327491850001,9.42093,0.015616680000000003,1083741.4397910342
5.495145631067961,237822.0,42,0.0,1081.1833517860266,8.995817721518987,330.264402146368,4454.224536408183,126.45697468350001,8.16294,0.010910699999999999,899140.4833601782
6.962962962962963,173960.0,57,0.005319148936170213,1205.1172339476814,10.303254545454545,284.218681091439,5268.427608923693,55.835810796000004,11.353800000000001,0.02207625,676905.5408802505
7.458333333333333,194333.0,41,0.0,1031.3625057710065,9.377554285714286,881.1068768947199,9196.2112844843,35.98548303000001,19.662600000000005,0.026924039999999993,189988.856895652
5.92,209962.0,71,0.0,560.0353973765432,7.326360975609756,137.705575916496,2977.954259924828,270.844211855,12.023280000000002,0.015272364000000007,1150090.0234752693
6.4324324324324325,142000.0,42,0.004201680672268907,1001.8352719110295,12.838269230769228,637.3842897312,7467.817075589641,86.347642584,10.22565,0.015425183999999993,692664.1659828101
6.533333333333333,175813.0,45,0.004081632653061225,906.5097201801674,11.102724137931036,311.70476766519005,4602.417935403447,105.81322833,10.327590000000002,0.012000197999999988,961076.6766858224
7.436619718309859,223834.0,79,0.003787878787878788,944.0926718710651,16.150514285714284,348.66904715309397,6704.471916506482,195.27033212500004,11.02893,0.025046657999999992,573802.7144693818
6.955056179775281,197213.0,47,0.004846526655896607,1502.7230609183725,12.064309999999999,337.24759345825197,3880.601372120019,96.2835537495,9.37062,0.012993750000000004,797369.188280161
6.63302752293578,250978.0,50,0.0027662517289073307,1363.0372048596957,11.949744,337.24356265407596,6241.7016031761195,119.318815629,10.08708,0.017792435999999995,953420.6990062118
8.518987341772151,223868.0,42,0.005943536404160475,1333.6978309429712,10.558334615384615,397.319377444968,6995.371531877038,109.053584112,7.934850000000001,0.01766887199999999,788719.2133680008
5.291139240506329,245209.0,38,0.0,865.6479368573652,8.009466666666667,400.62620141706407,7735.270807490604,57.27985997700001,9.86433,0.03654950999999999,448199.408283294
5.040404040404041,200801.0,40,0.0,935.4285306415666,10.078264615384615,374.231494500096,7469.699571934598,110.13923472600001,7.82934,0.013898975999999992,937495.9192490937
7.860215053763441,207322.0,63,0.006839945280437756,1907.6233805296288,10.24363956043956,316.36954244279997,4070.2474037994343,74.107242825,10.97268,0.015046416000000007,711094.1578648114
6.834782608695652,223919.0,43,0.001272264631043257,1474.135280627429,11.905982926829267,453.467056900857,7114.365031889936,65.34726979500002,9.12036,0.024836930999999986,474330.99542074185
6.447619047619048,223834.0,79,0.0029542097488921715,1445.619315795001,11.59006184210526,199.42387970076,2609.8233659668226,89.60321506950001,11.564879999999999,0.007429098000000004,1211596.1363368744
10.333333333333334,185600.0,40,0.0,1308.949630358988,11.567558823529408,401.71037415413997,10227.551146226302,99.67938002250001,10.44093,0.025359767999999994,936459.4407054065
7.035714285714286,260000.0,41,0.0,1219.613978877418,10.574489552238807,494.2805952853441,10394.92129893408,89.43176628,10.070100000000002,0.03318087599999999,661612.8783410625
7.576470588235294,205533.0,42,0.003105590062111801,1074.8989890687926,10.438435,373.7381110559459,5760.603273408256,70.92146338200001,10.71912,0.01702134,750454.675572361
6.903225806451613,209453.0,44,0.002336448598130841,849.5396965904581,9.230041379310345,335.34128183994005,8279.70721172211,97.59141364200002,9.74508,0.020939471999999994,932343.9591968862
9.254901960784316,136118.0,59,0.01059322033898305,992.6793002915454,11.962368,460.947279754368,3652.330614094305,84.05080260300001,8.588370000000001,0.009442151999999994,701064.7594457908
7.0,135615.0,45,0.0,566.132948428886,8.718340909090909,358.61159076104997,5871.175934692067,359.5372289300001,10.91142,0.01717691399999999,1049973.8461794453
7.084905660377358,218506.0,40,0.0039946737683089215,1579.014628837072,12.334931168831167,365.007824046,6634.537522852887,72.36487800000002,10.73493,0.02045171699999999,760696.7316335542
6.985714285714286,187615.0,45,0.010224948875255624,952.34690218474,13.104159574468085,355.43995953312,5800.8751451565695,64.536725484,12.53244,0.027905732999999985,628744.5468112793
8.857142857142858,243144.0,37,0.0064516129032258064,1273.197501041233,12.02209523809524,435.74163673046405,7195.567639845314,79.84676388900002,9.8541,0.020431776,758759.3801798716
5.754901960784314,194333.0,41,0.0017035775127768314,1136.3516472806239,11.573367741935483,881.1068768947199,9196.2112844843,35.98548303000001,19.662600000000005,0.026924039999999993,189988.856895652
6.135802469135802,265454.0,65,0.006036217303822937,919.0229568411386,13.104571428571429,952.5430608003201,6895.085675075138,23.45368278300001,7.14927,0.020935008,129542.45009957015
7.811320754716981,130714.0,39,0.00966183574879227,917.178088542069,13.726897297297297,307.73290646824,4877.403133891905,292.29998814500004,10.8714,0.017675064000000004,813924.0408375208
7.0625,181259.0,35,0.0058997050147492625,1429.6756354924887,12.059594805194804,408.9400191232,4789.583651435184,91.68782664,8.0283,0.009532511999999998,752538.0770152225
6.67741935483871,237250.0,59,0.007246376811594203,814.184142487791,13.0504875,305.8584485893999,4439.155703422178,148.95059025,11.622720000000001,0.006278616000000004,1437034.260939304
9.060975609756095,191202.0,49,0.008075370121130552,1676.5201795513879,14.028049295774649,594.06203589642,9574.21024556371,67.62909787650001,9.780750000000001,0.02451059999999999,518628.9629043082
6.507042253521127,129964.0,36,0.0021645021645021645,1146.6642858922505,11.264969491525424,522.738872081328,7913.139400782719,96.08107307400002,11.23704,0.01596830399999999,844131.3232794714
7.743589743589744,202765.0,41,0.0,611.7324829101562,7.25760909090909,250.55602539912,5543.691034912366,96.886878345,10.07133,0.02622245999999999,738463.1280879675
10.306451612903226,220317.0,38,0.006259780907668232,1299.4519369402058,10.10818125,358.9359512778001,7224.668269200231,108.388258785,8.39073,0.014534172,1015276.8753214289
6.753086419753086,264614.0,16,0.003656307129798903,1184.4424895846485,11.758580701754388,677.6440499361241,8691.336039085889,250.09891832000005,5.5341900000000015,0.024687557999999988,363940.102708001
7.51,246368.0,40,0.011984021304926764,1480.8377140788068,8.781693333333333,220.77259087910397,4390.235746724189,98.66527968000003,10.768350000000002,0.036818039999999996,975236.4705905032
10.0,225694.0,36,0.0,699.552403601155,10.980981132075474,252.19793953565605,4575.69630477461,111.72494368650003,10.721070000000001,0.012002255999999998,1187048.1293135574
8.132352941176471,233239.0,41,0.009041591320072333,1175.860196299716,9.95079420289855,840.9162205273599,9801.946099896802,203.97775722500003,4.648680000000001,0.02014955999999999,1228248.3087368282
7.653846153846154,195549.0,35,0.005025125628140704,1218.2444485008177,10.46199857142857,480.715223184846,14363.114538942458,257.62442868500005,8.728950000000001,0.037076487000000005,604810.3676089424
6.2682926829268295,196874.0,47,0.01556420233463035,1085.0921936358368,11.500335483870968,538.1866911106559,6878.62627113564,64.05345481500001,10.3536,0.017248991999999998,560103.8012317198
7.329268292682927,203000.0,41,0.004991680532445923,1142.97635519641,11.629826984126984,429.36981344574,5996.136063764998,236.40714820000005,10.453740000000002,0.020624504999999984,656046.7657354359
6.880952380952381,221064.0,39,0.0034602076124567475,640.3230888429752,7.163259090909091,439.303149450774,7469.491438005499,60.84540703800001,9.53499,0.04007437199999999,365043.64864937373
7.07,146333.0,66,0.009900990099009901,1278.956341629179,12.05616282051282,440.3403867240951,5406.899263213971,348.18065100000007,8.81826,0.03598325,903796.2190392457
6.5777777777777775,186000.0,38,0.008445945945945946,1196.9142024859188,11.943122580645161,390.58011620758003,7656.612676378848,56.15222109900001,9.84981,0.025016471999999998,547987.123840388
8.543478260869565,172618.0,35,0.017811704834605598,826.4487749503357,9.28734255319149,515.406876026108,10433.84369621247,288.23396962500004,8.43117,0.031217742,640506.7871858417
8.735849056603774,177882.0,36,0.004319654427645789,974.7468779891593,11.220033333333333,577.47505529637,8835.566640793922,298.84628620000007,9.556650000000001,0.017605392,844564.9452807546
9.224137931034482,156028.0,36,0.007476635514018692,1011.4352463991794,13.924758620689655,470.8358072536321,5642.917712720999,333.2861626500001,11.478240000000001,0.009415487999999994,950332.8068788458
5.649122807017544,225327.0,38,0.003105590062111801,698.0334834707232,6.944053846153846,298.088802383904,7113.7003220967335,198.25683063000005,10.355369999999999,0.027619919999999982,686683.1636543602
6.967741935483871,207322.0,63,0.0,745.0239334027056,6.844607999999999,323.387655616656,3875.8625645644765,402.12786516000006,8.722050000000001,0.011491655999999987,877168.5735927311
9.366666666666667,264573.0,69,0.0071174377224199285,619.665974145891,13.300666666666668,408.77010375642004,6397.468000015032,51.08347406700002,11.98656,0.023470379999999992,623144.2354269591
6.770114942528736,226456.0,36,0.001697792869269949,1259.3959620804958,11.943181967213116,445.80986323582795,10446.743249971942,70.72908121500001,8.26173,0.026107725,624596.5072966077
9.69047619047619,143371.0,36,0.0,977.5723905723908,9.088572580645161,546.17587895637,7536.835539315745,65.38915893600002,11.308500000000002,0.017474036999999998,711005.6418032167
8.623188405797102,202745.0,32,0.0033613445378151263,1293.0572196447606,13.433564516129033,447.7253391147119,6794.818169902306,57.442457461500005,13.276950000000001,0.023557619999999998,673103.2387547798
7.745762711864407,196874.0,47,0.0087527352297593,954.1347555555552,12.155286000000002,517.00759291467,8492.784215595811,74.11282491,9.489510000000001,0.018143369999999992,718847.8839842626
8.586666666666666,149123.0,40,0.006211180124223602,1318.463194580038,15.020226666666666,351.3522363084,4074.906861507553,72.21400395,12.06738,0.011838149999999999,824700.9521411317
6.811764705882353,199180.0,40,0.0051813471502590676,1272.5156169340369,13.987303846153845,342.160791543868,6536.899289194921,89.719577478,10.16634,0.017905914000000002,893879.9710488074
8.090909090909092,177672.0,55,0.0,1038.4937283737024,11.833044444444447,287.13494466504005,5043.635264876629,104.70498343650002,10.99761,0.01917144599999999,884250.0269107937
7.8,194516.0,74,0.00641025641025641,1569.6628680508704,12.08037037037037,298.522829069205,7505.6834009213535,48.677015307000005,10.518270000000001,0.024214514999999995,645401.3498478413
5.894736842105263,210000.0,46,0.008928571428571428,651.3560754919533,8.734360975609757,141.327149900838,2846.6773632740533,155.18622651,11.99925,0.020021928,666514.60930531
4.84,182245.0,76,0.0,168.16770023582845,6.5045062499999995,112.22636158291199,1467.3651346044846,62.893695063,11.038800000000002,0.013846326,606187.755291357
6.948717948717949,195831.0,35,0.0018450184501845018,1139.9422864313403,9.3868115942029,465.29877418425,6646.326798132041,82.29042959400002,7.5918,0.018359621999999992,618436.1898704504
7.984375,130228.0,36,0.003913894324853229,1082.9068252080856,10.018650746268657,723.831727029824,11191.220081077892,193.65825269000007,6.30747,0.023972687999999995,1234724.5911214424
4.375,195422.0,33,0.004395604395604396,850.4564358962809,10.194275,770.175570901914,13686.25728370428,181.36523218500002,7.057500000000002,0.025750220999999993,387021.74585053144
6.904255319148936,133846.0,42,0.007704160246533128,1263.6019469983773,10.035820270270271,192.53085993861703,2735.053786552561,61.79286534000002,12.04416,0.020224611,1135517.4320099107
7.327586206896552,205125.0,58,0.0,875.6169134320395,6.554514925373135,147.46728318940802,2773.3735316865764,86.85079135200002,9.013020000000001,0.011096837999999993,918649.2390637584
6.206896551724138,205125.0,58,0.006944444444444444,1317.669199257729,11.72463157894737,903.2531280732959,11446.802545799841,29.829366616500025,15.700100000000006,0.025891200000000003,185979.2472392872
9.173913043478262,188779.0,37,0.011058451816745656,1122.1396750086317,11.296882191780822,753.495403179376,13214.886901511069,211.21943832000005,5.4273,0.024348948000000006,1389508.455782312
9.893939393939394,252306.0,91,0.0015313935681470138,821.5780802238289,11.120045833333334,387.348221750448,6540.7844148511795,286.9348182600001,9.464070000000001,0.02105551499999999,675326.4227562322
8.227272727272727,186008.0,63,0.007366482504604052,1218.8139062273192,13.43925,550.294296552,6559.670325167824,221.69822830000004,9.14544,0.013550712000000006,602149.0495124657
7.027777777777778,247666.0,58,0.00922266139657444,1373.5113766537138,10.0584,407.114854568256,6571.860184211166,309.9324529000001,8.534970000000001,0.015340583999999994,878062.2126959374
5.505882352941176,206040.0,33,0.002136752136752137,930.1860391645308,10.737726315789475,458.1855649371001,9917.443809269325,81.89909336250001,7.558590000000001,0.022261949999999992,606749.3808134997
7.325,201964.0,52,0.0017064846416382253,1258.1874555800616,11.401885714285715,399.825171838818,5335.105957778521,105.651808515,10.13472,0.016188041999999996,858386.4708648664
6.4953271028037385,208320.0,40,0.0,1690.062949640288,10.122385416666667,768.5159849558879,13404.716486824203,86.641750146,5.7898200000000015,0.018280667999999986,576182.8903464925
5.505154639175258,165128.0,31,0.00749063670411985,1144.5126515222921,12.960548275862072,746.4183118352239,9261.97070772771,70.93323518700001,7.292250000000001,0.016960662,448213.8169270795
6.54954954954955,231360.0,35,0.0,1676.0800835412927,10.415543023255813,713.409083982144,14088.879012653673,63.6717005745,6.165720000000001,0.03255716999999999,393385.9585034381
6.300813008130081,173960.0,57,0.007741935483870968,1612.0050513280103,13.888196202531645,262.742220527787,6725.909020308567,74.69253089100002,10.97784,0.013917224999999995,987445.940215578
4.894736842105263,186008.0,63,0.0035842293906810036,468.5461868958109,7.231543902439024,309.94855817531595,5018.137635007151,77.229751044,10.81872,0.023553422999999987,730156.9464284772
5.975609756097561,173960.0,57,0.006122448979591836,980.4316121896411,11.991875,793.6524085956901,6585.4142846194245,188.11342997999998,9.588750000000001,0.014001416999999993,480312.41949884157
6.294117647058823,180137.0,75,0.00778816199376947,1247.4639576376096,12.813504761904762,408.04278807244197,7101.976315003414,76.28850801000002,9.512880000000001,0.022199579999999983,616228.3048267754
8.476923076923077,237266.0,53,0.0018148820326678765,1007.8519578947369,9.491740277777778,398.657630238576,6243.269057547387,112.31979846000003,9.38268,0.013680728999999989,1083666.1628540808
5.106060606060606,186008.0,63,0.0,802.1936572271323,8.180338,363.43242609891604,5262.43175609209,79.82167129650003,10.89402,0.022107249,643178.0143446127
7.129411764705883,236466.0,35,0.0016501650165016502,1273.7299884659747,11.275272727272727,793.498944305,16376.672846033498,273.50242640000005,3.8254800000000007,0.032250815999999995,416707.5941076132
6.141304347826087,207394.0,38,0.007079646017699115,1097.9742859638397,11.108270491803276,538.6254754167501,7221.5995499619285,72.8675167125,20.312000000000005,0.02058450899999999,450352.1348823901
8.64179104477612,254889.0,10,0.008635578583765112,1141.793275444003,10.845268965517244,322.07374249915205,8004.62397587724,274.49033187000003,7.118760000000002,0.023151599999999994,732533.4220651117
9.135593220338984,151746.0,45,0.0037105751391465678,675.6104536489152,14.805590196078432,728.868391845396,13444.332171595963,148.11979899,9.341970000000002,0.025475189999999995,394560.0433000348
6.042553191489362,259186.0,56,0.0,530.932035334415,7.20863,173.83960756948505,2954.388159937224,54.988548030000004,11.484359999999999,0.018417923999999992,719529.4797183529
7.594594594594595,145209.0,34,0.008896797153024912,1217.1479147943023,13.706437735849056,920.9596252809001,14232.197875235148,236.49251512500004,5.849520000000001,0.03861350999999999,842590.8435665956
6.414893617021277,196874.0,47,0.014925373134328358,1133.1988075225008,10.712462499999999,553.949683933903,6643.031418001439,64.68835414000004,10.976819999999998,0.022832942999999994,248284.82361434493
6.839506172839506,188900.0,34,0.0036101083032490976,1101.4074576397147,10.201868656716417,498.68238261681,13241.47578806,102.39050583,21.410900000000005,0.028691507999999994,653385.3085024201
9.285714285714286,133846.0,42,0.005128205128205128,891.3331747919143,13.922025,529.371425237004,7967.794721489043,111.97758543300002,10.900830000000001,0.015755835,885127.6115844653
5.557692307692308,265933.0,47,0.005190311418685121,1067.4910200024508,9.985159420289854,534.3858540937599,4599.951229482465,78.71343118800002,6.838710000000001,0.013716647999999994,504931.9086459021
10.184615384615384,189287.0,46,0.004531722054380665,1350.4094554207743,12.686909677419354,337.15444520594195,3737.656609000286,393.81242348,8.92317,0.01091159999999999,900698.0806821334
6.166666666666667,204021.0,44,0.0,526.7088856593415,7.21769090909091,380.12583623435097,5282.514784164981,80.61293736900002,8.908890000000001,0.018744570000000002,704180.7903590302
5.965517241379311,188000.0,7,0.0038535645472061657,995.7774723831865,8.631481690140845,488.450941602624,8181.21614654136,212.99766246000004,6.99261,0.025992095999999992,430518.0863031975
8.191780821917808,186008.0,63,0.006688963210702341,1390.7832064685401,11.78888,229.620498679256,4981.411787405277,80.7400647015,11.787690000000001,0.014512769999999987,1161598.6537207158
5.747474747474747,185195.0,63,0.0017574692442882249,1060.1554586415439,12.889882142857143,433.76054146142394,5843.830783684546,203.77025496000005,8.632530000000001,0.018282066000000003,492870.7068817035
7.142857142857143,173960.0,57,0.007272727272727273,1114.094484247063,14.470851063829787,205.95035822196598,3619.017025690492,105.65637799500001,11.614410000000001,0.01112811,1283201.037651566
6.294117647058823,151335.0,34,0.003738317757009346,1162.2119534621881,14.180989130434783,190.204069281105,7842.602863443214,112.09411996200002,11.11677,0.025931258999999995,1057157.9010996113
7.883333333333334,260906.0,6,0.0021141649048625794,973.6686079999997,12.77730666666667,478.241985351912,5955.889283740441,196.90742582000004,7.219620000000001,0.016096428,507263.2723913126
5.475609756097561,181596.0,43,0.0,736.7862781141869,9.732735294117647,290.0197219689,5740.614156896118,253.39345867500006,10.900230000000002,0.028458458999999988,658523.9411768742
6.967741935483871,239974.0,50,0.004629629629629629,877.9374178071781,10.231753846153847,748.032909547504,15095.191484752244,82.147542708,17.9514,0.030576923999999985,476767.16135798185
8.152173913043478,121851.0,46,0.0026666666666666666,819.2498268421335,14.216785714285713,591.84727233264,7936.423791945791,224.18977800000005,10.57218,0.023954699999999995,510544.5607184014
5.5,183460.0,43,0.0,635.7622254019021,8.646785714285715,279.89959447449996,4733.669971702408,131.6007693,9.27942,0.012070052999999996,1050332.527064674
10.15686274509804,180863.0,76,0.007722007722007722,1134.7971781305116,9.920764383561643,356.23996678610996,6573.516171780221,216.09998586000003,9.9573,0.011330216999999995,944927.5055165432
5.746987951807229,221458.0,39,0.0,832.3580878213548,8.6732015625,270.564713010603,5256.932416845371,109.52430792600002,9.91719,0.014247512999999984,1169412.5371634497
6.385321100917431,175293.0,46,0.004310344827586207,1381.8296069356627,12.164431578947367,559.941357026115,5103.925726043704,67.402564614,8.3055,0.011438093999999998,577052.7999487134
6.716981132075472,252946.0,47,0.0056179775280898875,675.4789787420026,15.310157575757575,227.65607641497598,4961.1399241507925,309.9422546,11.982090000000001,0.011875079999999991,1123484.40445992
9.52777777777778,163115.0,41,0.0058309037900874635,726.1977928088288,8.497452173913043,340.9592596329919,5614.2949988745895,84.426891354,9.896310000000001,0.020233319999999996,762349.3294756451
5.580645161290323,192747.0,26,0.005780346820809248,685.464962018848,8.933237209302327,245.69724702614002,4505.952274078319,89.3432772765,9.65754,0.014983979999999989,961267.3734059359
6.444444444444445,186008.0,63,0.0,837.7795671556604,9.407403389830508,766.7230936875039,6710.063637506337,156.78696806000005,6.482730000000001,0.021696714000000006,259967.73806846025
11.0,241820.0,29,0.0,1370.2846648301193,9.17414193548387,377.98201853567997,9768.787933591406,101.64781756800001,6.20403,0.024947567999999993,675335.9537487746
6.333333333333333,307245.0,42,0.0,784.6856267356123,11.726293333333334,432.70295063251194,3424.8245481457197,215.87563847500002,8.4807,0.008730119999999996,654041.0530453215
7.084507042253521,171931.0,0,0.0019880715705765406,957.8703441081063,10.215312280701754,172.23550319403998,2584.7088678798223,243.86154936000003,11.035200000000001,0.011481503999999988,873813.3968598067
6.035294117647059,193101.0,30,0.0,916.613672423748,12.53791730769231,539.9896444855,11248.953296649914,190.42517725000005,7.13433,0.026996894999999996,443457.2948103028
6.544303797468355,172618.0,35,0.005802707930367505,1103.6888807749694,8.776075,322.07374249915205,8004.62397587724,274.49033187000003,7.118760000000002,0.023151599999999994,732533.4220651117
5.966101694915254,182564.0,16,0.008522727272727272,1413.5013888604517,9.6656,488.916759525768,5892.322515667357,341.831155815,7.4118,0.013805010000000005,769640.8857150391
6.491525423728813,221215.0,37,0.01174934725848564,1562.4147058823528,12.344597590361444,821.9341374816,7074.555487995907,181.399821525,6.791730000000002,0.016814808000000007,313727.66985382047
7.9423076923076925,136118.0,59,0.0036319612590799033,1573.3938080235243,11.654343749999999,490.14844682958005,8358.396949719552,183.76963836000004,10.8303,0.02438805599999999,511467.98007891385
5.757575757575758,240362.0,28,0.005263157894736842,1057.2955261499687,11.039422222222221,535.680489202912,8752.94782551887,94.21139771400001,7.665450000000001,0.016425011999999992,763167.8344506035
5.580952380952381,307245.0,42,0.005119453924914676,1196.182583807196,9.291184210526316,913.7097005262,10986.7905532896,19.725679740000018,17.087000000000003,0.024613343999999995,144533.58163390003
6.5225225225225225,176000.0,78,0.004143646408839779,1482.348444665393,10.687848888888889,283.24630037158,6443.257235204767,97.90301197800001,9.66921,0.012772235999999989,1116634.2447652642
5.538461538461538,179241.0,30,0.0023148148148148147,815.3389649018438,12.415679999999998,490.7786887907099,8605.028847860644,281.56467187500004,7.1165400000000005,0.020444880000000006,563758.6344486623
8.130434782608695,132933.0,44,0.00267379679144385,701.2770543981482,11.808114999999999,304.08447180474195,6112.777218926702,139.33663810800002,10.51719,0.016853865000000003,1073560.0410119693
7.55,205125.0,58,0.009933774834437087,1113.3696328132557,13.348400000000002,903.2531280732959,11446.802545799841,29.829366616500025,15.700100000000006,0.025891200000000003,185979.2472392872
5.840764331210191,188000.0,7,0.003271537622682661,1653.3341252652478,11.437235714285714,517.272043141676,6300.504868470178,190.11227480000005,6.93642,0.018330084,1407224.7800524845
6.509803921568627,155961.0,42,0.0,690.9845225577578,9.7359,395.75471595426,3194.2332885111,77.94604156950001,9.38358,0.011129273999999995,676299.3357309584
6.054794520547945,175200.0,61,0.013574660633484163,870.3719960583501,9.222116129032258,680.08350216576,7431.802147786004,198.98594310000007,6.897090000000001,0.01792363199999999,398925.79883923737
5.809523809523809,164177.0,59,0.00273224043715847,707.4471342002271,9.42084,753.5219572108801,6905.762600306241,206.74336140000003,4.97184,0.018472343999999995,354957.30440241285
7.52054794520548,200889.0,29,0.0018214936247723133,882.5698894647131,14.645382352941178,519.950003456625,6708.786356435071,372.35556245000004,7.979700000000001,0.012248996999999994,804445.6982217702
9.078125,156743.0,41,0.0051635111876075735,1204.3158415649439,15.654113207547168,535.07341453104,10217.781625741363,351.61053264000003,9.88791,0.017708112000000005,830209.2543240252
10.523809523809524,207394.0,38,0.004524886877828055,1462.0374775089526,11.813355737704915,495.10656638058,3628.024247302931,96.02069444100002,12.701100000000004,0.009827175,559867.9478571278
6.177570093457944,189642.0,75,0.0045385779122541605,1303.4249205805286,12.600798529411765,613.8104556687781,9734.296538868864,182.30322662000003,6.12927,0.025223783999999992,327912.3284605184
7.885245901639344,199754.0,41,0.010395010395010396,1111.8089633318245,9.833243333333334,509.09039999836995,7259.5631158373935,104.69480025300001,8.94885,0.018277481999999994,799555.8254400914
7.97979797979798,205125.0,58,0.006329113924050633,1716.3633840189693,11.02098765432099,394.1438363082,2010.8810342876116,347.22063354000005,6.299670000000002,0.006019464000000001,672174.9868053959
6.863636363636363,237250.0,59,0.003973509933774834,1605.0089604299174,11.922046052631579,241.873023117726,5236.015445440165,77.91870226500002,10.64358,0.024764481000000005,377878.26312674285
7.6875,217785.0,36,0.0,489.5402411528281,10.931129032258065,515.8120885404751,9740.745433769282,82.793469033,7.910580000000001,0.019786074000000004,579596.9341332511
6.696629213483146,186008.0,63,0.006711409395973154,1443.2911607142855,9.696332394366197,247.810684941202,3361.885345163245,97.25266582500002,11.522310000000001,0.016359686999999984,527898.9634557284
5.74468085106383,180666.0,42,0.001851851851851852,1240.6002578357088,11.401854545454546,278.942537548227,4687.46983247171,58.057513314000005,12.19956,0.023855207999999985,707901.4033287934
8.176470588235293,131878.0,42,0.004796163069544364,958.306401384083,12.209760000000003,537.1730185584961,4718.238683146559,76.94102329200003,10.04334,0.011729279999999991,716039.310485501
5.579545454545454,247666.0,58,0.010183299389002037,926.7560911938741,13.328038297872345,757.869164807964,14664.795750169347,224.5873924800001,4.725420000000001,0.029000111999999998,384386.1352319565
6.5504587155963305,187615.0,45,0.011204481792717087,1535.5946265206169,8.761104545454545,527.9856187515601,2911.0791779497054,100.83498300000002,14.4255,0.008682389999999995,531417.9806369854
7.659574468085107,134040.0,27,0.008333333333333333,764.0854129148444,11.421,625.8310796654999,9372.256489976722,244.95052650000005,4.743420000000001,0.015903858,579257.0396389291
5.982758620689655,244266.0,1,0.004322766570605188,1436.850102445151,10.095965,559.4089105603459,7383.3396796882835,179.30041948000004,7.2951,0.018861246,499650.108380655
9.268292682926829,173960.0,57,0.005263157894736842,1530.4223431952657,10.499955056179775,421.9728898419841,4962.896938938755,384.72785481000005,7.484820000000001,0.011928576000000001,807935.6642846157
9.303030303030305,217785.0,36,0.003257328990228013,709.734990788726,11.12875,515.8120885404751,9740.745433769282,82.793469033,7.910580000000001,0.019786074000000004,579596.9341332511
7.663636363636364,268384.0,30,0.0035587188612099642,1734.111462223499,15.196783783783784,659.08696770112,16347.972019201638,308.8898538600001,5.395110000000002,0.029364311999999997,496310.8000223485
5.0,186008.0,63,0.009433962264150943,973.0810186620373,10.187777777777777,615.1756187359999,5849.48262224088,66.33140085000002,9.54969,0.012312,598044.5090995972
6.517647058823529,207322.0,63,0.0018050541516245488,1210.1519215080705,9.510832432432432,462.52017990796804,4701.8321626407105,62.66585098800002,8.69646,0.014163719999999994,518802.41936329403
9.183673469387756,154194.0,38,0.0022222222222222222,1070.5017301038063,13.157608695652174,386.29279405385,7348.498417903101,287.9930766400001,11.0373,0.02088361799999999,761029.3994861938
7.787878787878788,207322.0,63,0.005836575875486381,1046.075660815518,11.521575862068966,838.3031997265251,12176.944521933454,57.390716370000014,17.474800000000002,0.019411161000000003,437460.51599199185
6.093959731543624,211647.0,73,0.003303964757709251,1778.7704017922467,12.47400842105263,772.197871526117,9343.754429404196,111.45223461000002,8.422410000000001,0.024367139999999992,255370.28542218203
5.7682926829268295,210688.0,93,0.008456659619450317,955.2594222202812,10.046182142857143,798.562600601392,12267.447672782278,38.48058985350001,4.60956,0.030419399999999992,232637.41729330434
5.192771084337349,199631.0,25,0.0069605568445475635,931.8569259361313,10.002732786885245,262.742220527787,6725.909020308567,74.69253089100002,10.97784,0.013917224999999995,987445.940215578
6.197368421052632,279403.0,1,0.0074309978768577496,1925.7564272127124,11.87010576923077,569.95019379012,7847.041802090401,218.56605537000007,9.429780000000001,0.019481814,570143.8652769508
6.69811320754717,196313.0,25,0.0,874.6329368813279,8.949858695652173,610.136480758434,15268.6033130215,252.96082616500004,4.41924,0.04093814999999999,1240505.6199679465
5.34375,181440.0,12,0.005847953216374269,1453.1160503457581,11.4399,714.0387190339438,7968.348203827197,181.08503664000003,4.973940000000002,0.023182487999999987,1035195.5584165801
9.633802816901408,226906.0,82,0.0043859649122807015,1452.3478249495602,14.0472,565.8161601786001,5475.39611147892,294.1990878000001,5.703840000000001,0.014952485999999992,521348.0886730439
8.154639175257731,249302.0,91,0.0050568900126422255,1709.823464501583,8.592829059829059,565.316016771,4677.350861009576,91.73446842000001,20.090000000000003,0.01039472399999999,590873.0087956412
7.568807339449541,228506.0,12,0.0048484848484848485,1855.1195011246855,10.085393258426969,350.77414414976,3324.057785815198,129.57997326449998,2.7560700000000002,0.0063364079999999835,924464.0783800223
6.513513513513513,219813.0,18,0.01037344398340249,1049.9984472122756,12.41900655737705,506.208199856112,4375.947014579597,241.25915134500005,9.38325,0.005351480999999994,670388.6343623493
6.777777777777778,221215.0,37,0.001639344262295082,1300.1779618550336,11.441435483870967,266.267799785775,3895.9941131775713,42.277205625000015,9.84492,0.021483629999999986,398779.42254424153
5.714285714285714,245853.0,75,0.0,318.46153846153845,9.301052631578948,736.79307038388,11777.762748965499,45.1428697395,15.223600000000005,0.033880988999999986,257453.29588810602
5.875,188000.0,7,0.0019342359767891683,994.9637858970278,8.681798529411763,595.93278532238,7736.468786870698,79.64898277350002,18.921200000000006,0.027659474999999996,357773.8147351377
6.346153846153846,173960.0,57,0.010101010101010102,1082.8626456398622,12.753959016393443,506.208199856112,4375.947014579597,241.25915134500005,9.38325,0.005351480999999994,670388.6343623493
6.114754098360656,307245.0,42,0.0,774.608977369667,10.90374418604651,277.7167560111,5078.165895522398,181.0033972635,10.066980000000001,0.012091499999999995,1291201.0557013098
7.75,186008.0,63,0.005376344086021506,341.12403816558935,9.92868,243.27278895743999,2495.799373375853,315.97461984000006,11.88432,0.008264402999999993,997286.8425269956
5.641975308641976,237250.0,59,0.00437636761487965,1043.4034190940554,7.8611140624999996,464.15219809891096,8570.235027222181,110.52516728000002,7.811640000000001,0.031477965,1023233.7754334097
6.575,141791.0,2,0.015209125475285171,630.1687015225509,8.710081818181818,287.563213910349,5368.65979197834,75.556248417,10.16991,0.02992599,529185.1150382535
7.569620253164557,202380.0,48,0.005016722408026756,1567.6587596197373,10.39631081081081,388.9561696445399,4762.697118333587,100.20560968349999,10.06905,0.012174362999999995,921787.0219971907
7.54054054054054,220896.0,61,0.0,872.9930666666667,12.059364705882354,235.37860966917,2923.09061262221,97.795035435,10.978769999999999,0.013788624000000001,866430.9692860626
8.84,204093.0,47,0.0015082956259426848,1613.4036005971063,11.203901204819278,448.13912355274203,6344.32702422189,136.49161407300002,9.97188,0.011730491999999997,1021915.3929332022
7.943661971830986,194285.0,41,0.0035460992907801418,1208.1207611911557,10.467327272727273,322.36877974284,8120.896899758954,149.623625835,9.69759,0.019186454999999988,1181110.4649999384
11.16326530612245,187200.0,36,0.012797074954296161,974.8214798703161,13.325851063829786,333.66186926160003,3578.7018837974433,130.587100281,10.23642,0.011338524000000004,1081111.4148081427
6.733333333333333,220896.0,61,0.0049504950495049506,880.0468665987208,9.92325,168.5300383413,4471.459881067411,135.27790737,11.97432,0.019145094,1119780.1408393113
7.8125,146250.0,25,0.008,611.4930142687276,7.404492187500001,371.004309899244,5727.2404839674655,117.47967572250002,8.21232,0.012832325999999998,917769.6210581483
7.846153846153846,155064.0,28,0.01568627450980392,1003.4679562121371,14.765066666666668,455.392285501968,9078.673754893049,365.34654555000003,9.461400000000001,0.023110115999999993,746189.305021535
8.19718309859155,200066.0,22,0.018900343642611683,1194.9566642404802,8.724321951219514,383.69459660336,7520.79658932576,370.5538774600001,9.28419,0.022449743999999987,764518.0136452743
6.264150943396227,108923.0,23,0.0,732.1186868686868,15.069687499999999,410.1272075061,5516.114186481256,118.874495868,10.312050000000001,0.008933846999999998,1078812.5492676522
10.553571428571429,180794.0,43,0.015228426395939087,1128.4494539713169,14.171335714285714,832.07819510046,17384.31557921982,296.39480110000005,6.671130000000002,0.022164527999999996,718723.552222247
6.0375,216680.0,21,0.0,1098.467011764706,10.766149180327869,388.52769734247397,7502.44383656657,396.48194418,9.25905,0.014853699000000003,941996.1393267106
7.163636363636364,148965.0,16,0.0025380710659898475,818.5299744897959,8.49341724137931,280.082044236762,5381.186249847577,26.886823320000012,12.65862,0.028320404999999996,442728.293275099
5.5,220896.0,61,0.017738359201773836,789.940244876231,11.495897959183672,602.9631417562201,9649.599699540364,135.08308264500002,10.273380000000001,0.03526010999999999,1062911.3296386364
6.342105263157895,177627.0,17,0.0,927.2231554823778,12.310465384615386,486.99337394022,8108.86253879169,95.699563377,10.49475,0.02007421499999999,802168.3671661485
5.660377358490566,138682.0,15,0.0033333333333333335,513.336181640625,10.171875,244.88786610399998,5041.719194419377,334.36295880000006,11.09391,0.024623274000000004,825907.1945046355
7.311688311688312,163473.0,38,0.0017761989342806395,822.8995225989248,12.231915789473684,427.18295061273597,5840.5809036525325,281.67036666000007,9.610560000000001,0.01562916,804164.3151696156
8.133333333333333,154673.0,40,0.0,1015.4087018004594,15.159054545454547,601.4260988170561,6709.741660215002,88.05048537600003,9.77274,0.013046076,795185.1577587734
10.0,220896.0,61,0.01,459.4386600271616,7.259393939393939,394.984000306616,12469.927102902717,218.33277592000002,9.69354,0.03674459399999999,641150.519144054
7.976190476190476,200000.0,68,0.0,806.0819230209953,8.073500000000001,235.42171579201798,7027.197817652301,133.6962414375,7.64253,0.01593873,1100123.9214874783
9.849056603773583,158518.0,52,0.009578544061302681,1119.001324618628,14.63377021276596,326.378821307328,6386.0353760169855,179.94269984000002,12.093089999999998,0.02038319999999999,783743.4874699792
6.965116279069767,136171.0,39,0.00667779632721202,1363.9024271124117,12.112279166666667,347.019392664978,5665.921874467202,165.08766406350003,11.089260000000001,0.009210585,1334961.125745574
7.5,126720.0,27,0.0,629.0132351789489,10.410272727272728,322.128172073274,9229.388073412441,136.814001366,10.42422,0.026911409999999997,1026318.4431731614
7.162790697674419,169400.0,46,0.012987012987012988,669.3987269122404,9.63466976744186,489.673955537704,12381.847017259439,51.27753127050001,10.527420000000001,0.038873436000000004,389082.7408769859
7.695652173913044,220896.0,61,0.01694915254237288,399.614023862396,11.399685,385.840382941992,10373.741405603852,52.7415542775,10.739580000000002,0.036240953999999985,485525.8641636444
5.024390243902439,236777.0,1,0.014563106796116505,500.1436582263846,14.186129411764703,264.71984088574,6127.18833488892,85.21080408,11.231190000000002,0.030199553999999997,669333.6120203353
8.185714285714285,189000.0,36,0.0017452006980802793,1194.229104250299,14.511225000000001,308.214302780865,1179.2011679641334,182.7214879,12.23961,0.004626975,749695.1271047696
6.636363636363637,151586.0,71,0.0136986301369863,323.1853798849435,12.243784615384616,385.49711004546,4383.394608031741,167.47002306000005,7.80111,0.02644975199999999,919932.7442221725
6.776119402985074,192096.0,72,0.019823788546255508,1070.580355029586,10.65661818181818,609.8643026241999,12327.15800657088,56.941287585000005,10.48086,0.037755000000000004,430101.1222235833
7.5,167642.0,3,0.0044444444444444444,477.4032187907785,7.227692307692307,365.88698131679996,5911.186128405266,72.543666,11.13186,0.024225768,607698.9572565776
7.545454545454546,228638.0,15,0.012048192771084338,614.6343094990336,11.253970000000002,502.770611375396,4931.60963899799,112.60658175000002,10.48764,0.014746754999999993,384229.2286287283
9.191780821917808,174746.0,49,0.005961251862891207,1031.6972423399345,14.080676923076926,967.4737493836801,16300.334340394416,89.12215415250002,5.13795,0.01970371199999999,594773.089594853
7.1454545454545455,146986.0,49,0.002544529262086514,1037.1764316301349,7.675592307692308,743.37166842199,15040.18220698224,159.62783705500004,6.383640000000001,0.032753759999999986,1085249.132934669
6.459770114942529,168760.0,54,0.01601423487544484,1212.6330002700513,8.976236585365854,690.2075226813691,14642.693590646959,97.153729068,6.118950000000001,0.026697275999999992,564223.9492352512
6.52,180480.0,50,0.007668711656441718,1196.2211997231968,11.573,814.7913972119999,8748.123826888403,38.29788336150001,8.20311,0.020657651999999995,275501.6675684852
6.549019607843137,190306.0,43,0.0074850299401197605,1273.7632461072662,11.048212658227849,682.3294434085119,8955.038283323522,78.43839724650002,6.518670000000001,0.017546166000000002,535216.0850328446
4.833333333333333,155040.0,43,0.0028735632183908046,842.5696551724138,8.042894117647059,760.7262565537561,14661.90348264892,46.833502428000024,18.689400000000006,0.03252743099999998,335775.36650008115
8.263157894736842,140826.0,43,0.004246284501061571,890.0199655271473,12.211927659574467,833.87021262921,14095.293038135262,227.45639700000004,3.66492,0.025582794000000006,415473.8139864725
6.802083333333333,194680.0,37,0.010719754977029096,1272.8219190400944,9.034598684210527,213.57929117880002,4013.8433205597166,101.38309902000002,9.75111,0.014932289999999985,1001946.4526512853
7.52542372881356,112667.0,34,0.018018018018018018,998.8257456828884,13.727157446808516,690.2989250970121,9052.115165853213,346.16108112000006,8.19963,0.012788510999999999,727936.6295591528
7.69620253164557,188373.0,72,0.008223684210526315,1238.6721959183676,12.825000000000001,577.898187849,7597.179600841027,94.35611089800001,7.548870000000001,0.013598639999999993,716761.9138670847
6.921875,177006.0,24,0.013544018058690745,880.0054920092701,10.399906521739132,675.1037386937031,13724.451627558621,168.73969409000003,5.603580000000001,0.03815429999999998,333505.2163243853
5.761904761904762,239414.0,28,0.001652892561983471,1340.2019316613912,9.688175675675677,460.90911649020006,6139.83303134467,62.113782079500005,8.57682,0.019068125999999987,548795.9009611284
6.013513513513513,165456.0,19,0.0044943820224719105,959.1869047619048,12.071306122448979,888.547974101208,10219.815152865362,171.17053146000006,6.62286,0.017584560000000003,394716.9900518601
6.865853658536586,186955.0,22,0.007104795737122558,1187.0748536990131,9.639310666666667,619.341873180184,14787.368294685684,263.48631925,4.3032,0.024065747999999998,557850.9965089565
6.293103448275862,158073.0,20,0.005479452054794521,682.651114844847,11.63567857142857,760.7529840403799,12915.79524558558,188.93187717000006,7.52454,0.027862934999999995,363165.83603286336
8.76595744680851,203962.0,7,0.0024271844660194173,947.86112950525,9.95111489361702,655.700356782768,9641.429426406605,68.74289808750001,9.283000000000001,0.023869632000000005,373793.87590407656
5.821917808219178,149193.0,16,0.004705882352941176,967.9457720588235,11.651954545454547,618.859973772677,7618.052218028026,104.58046372800003,7.775310000000001,0.008380125000000002,818489.2400733859
7.354838709677419,211662.0,41,0.0043859649122807015,498.62593400780275,10.583950000000002,975.0047191794911,16690.494401189844,33.47806053900002,2.561,0.031266588,197929.28378248497
8.208333333333334,216880.0,92,0.0,697.6516664780444,8.988214545454545,873.9755200106451,17703.80831855797,49.27794940800001,2.59245,0.03270582,266725.92353152914
5.753968253968254,195926.0,63,0.006896551724137931,1606.1297443161259,15.037615384615382,527.32427457024,7142.42579848112,89.37168384000002,10.45227,0.017696291999999995,733674.4156875776
6.396825396825397,138358.0,60,0.0,744.767656866772,9.168630188679245,410.70480390879,5317.258605485404,101.86472932500001,9.94824,0.016333650000000005,834935.1746462767
5.32,161454.0,64,0.002506265664160401,794.2435703372565,14.108170588235293,391.045099967802,5387.642230037145,77.333856561,11.261370000000001,0.017908128000000002,868146.1019606984
7.25531914893617,214588.0,67,0.0,1553.930653522563,13.077079365079365,286.98946729464,3297.402230919935,345.58249275000003,12.01683,0.013369919999999993,1007017.403347822
8.220338983050848,168292.0,56,0.012371134020618556,1076.91754766739,12.184169999999998,319.340537149704,6109.191722749496,399.5128589,9.38895,0.011982557999999989,1286217.0191904942
5.37984496124031,187548.0,55,0.0,1396.6295995780765,11.214371084337348,419.55397171486396,9464.431740696507,407.22363788000007,10.057920000000001,0.017389284,1140666.243363894
6.835616438356165,144238.0,55,0.002004008016032064,978.8080458288049,8.605290140845069,565.808541159204,7771.501047091223,339.70395249000006,9.125070000000001,0.0179037,853255.7806831877
9.03225806451613,130560.0,59,0.0125,1203.2955353089792,10.865777777777778,927.3130763479039,13139.968125640895,37.022643792000004,8.06967,0.03363359999999999,252947.85075036486
5.5049504950495045,196162.0,58,0.0017985611510791368,1203.078400615148,12.640340983606558,372.811013508188,4488.3516654233545,123.73781182500001,10.43385,0.009770171999999995,1003787.9244743201
5.365384615384615,203076.0,66,0.008960573476702509,1045.2875443583962,12.89893090909091,257.692397627184,4020.6900517667423,56.978184919500016,12.03891,0.018498509999999996,667426.0011352331
5.226415094339623,197027.0,60,0.0018050541516245488,1202.8042135384335,12.152318644067796,361.78017801588,3313.9751262665845,348.8872208250001,10.42356,0.02556021999999996,1123369.5815945053
6.864197530864198,138365.0,60,0.0035971223021582736,1217.541301775148,11.268894915254236,904.854042433584,15046.283111924358,62.75378152800002,5.105190000000001,0.03139058399999999,363781.94806179573
5.063063063063063,171250.0,58,0.0017793594306049821,1308.2850172908347,11.818949206349206,585.5078562905359,7370.957225372116,55.381052472000015,10.78215,0.020085209999999996,550436.0192508929
6.311111111111111,179199.0,57,0.0,652.4286419753087,8.407977777777779,255.72466909751,2766.810096768874,260.35670513,11.727780000000001,0.04320598000000001,956794.7914470163
5.894736842105263,148453.0,54,0.002232142857142857,844.4492,9.7872,363.00599425968005,4978.606216874849,89.65479456000001,11.33949,0.01629062999999999,944814.3868527153
5.841463414634147,200470.0,53,0.006263048016701462,1065.1045192075317,9.301843859649123,380.723566171856,6563.226227908067,381.62890444000004,8.49498,0.0172425,989673.0834012295
9.461538461538462,140897.0,52,0.0032520325203252032,964.6530701623416,13.139475000000001,360.71463180411,4634.323811328642,315.573469875,10.5285,0.012868874999999997,916962.3795497062
5.258426966292135,192052.0,1,0.0,1054.1634506124033,11.45834181818182,402.27782143630395,4574.626734506572,278.18028465000003,11.26101,0.012292110000000002,869880.5257901343
6.0,182970.0,57,0.001736111111111111,1115.5151366931605,10.737317647058823,356.76721702003204,4282.869016611636,144.22175024400002,10.64568,0.012311315999999994,1042683.284986445
5.901408450704225,145573.0,52,0.002386634844868735,1046.3759381948712,9.53644,609.47538183168,10362.968433496728,45.95983282800002,8.33655,0.030443831999999994,405806.1576613499
7.549450549450549,168292.0,56,0.010189228529839884,1461.574859740885,14.642192647058824,923.537242866231,11668.413367739693,81.31161549000002,8.73045,0.016989273,563102.2717935122
5.015503875968992,181176.0,60,0.0030911901081916537,1331.7847807352816,12.419812,440.34006740839203,4814.612999711999,89.78783748300002,10.9662,0.012173303999999994,692347.9141573744
6.218181818181818,110555.0,57,0.0,619.1718750000001,10.535268292682927,622.5787314242999,6460.256038294991,18.75564101250001,11.37045,0.023944884000000003,222574.3538207537
6.11,170973.0,49,0.006546644844517185,1251.9292770660377,13.62159696969697,445.65883213269603,2812.256160610727,125.97386209200002,11.39457,0.005939970000000001,949403.551159806
6.586538461538462,201600.0,54,0.00145985401459854,1300.2744822820039,11.3727125,488.48707896222,7961.59857435814,82.4075881785,11.11152,0.020713266,789868.8179356921
5.699186991869919,196162.0,58,0.0042796005706134095,1387.9507046052029,11.854183116883119,215.705579199198,5197.998952051292,29.857440096000005,14.26668,0.031118283,647899.659109448
7.171428571428572,158000.0,56,0.00398406374501992,941.4984433041695,12.588114814814816,259.72738057299,3239.761777085924,105.74047404600002,11.96349,0.01071249899999999,964518.0712972312
6.384615384615385,170234.0,50,0.007228915662650603,761.737486414684,12.990564102564104,385.2846506678401,7307.233821051023,380.2021189850001,11.615670000000001,0.022903847999999994,1056851.2892503627
5.71875,154560.0,51,0.00546448087431694,1035.517070568511,12.3129,482.91888859100703,5777.749704119849,69.01239785400001,11.82048,0.017789498999999993,660649.2865493326
5.051282051282051,168462.0,51,0.011844331641285956,1074.3398231876358,13.337239655172414,479.04990942708,6487.200309801378,55.43673107400001,10.76133,0.018016905000000007,627440.8640866642
5.30379746835443,153139.0,62,0.007159904534606206,802.8588248376188,10.581495833333332,290.836016239626,3978.1253898202517,341.32947952000006,12.485610000000001,0.016522836000000003,1049698.538515837
5.242990654205608,184235.0,48,0.0017825311942959,1113.75,11.931490476190477,190.73287659853602,1291.9182632843504,275.99639719500004,13.17042,0.00489496499999999,1190572.6048485078
6.023529411764706,144721.0,47,0.0078125,1043.9897916676641,16.39740952380952,692.3637958295519,5117.211771472636,98.85352092000004,9.77931,0.013937285999999991,964519.245920006
6.020833333333333,170880.0,49,0.0017301038062283738,1020.9933032526507,12.590618461538462,528.3403560934529,7586.581058689781,79.40468567100001,12.253830000000002,0.020495775,719537.3571634258
6.5,151579.0,65,0.0,886.4255588020453,12.784199999999998,683.71203772984,8048.831374123539,50.3810167875,11.313870000000001,0.020586959999999987,499510.160286022
6.7176470588235295,150006.0,50,0.0,1177.8229403226858,12.313910344827585,476.223535088556,7637.036938434597,120.02012948700003,8.61477,0.01859112,815931.3745304303
5.019607843137255,158499.0,52,0.0,1075.1585201188225,10.520774193548387,298.06340787859995,4934.198503802737,79.8137573835,11.42916,0.017298096,834855.3390993692
5.719298245614035,173151.0,49,0.0015337423312883436,1320.7989451204312,12.122794594594593,384.53849964707194,6481.290322596601,70.72854989400001,12.73023,0.020238660000000006,835957.5063535628
4.429752066115703,209706.0,45,0.005597014925373134,1115.2865970594503,8.648690410958904,347.987923795278,3862.348398502879,84.2385698505,8.62404,0.010135259999999991,880037.293634406
6.102803738317757,181395.0,53,0.0030627871362940277,1342.5129722133654,9.683605882352941,423.07369699334004,7186.991669809976,66.12133693499999,8.35341,0.020149386000000002,558410.8345478583
4.853211009174312,164919.0,47,0.0,1081.6276850966465,12.040386885245903,593.020756023696,7747.50361946743,54.24729106500002,10.68708,0.016260299999999988,619550.0401163991
5.775700934579439,130750.0,38,0.0016181229773462784,1257.949725619835,13.468210169491524,383.19373180296003,5104.076816263424,109.41161897250002,11.13159,0.014815517999999993,970755.1953671325
6.290697674418604,202085.0,46,0.0,1080.0429391433963,12.152827272727272,345.74802976441003,5046.703568058662,256.01242914000005,10.385819999999999,0.015677145000000003,809975.9426907692
5.092783505154639,141818.0,49,0.0020242914979757085,971.7780369603249,10.698393333333334,317.244186428416,6281.409618498872,74.64059779800002,13.07208,0.027026999999999985,811625.3763820255
7.21978021978022,249973.0,0,0.0076103500761035,1310.451279745697,15.313153846153845,653.0028502752001,8060.728617138301,87.088337472,10.66632,0.011466575999999996,782001.6044927125
5.175438596491228,179815.0,54,0.001694915254237288,1199.7580922865013,10.249358974358973,308.03601753585,3852.691800408548,98.15677986300001,12.69267,0.014012465999999993,938645.5396035432
6.033898305084746,237822.0,58,0.01544943820224719,1477.2060024738037,12.526515789473686,929.9445512319479,14901.40865470815,387.05706176000007,7.52859,0.023404613999999997,687871.4815027638
5.402298850574713,158076.0,48,0.00425531914893617,1039.0530957063995,11.857055555555556,405.3919872230401,5154.174018804761,102.24753362999999,10.810170000000001,0.010240769999999993,1141371.1595561241
8.352941176470589,155121.0,47,0.007042253521126761,1040.271715543431,13.56302857142857,639.73733243052,7835.1763692938675,267.74738670000005,8.61447,0.013386816000000003,775291.642185593
7.116666666666666,140000.0,50,0.00468384074941452,814.4613949662532,11.585327659574467,489.2107914220799,10003.713992621279,82.28431633500001,9.97026,0.025949616,712569.6281082272
6.841121495327103,193167.0,49,0.00273224043715847,1426.9331250423822,13.136785714285713,447.49291625167496,6415.0553974893355,293.19933916,12.26586,0.01376259299999999,798502.2662061498
4.9405940594059405,193578.0,48,0.002004008016032064,1069.489616902805,12.215903846153848,310.07895758837003,3657.9246875505883,81.83846637,11.514870000000002,0.012232043999999992,915994.5591125297
5.714285714285714,171851.0,51,0.0,1054.543127502694,12.881,333.904691716629,3162.601803396748,323.57678168,10.81884,0.010039928999999989,870083.8131694309
7.546875,196162.0,58,0.002070393374741201,951.6617522491351,12.396414545454544,254.85951132101997,3181.7432722175104,188.26981585000001,13.254389999999999,0.011242835999999999,886236.8269832007
5.691666666666666,199137.0,49,0.0,1308.5046291375868,10.856285,313.31694111564,3802.1164033591517,102.6989871075,11.073090000000002,0.013096140000000001,874414.6521205915
7.136363636363637,128450.0,42,0.004246284501061571,980.1408520425719,14.053031707317071,605.09724626468,10386.028624722618,134.72618243000002,10.23657,0.030753734999999994,1403191.2219591935
5.4,148925.0,44,0.006944444444444444,848.6733616979355,11.78900425531915,397.961831692348,7404.034545225657,299.58289168500005,11.541360000000001,0.023031000000000003,857508.756458137
6.379310344827586,196162.0,58,0.0018018018018018018,1024.709006763973,11.018431818181817,329.407920597504,4755.5386173916895,82.05502576350001,11.49453,0.013854941999999988,947608.4373364544
5.50925925925926,174000.0,45,0.008403361344537815,1219.1264999024456,12.472050000000001,507.41989841775603,7590.165687909088,72.86200078950002,11.66148,0.015573230999999993,745453.2087049359
6.777777777777778,170016.0,48,0.0018214936247723133,1025.6812409126626,12.87974716981132,312.472597310672,4723.299289854653,213.99730513000006,11.63652,0.017488739999999996,792154.5669606538
5.492537313432836,152000.0,48,0.0,761.4265469387755,11.050770731707319,387.66451930639204,5278.274830247146,295.36692444000005,10.83327,0.02017382399999999,697813.2122565829
5.548387096774194,297426.0,48,0.003875968992248062,1124.974909695291,11.856021428571427,333.421006462869,5924.208570378768,163.36078484700002,9.09927,0.012306647999999998,1168111.4367140948
5.1891891891891895,174880.0,42,0.0,1290.2448210922787,9.217265934065933,302.247822269106,4061.577618481351,142.76342527000006,14.46237,0.015036372000000003,883935.5732588272
4.685714285714286,201600.0,54,0.0,1036.0876038781164,10.372609523809524,488.48707896222,7961.59857435814,82.4075881785,11.11152,0.020713266,789868.8179356921
6.174603174603175,144238.0,55,0.0,685.0494506817323,11.604816216216216,42.24155200012199,842.8881714176001,35.724530736,15.25074,0.014419728000000001,900243.6777817524
6.056179775280899,157738.0,41,0.00927643784786642,1146.7792080752545,8.443497674418603,453.75469427136005,8411.148635456158,220.96876960000006,10.33308,0.020767967999999994,664210.6088608282
7.5,127228.0,28,0.012121212121212121,654.555430028747,9.377739130434781,656.639179463568,4791.75828327972,141.49411437,11.50314,0.016852247999999997,407576.3826988809
4.333333333333333,196162.0,58,0.005917159763313609,375.31177735405083,7.671063636363637,149.8493902371,1819.146578939999,54.69485721750001,12.59514,0.01771450799999998,612314.9102082622
5.0,164522.0,43,0.0,914.7119341563786,7.761641791044776,459.267615756768,5616.117616488116,81.27324767249999,9.546090000000001,0.015137615999999986,778160.944243244
5.602739726027397,214857.0,4,0.009779951100244499,799.7639485608948,8.210854385964913,357.50657526924704,5340.789540069986,100.54191483000001,6.603450000000001,0.013359554999999999,808697.4466127135
4.788461538461538,193167.0,49,0.0,522.0809829867675,9.39613548387097,224.32700582719997,3766.6537336173906,63.763646400000006,12.45984,0.019843542000000002,812733.2325468748
6.76,165266.0,16,0.0,320.72727272727275,7.322081481481482,224.32700582719997,3766.6537336173906,63.763646400000006,12.45984,0.019843542000000002,812733.2325468748
5.0212765957446805,152000.0,48,0.00211864406779661,1042.085657881646,10.71215238095238,617.28315757947,12555.888089970402,109.59385104000002,6.483090000000001,0.014460035999999999,840791.72275112
5.205882352941177,163360.0,9,0.011299435028248588,411.434011033525,13.80364,224.32700582719997,3766.6537336173906,63.763646400000006,12.45984,0.019843542000000002,812733.2325468748
5.222222222222222,221252.0,1,0.00425531914893617,415.50818662532646,13.278339285714285,659.9398555129641,8073.061045099474,362.39256931000006,10.039589999999999,0.008139582,853294.9050005322
9.402597402597404,196162.0,58,0.006906077348066298,1293.3645283018868,13.414685714285717,502.36746038325003,7274.464686842639,269.21666310000006,10.37346,0.013270292999999994,823414.3992546125
7.4125,153139.0,62,0.0,1394.1872659361811,14.425981355932205,457.59105018899993,4466.511057115674,344.28499969500007,11.302830000000002,0.009587969999999996,926250.5433898083
7.3125,138749.0,64,0.0,263.0933967876264,9.165278571428573,321.033590067498,5908.314905281183,76.72242291,10.731090000000002,0.027377748000000004,675581.3250402102
6.914634146341464,223400.0,51,0.0,1183.8792466652421,12.184663235294117,933.15609007944,13389.008514974397,95.33492117250002,6.175740000000002,0.016638344999999995,527959.8666599614
5.838709677419355,199500.0,19,0.0,825.2969578590922,7.46984126984127,383.84162037000004,7924.214583273241,105.77594328750001,10.42758,0.020497823999999998,899733.7701078312
5.972222222222222,186013.0,50,0.0,802.6510521840792,8.48175,368.257479121296,6586.410866439493,87.573784212,8.90685,0.020859719999999988,614309.1924311628
6.411764705882353,174520.0,31,0.0,417.74156754114375,12.634702941176469,960.449380852425,12866.033919889504,271.51966405000013,5.471370000000001,0.026563482,360430.399356507
6.987012987012987,194640.0,29,0.0,1568.1392361111114,12.85428727272727,389.298622358437,4247.957366028631,74.63315775599999,9.27552,0.010201571999999996,765620.3012642168
7.057692307692308,219906.0,34,0.0,654.9623493975903,11.04858205128205,219.443087180292,4640.641913930535,142.87631747000003,12.49779,0.027224967,613378.11081475
7.024691358024692,184120.0,18,0.007029876977152899,1174.2700583910034,10.013706097560977,532.8666710526271,7072.628290952225,82.87920909000002,8.72466,0.011793140999999997,691476.7314303297
6.444444444444445,182706.0,20,0.0034482758620689655,1348.978588674117,10.998457142857143,807.759618459156,16348.030732546113,74.16559571250004,5.0272499999999996,0.02604459,458793.13113493985
4.929411764705883,225866.0,18,0.0,983.6896393948927,6.629908536585366,521.1695808900001,7558.772140579702,146.129265,10.707600000000001,0.021331916999999995,514095.53271649743
6.7936507936507935,208800.0,22,0.0,793.8608318171661,9.673656000000001,611.1614046411901,8133.951766050003,47.836671060000015,6.27798,0.022260692999999998,381625.16810723254
5.34375,223400.0,51,0.0029239766081871343,1201.8622053909555,13.28914285714286,622.044357792,9774.48081016742,96.78080841,4.40955,0.012432527999999988,734685.6040063066
7.775862068965517,169835.0,5,0.0,875.4607872716412,9.2190126984127,397.87238607343204,5672.353563563941,83.2498904655,7.742940000000001,0.016246661999999995,559809.9617262647
6.862068965517241,190866.0,8,0.0,783.3115577889448,11.195064150943395,486.15083888256,6634.469652793917,127.5219345915,10.30014,0.010893167999999995,893942.1096348896
7.803921568627451,241600.0,28,0.005025125628140704,807.4095477386935,12.312487179487178,441.04841242769993,10524.287221387607,27.223785319500013,8.380830000000001,0.029877078,338751.75678349956
6.0638297872340425,187320.0,11,0.0,644.3016198347107,10.390031250000002,630.550031337248,9944.566199066961,62.68610465700001,20.3936,0.030115565999999983,357808.0925970826
8.310344827586206,185160.0,18,0.0,1053.0936932687614,11.946324528301888,644.347390548,5608.176186497256,65.55430908000001,6.28152,0.012087311999999996,458535.96789741283
5.660377358490566,184933.0,15,0.0,597.7675310445579,9.592682926829267,560.35254221505,7427.646386191902,52.409213025000014,8.02518,0.02012877599999999,393679.0739473566
7.1,203613.0,11,0.0028169014084507044,689.721448691507,10.77021590909091,531.416122291712,5718.797352213409,77.22243004800002,8.07402,0.015577049999999997,482773.5579414979
5.988505747126437,208800.0,22,0.0,1054.1191095315965,10.282402564102565,471.8219313048,8256.603935561396,73.382190768,10.892940000000001,0.009922049999999991,945507.5187570112
5.098591549295775,205826.0,7,0.0,692.3169212457846,9.09684705882353,559.304294435712,5701.247381577385,245.95865840000005,8.11035,0.014276351999999996,564651.0867733817
6.714285714285714,260265.0,7,0.0,1019.2349986155609,11.733225862068966,326.462064837524,3105.9644715755453,325.51585792000003,10.073970000000001,0.008577113999999993,861050.096677644
7.92,175546.0,7,0.0,377.4614958448753,8.612292857142856,431.21092161676,4587.251984809997,91.346370645,7.33749,0.013005839999999989,626795.1939211717
5.756756756756757,185613.0,20,0.002347417840375587,912.74303853865,10.136517857142858,631.4761352308501,8407.09448206628,75.16010337750002,7.923120000000001,0.021228924,448765.9992760599
7.589041095890411,198637.0,50,0.0,936.5702380994919,9.097643478260869,497.721399475635,7122.138489839099,225.07389603000004,7.58976,0.020672237999999992,560570.5268717261
8.287234042553191,231266.0,52,0.007702182284980745,1576.7452081138879,12.303063736263736,675.678411438084,7423.246041683401,56.64444781500002,8.93991,0.01457376,443654.2829191162
6.36734693877551,204173.0,33,0.008012820512820512,1521.7335511900374,8.989227906976742,327.825701921289,4688.50385049375,148.309413879,21.6419,0.008615804999999995,1091864.1636912697
7.116279069767442,190565.0,58,0.006535947712418301,1291.2168380359205,9.802643478260869,414.99912536172,8865.078853655465,268.518764385,6.1231800000000005,0.020035044,761607.4785535298
10.428571428571429,258665.0,44,0.019925280199252802,1928.6306829205198,11.77080487804878,435.29009089356,5963.440731269401,111.24383903850001,20.280300000000004,0.013080192000000001,785149.7392155763
9.055555555555555,244600.0,38,0.010736196319018405,1688.7557526133533,9.542485714285714,563.8844979036361,5865.391330565852,45.35190777600001,8.82144,0.016899149999999998,437132.4732905831
7.144736842105263,199160.0,41,0.01289134438305709,1210.0849149165158,10.342857142857142,551.6622388440001,13450.023003072014,330.49366137000004,5.861790000000001,0.027158136,677473.2206174339
7.696428571428571,174619.0,50,0.0069605568445475635,1078.2094810387432,9.130273214285713,406.53203192545203,6212.609303383602,79.69553600850001,21.6533,0.021672684000000005,454891.7977447394
8.462686567164178,208941.0,48,0.003527336860670194,1293.2836076817557,10.264529032258064,417.497853492352,9033.689387526649,358.3814567600001,8.429640000000001,0.028768319999999983,710378.7389465093
7.916666666666667,200130.0,37,0.002105263157894737,1063.2820685252595,10.595188679245283,407.9280540753,5017.921587786153,275.6448738750001,6.003510000000001,0.01065227999999999,772434.4347195567
8.768292682926829,241493.0,39,0.005563282336578581,1567.016488155888,12.331748750000003,618.1332736664231,5307.767008286925,46.51898953500001,8.78199,0.012402950999999994,412225.51026595855
7.670212765957447,227213.0,39,0.006934812760055479,1573.3260476208673,10.065620212765959,211.39602722268802,2536.8659593540883,108.61148213999999,9.38457,0.005640569999999988,1125931.7253396504
7.730769230769231,208292.0,47,0.007462686567164179,775.3803329864724,11.860827272727274,487.22625985908,9706.40753729026,264.36853467500003,9.61398,0.021420954000000002,777749.9821434893
9.303571428571429,182400.0,42,0.005758157389635317,1246.781488482812,15.164425531914896,467.07016566960004,10195.044031827294,349.36358831999996,9.945870000000001,0.021592895999999986,813295.6886253313
9.352941176470589,123061.0,42,0.0041928721174004195,1214.643440187868,15.592353488372092,542.4955360972,11722.736047032908,91.01588433750001,10.304850000000002,0.024179471999999994,696257.6063889217
8.147058823529411,232386.0,36,0.016245487364620937,1258.8962671993559,9.283347222222222,611.5090827921899,10303.98326821831,103.356167706,9.51252,0.031517319,620597.0450882262
7.6923076923076925,204026.0,39,0.016,947.1037114117238,7.729746835443038,283.830832188882,6755.856581893298,137.125055196,9.743760000000002,0.015920718,1233289.0336691
8.08955223880597,162411.0,68,0.016605166051660517,1154.1661822376009,10.85294328358209,571.1154967274639,9087.094792769198,81.12158121,20.0608,0.017604863999999994,530897.8518755333
8.194174757281553,282490.0,36,0.009478672985781991,1746.5359866672677,13.359314285714284,370.04046974150395,3999.8371824808332,118.26675844050001,8.350980000000002,0.0080178,947031.1377869073
6.12,155294.0,44,0.0032679738562091504,632.2221085944085,9.516599999999999,395.3934620784,5971.915628640002,343.88702550000005,8.19834,0.018948384000000006,737841.5259262163
9.941176470588236,163626.0,45,0.005917159763313609,1020.1266944668147,11.400257142857145,351.45921909612804,4680.08607081805,80.9026205625,8.58735,0.011255255999999988,823765.167730587
7.292682926829267,238846.0,35,0.010033444816053512,1097.6503652173913,10.944266666666666,919.872372024144,11822.0741058043,106.49433795000004,4.602660000000001,0.022630212000000004,223075.61496057626
8.186440677966102,165921.0,44,0.012422360248447204,1117.602789668702,10.6561875,651.13322670396,10386.669752809348,173.66644134000006,7.461450000000001,0.028453598999999993,361350.58898784383
7.310344827586207,120623.0,40,0.01650943396226415,904.4039362956058,11.387792000000001,629.8268466490259,7939.304164141595,65.31334380000001,16.9163,0.013693994999999995,486054.0529240489
8.014925373134329,213135.0,41,0.00931098696461825,1348.3051767300997,9.512776,657.808099844532,12244.669298765442,247.06487230000005,7.96983,0.024789876,536023.0075861812
8.754098360655737,176243.0,37,0.0149812734082397,1017.4977391390215,10.37461875,675.907636759124,12250.368867414254,142.43964192500007,7.33743,0.02696043,381906.71761551255
7.574712643678161,186712.0,37,0.009104704097116844,1582.966616023181,13.9924234375,834.5049719239801,8612.205844012846,145.740193245,6.124800000000001,0.012450944999999991,1373935.6671128932
7.854838709677419,141176.0,34,0.004106776180698152,1132.1554471326617,14.31991739130435,473.29386937544194,9868.527307823546,90.52460519400002,10.008450000000002,0.02278362599999999,732188.347735543
8.746268656716419,148038.0,32,0.005119453924914676,1358.6259964808962,11.000522222222221,510.2381381676,9210.409995190501,117.55301972400001,6.521490000000001,0.01580796,749084.5104958928
7.598130841121495,255078.0,35,0.00984009840098401,1711.4265876195057,12.173145161290323,425.4786313314,3527.5676361186806,97.69920054900001,8.579460000000001,0.007800878999999996,697623.257069967
10.0,157317.0,39,0.0036363636363636364,1052.2790065525467,13.092075471698116,395.35241801109606,7621.0318983729685,325.03278486000005,9.848040000000001,0.02325671999999999,717956.6466738201
6.940476190476191,194385.0,31,0.008576329331046312,1284.248991628101,10.729698571428573,635.2584971184401,10283.137383789775,171.35316992000003,5.879400000000001,0.019479788999999994,1466069.2905508333
8.453125,223120.0,37,0.012939001848428836,1175.2411740151538,12.575351785714288,263.49693154961403,3629.7686366220464,75.69572371200002,10.87482,0.00900162899999999,1098157.831842953
7.553846153846154,194385.0,31,0.018329938900203666,997.2596838702608,9.285355555555556,187.270571948096,3170.514248120309,151.95424582,10.940550000000002,0.015593579999999989,617806.2808179919
8.729166666666666,179037.0,36,0.016706443914081145,1005.9167855974271,12.082355319148935,749.45661871626,12429.598762005975,174.56250240000006,5.93721,0.020905550999999994,393992.5592294289
6.914893617021277,137256.0,38,0.006153846153846154,707.187176253322,10.858714285714287,456.205855761198,9945.88309070356,98.254211823,18.862900000000003,0.019499999999999997,807465.4801071263
7.011904761904762,221300.0,34,0.010186757215619695,1326.2227115445107,7.7930589999999995,675.2185842321501,9776.388932513071,75.8263054275,6.845790000000002,0.017405109000000002,582066.4080870823
8.660714285714286,187354.0,31,0.006185567010309278,933.3075654504224,11.14015306122449,488.78266617125,9081.437255420396,312.94763500000005,3.7584000000000017,0.01729775399999999,731679.1890272265
9.578947368421051,209465.0,32,0.01098901098901099,1615.4149975439266,11.463696202531642,504.9708097208,5937.256702397987,91.19833630500003,20.5655,0.010220927999999992,844822.2090155235
6.315789473684211,164373.0,36,0.011666666666666667,1171.5482294826709,9.571666666666667,373.179749659776,3976.5749858871695,82.765237365,7.49361,0.010345715999999998,788832.3479408893
5.157303370786517,150000.0,36,0.008714596949891068,998.1639579890289,10.049805000000001,514.758100641282,4953.513497284798,222.177339675,9.84777,0.01372879199999999,593057.9875448403
10.166666666666666,159328.0,29,0.019672131147540985,580.5927354715948,10.880181818181818,429.92329088023195,9667.77927945408,61.22363554200001,4.48806,0.02133043199999999,534923.8208798646
8.887096774193548,152142.0,42,0.012704174228675136,1288.5693659074595,14.402707843137255,803.5185802897189,16672.760544341658,315.2662165100001,5.949900000000001,0.026294099999999994,562549.882028424
8.202898550724637,198565.0,30,0.019434628975265017,1459.2964782714844,10.278045454545454,831.626049735825,10669.544547006832,130.51456666000007,4.4939100000000005,0.02163117,964737.7363983658
7.018518518518518,300218.0,27,0.0079155672823219,1541.5299662555567,8.082783486238533,537.8845190434321,13917.088761354582,285.98179698000007,5.463810000000001,0.02952539099999998,618235.2392275669
8.416666666666666,151233.0,31,0.009900990099009901,918.1464162837984,9.788583333333333,642.82053189536,7289.924202350765,85.48720252800003,2.6657699999999998,0.014926295999999995,514353.6613840336
8.3,227213.0,39,0.020080321285140562,1171.3669372181757,10.178653125,683.605380955922,6446.192840669923,131.54515560000004,8.28822,0.014530644,380829.58091321844
6.690140845070423,153400.0,32,0.008421052631578947,1061.406563892043,9.886551724137933,605.678043199824,8762.582207932363,95.9727092625,6.0686100000000005,0.022953647999999993,511975.5039431686
9.11111111111111,187354.0,31,0.01707317073170732,865.5348032069973,8.813423076923076,264.471716615904,2633.3771404330632,147.90604598500002,9.32085,0.03207084,644443.2581475553
7.842105263157895,155373.0,30,0.006711409395973154,1126.0470037870348,10.655667272727271,322.219647776544,3580.5805743039787,98.800179471,7.37199,0.006249069000000005,1012920.7686844383
8.622222222222222,138660.0,49,0.005154639175257732,868.5567281575372,7.662701538461539,308.633546928696,4118.159553304858,291.72230808500007,7.285589999999999,0.00781370999999999,943783.8708115887
7.982142857142857,298421.0,25,0.020134228187919462,933.6577825899118,10.635024,378.3286176782959,3483.012258413727,101.02059346000001,8.92491,0.011285567999999985,427138.69719172054
6.75,132240.0,25,0.013468013468013467,606.2399198039653,9.019970270270269,496.50215484475495,11026.486098786125,33.01446398100001,3.7807800000000005,0.025231733999999995,330679.53910941747
8.229166666666666,181826.0,21,0.005063291139240506,873.7881558641975,11.162041666666667,279.3305096883,5357.356995398342,73.72329858000002,13.06248,0.01416492,1331992.2686143604
6.320388349514563,267480.0,2,0.009216589861751152,1451.488671681456,12.158153731343283,363.52367334156,2704.8056878920966,226.77697825000007,7.793340000000001,0.0058491869999999875,806827.48685481
7.878048780487805,162411.0,68,0.015479876160990712,786.1794493145233,11.2917,247.2278229708,2098.845165771842,60.86467536000001,8.90178,0.006033768,834390.3951208402
7.454545454545454,184068.0,42,0.006097560975609756,322.5137566599703,12.470377777777777,291.30205468032,1930.619489916078,81.7116472575,9.89232,0.004916834999999996,816986.7673858873
7.921052631578948,226557.0,59,0.019933554817275746,701.3859534178647,6.889358823529412,562.646274670656,4856.320782795239,280.6115370300001,4.223790000000001,0.008954987999999995,692135.5024825952
6.015037593984962,147506.0,23,0.01125,1386.379352281429,12.965263157894736,757.4410166865921,9959.9104263771,164.208614465,4.326540000000001,0.024359282999999995,277486.6561675963
9.894736842105264,120623.0,40,0.015957446808510637,448.14863258026156,8.514455172413792,270.315349518654,1991.8221062739979,95.94779389199999,11.080140000000002,0.005324669999999991,1108770.9005773503
8.5,168240.0,37,0.01278772378516624,789.876396603964,8.6581,181.653896504784,3742.307933452344,183.78459408000003,8.86671,0.012009383999999996,960317.1843642833
5.916666666666667,180855.0,27,0.014084507042253521,206.79264298311912,6.024027272727272,322.93861843931995,2400.557977241425,127.89329300250003,16.194000000000003,0.012503171999999998,467717.90378751955
6.823529411764706,230160.0,32,0.008620689655172414,226.01874999999998,9.85677777777778,338.7942373291,4004.567902129569,52.246311957,10.50375,0.006301970999999992,739523.6772648668
8.252032520325203,283000.0,37,0.0,1996.1027095148077,12.118177272727273,565.949349765656,7298.383894137141,78.079692738,7.585020000000001,0.018546404999999995,490298.48640602874
6.0638297872340425,210133.0,29,0.008771929824561403,1345.404697306242,10.298513513513512,733.55635613995,13158.58240117335,166.12244765000005,7.187970000000001,0.021584706,462609.95359898295
6.963414634146342,210313.0,22,0.0017513134851138354,1168.5058875739644,11.541757352941175,554.522206290675,8832.853685520002,68.73039369000001,8.74107,0.019046663999999998,543952.078352928
8.65625,175331.0,23,0.005415162454873646,1107.448391065176,12.459211940298506,757.806729901056,8109.780737006534,81.391522932,9.81678,0.010034363999999999,756007.6487234726
7.952380952380952,130848.0,22,0.0,727.694404432133,11.335237837837838,494.34428320700505,9476.033298112054,233.59823872000007,9.261330000000001,0.02543741399999999,605731.004936523
6.953125,157977.0,19,0.0044943820224719105,914.4125882333217,8.874355932203391,578.804528283582,8944.703759892369,336.7518008800001,6.130770000000001,0.017940911999999996,755967.7453597531
10.266666666666667,231600.0,26,0.0012987012987012987,1652.246470185686,12.368678160919538,536.1530661122999,7069.206347496403,223.38510417,9.33819,0.014943284999999994,588150.083510472
8.235955056179776,212413.0,21,0.005457025920873124,1516.2471672220083,13.601972368421054,727.482475611594,11174.067891733346,58.288659695999996,9.58323,0.018713351999999992,568239.8433427018
8.148936170212766,117106.0,18,0.010443864229765013,760.0751201604262,13.863592105263155,607.9967882178751,13739.644691942396,91.39485960000002,7.99734,0.02402810399999999,638756.4802677698
7.328947368421052,196973.0,20,0.005385996409335727,970.3826943869744,9.929097260273972,505.7876591577809,5763.036674938102,279.27716544000003,8.358300000000002,0.013476422999999996,666513.626320731
6.705882352941177,154336.0,16,0.0043859649122807015,724.7925154670289,9.645643636363637,511.9317568430519,9095.943400467664,65.959847646,8.58183,0.030363719999999997,481886.02770239784
9.295774647887324,169584.0,30,0.0,1427.7118854237708,14.38696875,672.801885731143,10423.210137910482,376.2790231800001,8.09472,0.016554977999999998,758139.2344463118
5.269230769230769,180360.0,16,0.0,877.3385009765625,9.752442857142858,438.50967206585,5712.859089791997,307.790483875,7.3166400000000005,0.015009191999999985,722503.1064889412
8.586666666666666,196068.0,29,0.003105590062111801,1299.8073397234912,16.78655,726.964493314389,7685.010589906226,290.14276732,8.264520000000001,0.012239979,580686.3516470407
8.342105263157896,203910.0,29,0.00473186119873817,1592.120089919999,13.372596969696968,615.2335617789239,8200.594619526237,252.83362845000005,7.99698,0.014301764999999994,615747.9649896051
7.938461538461539,176470.0,35,0.007751937984496124,1080.2778055054325,10.580496774193549,469.9232187653091,7483.612283106961,318.10073351000005,9.6876,0.019333775999999993,782783.7179256092
4.637254901960785,165800.0,17,0.0021141649048625794,899.8268298541357,14.928525,357.87694780935,3269.602784637661,125.00160656999999,10.54725,0.006304577999999994,1191112.9936632966
9.196078431372548,165178.0,31,0.0021321961620469083,1052.2638543816852,13.672327083333334,530.86975705764,8119.488902306603,361.6102919,10.000740000000002,0.017174997000000004,763239.451942812
8.612244897959183,175098.0,44,0.004739336492890996,1009.0637993651524,9.669722807017543,688.04036048672,11182.664306305209,60.69319005600001,21.622100000000003,0.02006913,496897.29828572465
8.327272727272728,170346.0,14,0.010917030567685589,1170.7620172035756,10.315265517241379,545.954799785307,11013.441171820878,328.2531387,7.22319,0.019680191999999992,756162.5450457407
9.0,215059.0,27,0.005208333333333333,1186.2523948354853,12.76359344262295,632.672918132122,10004.998366629949,281.4123215400001,7.933470000000001,0.021236318999999993,540004.4273480303
6.282051282051282,240053.0,13,0.00816326530612245,851.4118457300275,13.236125000000001,682.7882026153919,8581.257560924932,93.56871656400001,16.815000000000005,0.014575584000000003,613596.701406678
5.728813559322034,212413.0,21,0.005917159763313609,1326.1930301432105,9.97710843373494,461.68672375175,7078.715477142401,8.406874578000007,9.992400000000002,0.027194543999999998,117447.51828576322
5.59375,246000.0,5,0.0,1075.2919745660768,9.67606875,439.991323861584,8149.32173798163,392.9035298400001,6.27195,0.01948606799999999,773030.3581589205
8.919354838709678,223213.0,4,0.0018083182640144665,1126.2575317185697,8.58048625,681.8581995269759,16033.68671724339,127.0010004705,15.570100000000004,0.033849719999999986,527094.6089928504
7.2,240000.0,4,0.005208333333333333,1176.305801380033,11.154285714285713,656.8629208684,11822.439388537889,274.76885562000007,6.1537500000000005,0.028019231999999995,484630.27378116234
7.0,157946.0,4,0.005012531328320802,806.2142899338373,11.387274418604651,556.9580715212801,7322.413233632741,94.766660736,4.6880700000000015,0.016505519999999992,549499.3162899109
7.931034482758621,309306.0,3,0.008695652173913044,1248.8781005859375,8.89083157894737,272.908647293855,3936.3845668126537,61.917092283,8.7279,0.00992321999999999,847899.1971795051
10.4,202666.0,37,0.002403846153846154,855.1286185083749,11.258553191489362,440.99493496272004,7520.28522921222,105.38283156000006,10.805670000000001,0.025561032000000004,1332827.1947888194
9.8,202666.0,37,0.004081632653061225,543.4971726837757,10.381109375000001,770.625588027932,14255.255179780585,68.51412993150002,4.830600000000001,0.02634946499999998,356828.6258084454
6.176470588235294,280786.0,27,0.011111111111111112,1228.8171140939598,9.76876119402985,595.257288377022,5594.070218913417,161.10558450000005,3.8447099999999996,0.017112075000000004,319063.59837867605
5.159420289855072,230600.0,6,0.009831460674157303,1294.1813207482646,9.2176,617.718010119756,13068.769899268202,348.581322285,3.985560000000001,0.027781572000000004,576311.3644282083
6.410256410256411,238685.0,31,0.012,1661.4367544856161,9.565988372093022,304.290315312984,3779.7742256691913,252.21949038000008,9.160110000000001,0.012241125,845415.0045802639
7.333333333333333,202666.0,37,0.0,1055.7540690717763,11.954298245614035,597.558081254238,8222.63221185488,234.18304884000005,6.018270000000001,0.017514914999999995,535485.4942697366
6.95,197813.0,20,0.009592326139088728,893.4134412433868,10.776242307692309,700.2519869184001,5483.968141998259,106.88814240000002,19.406100000000002,0.012139163999999996,489139.0851648515
6.402173913043479,236333.0,3,0.0050933786078098476,1219.8860020672246,10.643827536231884,382.81949979379993,6804.4790471616,90.42411744,9.2565,0.021056850000000002,673405.6053808699
5.49438202247191,202666.0,37,0.010224948875255624,1012.110985991622,11.53938125,644.7389916030841,9759.621435603405,71.423277595,5.9022,0.029597840999999996,172041.37684340106
8.291666666666666,141500.0,5,0.0033500837520938024,1278.6509363020496,10.698413043478261,781.7982703370401,13906.594547733604,167.29936278000002,4.9755,0.02999270400000001,313727.5813272946
7.982456140350878,212413.0,21,0.004395604395604396,1082.1390369718613,11.215303921568628,618.11495067816,8062.127438250165,213.29836953000003,7.67133,0.022695551999999983,1392678.1200720563
5.22289156626506,202666.0,37,0.008073817762399077,1641.78205320821,9.51388,617.718010119756,13068.769899268202,348.581322285,3.985560000000001,0.027781572000000004,576311.3644282083
7.366336633663367,254453.0,2,0.004032258064516129,1512.4625850340137,11.77620705882353,937.128619374948,16696.49974847708,147.88165392000008,5.63772,0.025161959999999997,326202.6700616939
7.951219512195122,202666.0,37,0.009202453987730062,691.3828034615207,9.455590243902439,578.766743228016,6102.361586543818,291.18947172500003,5.56605,0.014924231999999987,552493.1157574351
5.444444444444445,212413.0,21,0.006377551020408163,1705.6108888204917,11.414848780487802,376.660207550334,2424.312410827536,84.18066933600002,20.697000000000003,0.005116259999999997,821987.3751056273
8.117647058823529,121507.0,23,0.007246376811594203,878.9449072829885,16.121357142857143,764.45263039926,6688.44633902328,313.34646057000003,8.28513,0.004137756,785430.0266353347
8.015873015873016,222600.0,2,0.0039603960396039604,1038.3114162961992,10.452614035087718,790.054628905134,16615.586857402548,124.12229192000007,5.3112,0.03604629,270769.0832411155
7.75,116193.0,23,0.008797653958944282,732.5772265625,13.36909444444444,676.0699631429161,8538.557189382793,103.77341078850002,21.374500000000005,0.010662719999999999,793158.6665747402
6.652173913043479,202666.0,37,0.008169934640522876,1566.865824734706,10.079232000000001,666.7400579455999,6572.985537592601,197.54754462500006,7.60137,0.018940103999999996,395532.346978499
6.6375,202666.0,37,0.007532956685499058,1185.849773789998,11.329685714285715,367.15439689156796,5599.592366226736,185.72696384000002,11.557770000000001,0.017827919999999997,659740.2849198227
5.25,221403.0,72,0.0,831.3901084710743,9.160468085106382,258.02055422136004,2887.8338029600827,263.203105095,9.76293,0.010066944000000003,870483.1914559859
6.60377358490566,183589.0,0,0.0,683.4319526627216,12.483026315789473,943.3635982480318,9874.791448436994,173.18969928,3.95022,0.017388360000000002,282702.8165944826
8.310344827586206,202666.0,37,0.016597510373443983,568.8352178800503,10.395936666666667,611.976863410684,6919.9598242189795,128.687995164,16.528800000000004,0.012592550999999995,688889.9732693612
8.05084745762712,162166.0,20,0.004210526315789474,1038.4083772719478,12.154910714285716,738.15600007208,7368.929159301634,318.02397479,4.943220000000001,0.008196551999999998,702480.0130931907
9.25,301680.0,0,0.006756756756756757,310.2093878203421,11.373800000000001,421.9728898419841,4962.896938938755,384.72785481000005,7.484820000000001,0.011928576000000001,807935.6642846157
6.428571428571429,202666.0,37,0.009523809523809525,684.27734375,13.02721875,490.02944950341197,10529.840850865055,129.25245231500003,7.31547,0.024416639999999996,365431.2602598301
5.696969696969697,202666.0,37,0.005319148936170213,451.75848327496675,8.985007407407407,587.5200219896,7736.878975986339,56.66841587500002,10.196250000000001,0.025235279999999992,192352.75499049856
7.473684210526316,202666.0,37,0.0035211267605633804,684.8663911845731,12.296312499999999,985.25414096164,9384.26970096,227.72415671000007,5.048790000000001,0.014622264,386811.4759473889
5.873015873015873,179466.0,10,0.013513513513513514,756.6856902769512,13.812684210526315,765.3722110751521,10552.702140576961,299.2538930400001,7.514340000000001,0.016617875999999993,577369.9102446656
6.6923076923076925,201456.0,4,0.017241379310344827,397.3725,9.773504347826087,863.240357697645,10785.214557819021,218.15390655,6.603690000000001,0.028129949999999994,305374.2309728143
6.514705882352941,212413.0,21,0.006772009029345372,869.7734657907386,11.02345090909091,701.8469545038241,6609.992792487573,100.26191464800002,20.7457,0.013719275999999989,491789.46041897597
6.513513513513513,179076.0,65,0.0,353.92418639053255,6.767138235294118,208.94235639995,4314.37996789422,106.54114986,8.78808,0.02090852999999999,752749.9516782289
4.972222222222222,196807.0,64,0.002793296089385475,600.1528366629113,6.3948508474576276,318.43571553287995,5188.856969585379,242.54503335,10.598999999999998,0.030767774999999983,527297.3141262424
5.707692307692308,178932.0,45,0.0,702.1939909994005,7.437836538461538,203.58099310680004,3661.072096084706,246.24857956000005,9.59841,0.014977848000000004,841721.7844528819
7.9855072463768115,165906.0,60,0.0054446460980036296,1072.8582222222226,10.007424590163932,386.83169041572,7244.085747658964,280.34229960000005,7.919040000000001,0.022407359999999998,685407.4634024111
6.290322580645161,217846.0,41,0.005128205128205128,625.3143498527267,7.5875892857142855,242.59351564784996,4157.701470656974,96.02344000800001,11.185860000000002,0.02355775799999999,716168.0704051371
6.296296296296297,221484.0,43,0.0,639.9134667387777,7.043037037037037,248.77075034728,5821.081915299376,82.76169386400001,10.679850000000002,0.023821949999999988,835731.5364023926
4.407894736842105,203880.0,62,0.0,671.7673411519619,7.798217391304347,270.700570028676,4926.628454992522,73.28499732900002,9.79992,0.021577751999999985,692998.7824960289
5.345454545454546,192040.0,63,0.006802721088435374,487.53228305785126,5.815435294117647,363.4216087892,4202.802207093515,69.60021254400002,20.4386,0.015884832000000005,511337.0050036894
7.148936170212766,197814.0,41,0.0,574.7766272189349,10.612151351351352,462.86077266544606,9706.549510754203,94.931032035,7.48569,0.022510026,784900.0544403399
6.930232558139535,201546.0,52,0.0,468.65105454545443,6.5887215686274505,322.866207605732,5763.521140993026,69.18041178300001,8.372010000000001,0.020324064000000006,619649.1050969361
5.333333333333333,224931.0,58,0.0,323.0251562249639,6.1568,192.71686328294396,1940.3000213815667,78.61932505350002,9.81321,0.015986879999999978,560900.8956781537
5.75,207630.0,32,0.01278772378516624,720.4881884587289,11.14636097560976,564.5928117927841,2816.9044112275883,69.85991356950002,6.264210000000001,0.007507199999999986,520533.54890710086
5.981481481481482,250880.0,36,0.0,614.8726408720327,7.4388304347826075,257.97180623863596,4075.608451278375,237.17478232000005,9.84699,0.020925449999999998,608809.7051997263
6.622641509433962,226506.0,44,0.0,635.2061682533017,7.15200652173913,255.47087032467005,4689.793984575697,87.61293116400002,7.670640000000001,0.019593305999999984,705319.6303265824
5.483333333333333,229880.0,30,0.0,746.1195180331861,5.809541818181818,239.37517420816002,4130.224978364039,76.08624911250001,9.102120000000001,0.02598019199999999,508603.76575888135
5.289473684210527,171666.0,32,0.0,371.22548542995224,6.6095500000000005,144.53891141283,3253.4185860277507,65.80826920800001,11.86293,0.021013478999999998,842773.4337910204
6.60377358490566,202000.0,28,0.0,831.9418050127291,5.091301369863014,198.69082367624,2219.0389690997604,75.7379329275,11.08995,0.011932425,801645.5807788433
7.842592592592593,118254.0,40,0.009445100354191263,1550.4477372190988,12.5741,216.90117529595898,5867.681419620286,127.37976193000003,10.803959999999998,0.021375665999999988,748359.7337455578
6.886792452830188,173706.0,41,0.0,849.4043839758124,9.013066666666665,247.37101483147202,3776.376961528326,248.96792938500008,10.0851,0.017319120000000004,692210.4198229552
4.333333333333333,234374.0,27,0.0,621.2649002484026,6.159925531914894,152.59243494558,2444.005199231374,396.28890885500005,10.93002,0.03596109999999995,1109991.5257252534
6.020833333333333,179366.0,60,0.0,527.90478515625,8.982481250000001,295.63396987168,4683.003682588229,329.43872360000006,7.919250000000001,0.020754810000000002,637654.2054618082
6.7560975609756095,177310.0,57,0.0,469.9692799999999,7.4425526315789465,180.86747547008,3505.266788923157,94.638735576,11.09343,0.015545339999999987,1087086.1369863073
5.516129032258065,187506.0,30,0.0,280.8675,5.3950499999999995,294.37201770992,4973.65147311435,67.55565774000002,9.286290000000001,0.019464248999999996,688039.1241467764
4.068965517241379,224931.0,58,0.00423728813559322,436.6232570133913,5.5004857142857135,316.90172153952005,6144.183969237441,79.82030979000001,7.999830000000001,0.02458732499999998,646192.3721075195
5.945054945054945,148764.0,17,0.005545286506469501,1008.3832855020104,10.551303333333333,446.87607909461997,7998.334483389908,48.37045805550001,20.8956,0.020767134000000003,466485.44289268024
6.861111111111111,211966.0,40,0.006072874493927126,1002.8023781212842,8.45108656716418,474.12581614288007,8546.3784656352,102.53353784700002,7.438289999999999,0.022246223999999985,734394.981659536
4.558139534883721,165837.0,67,0.0,1037.7626412849493,7.703468181818182,138.982905119772,2734.809653276194,29.510874343500003,13.853850000000001,0.020303474999999984,762235.4007247831
6.96078431372549,118254.0,40,0.011267605633802818,662.312410786621,11.405776315789476,256.97778725386604,5801.011841699829,254.650034435,11.30883,0.024207434999999982,746204.2691603285
5.0285714285714285,179400.0,44,0.0,626.7403519714858,9.8744,342.101785133232,7398.62222372977,84.840121341,9.56856,0.01972672199999999,853435.0814560698
4.6455696202531644,192133.0,35,0.0,706.7455810650888,8.330166,298.17278883989997,7137.917317046671,38.427867261,9.71439,0.02631405,535974.0739997542
6.1454545454545455,189966.0,31,0.0029585798816568047,668.9826989619378,9.046266666666666,383.336314980144,6218.758707956734,311.39203344000003,7.27122,0.023959151999999984,575140.7689004596
4.592592592592593,182500.0,35,0.0,450.8746972788467,7.121475,61.30263230424,1105.0109599707152,55.45659340200001,13.772129999999999,0.014051774999999997,850249.2789649157
9.282608695652174,194415.0,36,0.00234192037470726,465.7858591999787,8.603313793103448,501.1127799835681,5574.912821036362,177.66639135000003,5.666190000000001,0.012278196,540738.9996631963
8.491228070175438,227636.0,40,0.0,1101.1847271766417,10.778764912280701,404.61925853989203,3513.3901893263064,291.110777055,9.95337,0.009828,817096.8690025094
6.4,140869.0,65,0.0,251.42885485770972,5.216581818181818,193.88899929475198,1996.4824952736165,95.022648798,10.332960000000002,0.017668703999999997,536632.777026212
7.432432432432432,143173.0,26,0.0,566.6765432098765,4.995833333333334,162.17888038068,4347.184213814328,46.377813816,11.097480000000001,0.041502977999999996,420649.9561523988
6.568181818181818,168034.0,35,0.005190311418685121,1043.4545771591545,10.787828124999999,399.8526048306,5971.984572259303,138.65858685300003,6.40659,0.011590068000000004,1019944.6079061627
6.218181818181818,242378.0,32,0.0029239766081871343,1569.6606878698226,10.129714285714286,630.75036904768,9652.226739039541,375.27093471,5.4924,0.019335551999999995,644228.1907999208
6.174603174603175,174986.0,39,0.0,834.4588303872711,8.441299999999998,214.78030187207295,2770.947453502656,204.14950544000004,11.75742,0.017721863999999997,677690.4034172988
4.951612903225806,229710.0,44,0.0,552.8871163665681,5.60486724137931,573.3203357913859,9742.660367516386,119.91538480200003,17.5454,0.032016315000000004,498453.7984427911
7.193548387096774,171903.0,60,0.0,737.757147682492,8.572704918032787,446.86698051520005,8763.505231665407,80.81016584100001,8.43792,0.024925751999999985,662145.8021813037
4.705882352941177,194516.0,74,0.0,605.2383527775631,7.120340425531915,690.211708830882,5119.24146404965,56.503623563999994,2.36199,0.012711227999999995,359605.3913289764
5.163636363636364,161432.0,60,0.0,522.6305413232346,7.950464864864865,306.05720646375005,4911.63253021835,207.90731205000003,8.93607,0.022780757999999988,543783.9209464297
7.433333333333334,223053.0,48,0.0,295.74260000000004,8.912566666666667,168.75705579163198,4235.109988585618,100.06768364400001,12.026910000000003,0.02152337699999999,1043455.8629265202
6.359375,206013.0,30,0.004914004914004914,883.5662255052837,9.811892156862745,412.72281544704003,8634.636961704002,80.571258036,7.36074,0.015201458999999999,951378.6772243988
8.191489361702128,191093.0,28,0.0,534.9136097713647,10.0254,470.31962253947995,5262.375422439334,169.99326730500005,6.3020700000000005,0.012869141999999993,517579.64656433923
5.256410256410256,193000.0,30,0.0,386.9005900693138,7.153133333333333,433.603681079096,11134.199994148863,57.630007975500014,8.04912,0.035481096000000004,543272.0742722464
5.980392156862745,145966.0,30,0.009836065573770493,635.8367768595042,9.532636363636364,346.71845641914007,6180.529821822604,345.6364154750001,6.02916,0.020120309999999992,669571.719255049
4.626865671641791,195374.0,37,0.0,507.7840292614177,5.275438596491228,254.906157022,3809.270913579998,64.90527172800002,9.597180000000002,0.018598463999999985,666366.7921592222
5.884615384615385,205194.0,23,0.006535947712418301,554.157800096487,6.354785454545456,486.41821237333806,9589.241126605857,61.20311242500001,7.2407699999999995,0.02794024799999998,492444.40726933343
4.894409937888199,273489.0,20,0.0038071065989847717,1236.6650600559465,13.100762666666665,527.983644776992,9994.093449602922,28.54692332400001,20.026700000000005,0.019365075000000002,359909.9260521843
5.394366197183099,224931.0,58,0.0039164490861618795,1358.5797859690845,12.11315135135135,512.462253604466,8953.09026614444,266.6044357900001,4.738830000000001,0.01574856599999999,743704.1976179142
7.25,198545.0,24,0.0,713.1962694340496,8.139503921568627,399.17437325766,7986.50644482634,72.265423995,6.7882500000000014,0.021963744000000007,644001.3358706357
6.442622950819672,177826.0,22,0.0,544.5619284149013,8.880963829787234,316.18371325747705,7064.356398313899,77.422134603,8.27673,0.025593884999999983,663007.3341846017
4.968421052631579,177310.0,57,0.0,725.9470766521924,9.013831884057971,399.05289359125203,6552.537105502843,146.01204552500002,10.99995,0.017118296999999998,667851.4524676469
6.1,174628.0,65,0.010245901639344262,961.8992682796561,9.651071428571427,577.340965647375,3050.107081969057,52.78756225500001,12.6875,0.007171235999999989,434610.8889192613
6.0,201722.0,54,0.0,678.4033613445378,7.986931034482759,368.288147762064,4812.087458078847,342.68517015000003,9.187890000000001,0.015013350000000003,799602.5567183713
5.472727272727273,212897.0,56,0.006644518272425249,685.7356674942838,10.835029032258063,684.71911176865,9372.105403649704,67.53868180000005,2.708130000000001,0.022370145000000004,163758.74297361355
8.423076923076923,190222.0,29,0.0091324200913242,1092.08,9.869016,343.22652961509004,5337.845010923518,237.24316900000008,10.391250000000001,0.01907236799999999,791722.5878372354
6.4523809523809526,209666.0,14,0.005535055350553505,1061.4297208205098,10.826247761194029,526.70796495669,16084.944584312158,351.8065254800001,7.432829999999999,0.022987439999999987,911635.898609268
6.490566037735849,200000.0,27,0.0,835.259797979798,5.0040219178082195,198.69082367624,2219.0389690997604,75.7379329275,11.08995,0.011932425,801645.5807788433
6.457142857142857,155816.0,53,0.0,377.25556817189266,7.6380937499999995,329.76785924523,7729.835029586463,144.751743522,6.3981900000000005,0.017024052000000005,1089252.3406181661
7.638297872340425,171391.0,52,0.0,691.89465380616,8.766623913043478,564.4401413480979,9086.107620614637,76.8895255665,5.1811500000000015,0.02464279199999999,475353.66454554227
6.612244897959184,144000.0,52,0.0,542.5328719723184,9.197446153846155,324.317481108936,5129.412919078572,297.463690195,9.6225,0.019278765000000007,766019.1635516193
5.660377358490566,176333.0,51,0.0,637.3083043981482,7.6400000000000015,368.36940832182404,8466.035652338815,344.5992384450001,6.919830000000002,0.02681035199999999,679080.9886442216
6.827586206896552,245853.0,75,0.010101010101010102,743.4311829099796,8.89835294117647,858.6003360921599,15070.95423429531,6.5114064840000125,17.701900000000002,0.034741272000000004,55561.810217050785
7.666666666666667,168377.0,49,0.0,603.4198639455783,9.04610909090909,462.32265759679996,7388.051444815956,319.26632412500004,6.03681,0.020913552000000002,634512.4231390356
7.727272727272728,246350.0,12,0.009411764705882352,871.2157411184274,10.215,466.613426348226,2936.6589025601293,325.7007118700001,7.29987,0.005612081999999987,940962.7562652488
6.947368421052632,208448.0,48,0.0,440.98750359092213,8.2368,304.23170408716805,3359.7068548491384,123.15124449600002,9.00186,0.012229152000000002,925535.6359910383
5.853658536585366,132716.0,38,0.004166666666666667,451.10352586716505,10.905103448275863,399.05289359125203,6552.537105502843,146.01204552500002,10.99995,0.017118296999999998,667851.4524676469
5.970588235294118,172640.0,49,0.0,514.7071715500945,7.463633333333333,367.00993005066994,7685.175965270538,335.39587322,6.80817,0.021302034000000004,750153.9228920847
4.4605263157894735,224483.0,9,0.0,681.2544,7.375053191489361,227.00369191462497,4153.8150887967995,223.44178415000002,11.447040000000001,0.02575058399999999,675414.5663779358
7.40625,212000.0,30,0.0,326.87378989690257,6.327202941176471,119.5616095177,1848.9007365886216,121.926625275,11.25492,0.010161582000000004,1163936.45169188
7.647058823529412,183529.0,59,0.0,943.8904278239456,11.494689655172413,468.499231935352,6807.248204230147,81.4890005805,8.50797,0.014462228999999993,783845.5737263795
6.986111111111111,170161.0,72,0.0019880715705765406,875.6574656021743,11.473988888888892,524.466438673872,11197.73757442423,85.9671219435,17.930500000000002,0.022684031999999993,608335.3941516539
9.560975609756095,171111.0,49,0.002551020408163265,777.1519419427844,10.2704,343.34565692920006,5199.294496703127,112.82728735500001,9.45201,0.015325091999999998,892229.550719515
6.27710843373494,202588.0,49,0.0019193857965451055,998.5787545451628,11.278648076923076,480.76480922431494,8216.060099641587,332.94055725,6.911130000000001,0.022167404999999987,680624.3157843217
10.40625,180150.0,57,0.0045045045045045045,1268.0811821526443,12.87941538461538,664.14027394173,13982.011036388938,100.53490289700004,5.77281,0.024715026,657399.7720629007
7.46067415730337,276546.0,9,0.0030120481927710845,1112.0705917355886,9.11038181818182,258.77928502284004,3779.351377827841,51.00721531500001,11.4309,0.01579617,713095.6658141776
8.432432432432432,126000.0,50,0.017628205128205128,1358.7008746355684,12.298952112676057,364.61846973209003,5470.822278504664,186.43073353000005,10.99959,0.012632100000000004,761304.414239512
9.673076923076923,184304.0,54,0.0019880715705765406,915.7827260850634,10.88734827586207,339.74579111880007,5564.1287300196245,39.209465970000004,11.043930000000001,0.019824419999999985,556437.0658081168
6.598214285714286,213030.0,44,0.0040595399188092015,1490.1546242963138,10.362326744186046,320.530642809867,7365.732076988424,84.40191912600001,10.250820000000001,0.02480527499999999,770182.5977739858
8.064220183486238,196400.0,42,0.01478953356086462,1951.5353933815475,14.34386551724138,635.4442986388979,12234.903643793461,81.015535818,7.237439999999999,0.019626785999999997,553338.0837154961
8.955555555555556,108272.0,44,0.007444168734491315,878.4032277204224,12.434893023255817,418.01472137728,4190.1486927818605,197.15628520000004,10.429530000000002,0.013593131999999997,559560.1124060955
10.692307692307692,132950.0,44,0.017985611510791366,1173.8485339170952,12.523193220338982,254.19812729209798,3451.6245402395657,54.4076113725,11.84487,0.010767014999999993,883301.4353962925
7.884615384615385,209446.0,39,0.008130081300813009,1399.508406786849,10.285319277108433,472.59241384152,9236.564747226417,90.43631531550001,8.30676,0.018015341999999997,667373.2093951266
6.228571428571429,166250.0,52,0.0045871559633027525,758.8657817467055,10.583701818181819,381.5280690909999,7156.418536614985,94.4786293125,9.949860000000001,0.020131119000000003,693788.4981612058
8.158415841584159,237333.0,23,0.006067961165048544,1707.397159436114,12.187956043956047,535.30817425344,8524.302706039362,56.925523872000014,8.91825,0.01698987599999999,606228.3628972531
8.288461538461538,189850.0,38,0.012761020881670533,1659.9793410794223,12.087464516129033,347.17308543061205,6042.287955720258,268.99365297,9.01035,0.013958840999999996,819238.146016877
6.048387096774194,184610.0,40,0.005333333333333333,762.3929398148148,7.991666666666667,218.9682061791,5866.773325536584,67.16594902500002,11.420399999999999,0.024424619999999987,862356.6169060841
6.904109589041096,172500.0,42,0.003968253968253968,1000.8694268529422,10.739264516129031,453.06154561590995,7468.015050146097,43.68562427250001,8.73606,0.02011998299999999,428127.2475792809
10.627450980392156,268973.0,8,0.0018450184501845018,1130.2446615236784,11.340661016949152,581.8823548583399,10813.058064640003,142.90065964000001,8.98689,0.030923276999999992,384802.48259646207
11.054545454545456,187615.0,45,0.009868421052631578,1257.3602002766058,12.866352941176471,517.4422332986401,14311.34494803046,100.98412942950002,8.80104,0.024074795999999996,665684.8142120958
7.4,199200.0,41,0.008445945945945946,1352.5479964601607,11.254185074626866,494.55126900696007,7853.110009404405,85.17185520000001,8.06091,0.018214085999999987,673037.1244160964
7.171428571428572,234725.0,61,0.00597609561752988,1129.423464732288,10.578586440677967,585.8673339515921,11081.9448931149,105.76876887500008,6.7914900000000005,0.03220628399999999,237660.92622719295
7.333333333333333,167659.0,43,0.01567398119122257,1309.0117492675781,12.550628169014084,396.35943416213803,7418.915751464406,88.01023309200002,9.93285,0.017693672999999997,690878.4886433373
7.206896551724138,124835.0,36,0.009569377990430622,981.7693233672071,10.83239259259259,494.22611066456994,10942.880210561954,47.93357601,10.060710000000002,0.03448349999999999,310968.801442905
8.85,163027.0,37,0.0018832391713747645,1000.2073929788274,11.001156164383561,616.8505756117601,9911.252543300832,330.02147025000005,9.920399999999999,0.014974199999999997,684628.8063780254
8.32857142857143,226704.0,41,0.00686106346483705,1173.1048900576984,11.147330158730162,493.0558284319819,8642.828748556798,275.51840014000004,8.19585,0.023639183999999994,622389.5171834478
7.6976744186046515,183875.0,38,0.006042296072507553,1278.4988904426673,12.799964705882351,401.732017171056,9642.166117873576,305.81056525500003,9.20559,0.030747156,517539.73483626475
7.122448979591836,175085.0,38,0.011461318051575931,660.8366439909295,11.537205263157894,297.49670645409003,6064.3143952294395,290.05531009000003,11.269680000000001,0.017954351999999993,1016179.6636438051
10.28,135136.0,35,0.011673151750972763,1180.6122765282585,13.06822456140351,690.2243857843159,10520.650215506485,109.38670021200001,6.48417,0.015616847999999992,582102.5874733931
11.0,207124.0,35,0.0017482517482517483,1372.6533340001183,9.819085714285714,398.52310592478,5037.111018023617,82.34599375800002,9.36522,0.013596701999999994,681346.5600072761
7.615384615384615,145636.0,33,0.0,1010.5967078189302,12.133628571428572,500.161870147284,8986.506206777189,220.3008276150001,9.49593,0.02865344999999999,467513.3524756767
7.5344827586206895,165953.0,44,0.002288329519450801,815.1619015957446,11.522816,347.287123598976,4194.399862291999,274.83368121000007,11.494320000000002,0.014008679999999994,799745.3782930855
10.186440677966102,182727.0,45,0.0016638935108153079,925.1397581022079,13.628193103448275,714.9305460879359,10086.858003119622,153.81233808000005,9.01521,0.021952151999999996,1438092.4123000293
5.785714285714286,178624.0,46,0.00411522633744856,944.4852874603893,11.131135714285714,259.905105410412,3328.518061516698,87.40282499550001,11.39655,0.010778507999999989,983155.6847103873
8.76,222775.0,35,0.0060882800608828,1363.9686880697582,12.985352307692306,408.94380135930004,6811.82639783496,86.12596938750002,8.46954,0.016223750999999998,736071.1619237692
9.35135135135135,100214.0,37,0.008670520231213872,715.4891107438018,16.5089724137931,445.170442178986,5981.928407165699,201.9148115200001,12.252540000000002,0.018198116999999996,683422.298378751
6.310344827586207,198021.0,31,0.0,1157.4101508916322,12.24613125,496.881890785452,8702.49700822392,110.34878184900002,8.66904,0.016021823999999994,708880.5258890581
8.228571428571428,134318.0,32,0.017361111111111112,625.296305978403,13.1104,302.935230863826,5668.231722395049,349.614990175,10.325670000000002,0.015585320999999994,1050674.5567029149
9.971830985915492,213063.0,31,0.012711864406779662,1683.039519869524,12.470115789473684,655.61165791416,11915.428482315243,70.524512775,6.671430000000001,0.022493729999999997,490294.4093880418
6.615384615384615,168057.0,0,0.00516795865633075,1421.182674654295,9.92303181818182,683.4566928722401,10033.794177638396,182.85591240000005,4.443540000000001,0.03437591999999998,826214.2552086511
10.5,157395.0,39,0.006613756613756613,1365.5228610230874,16.427508196721313,315.64809379256997,4979.732516913002,117.00552105150003,10.09104,0.010930059,1108703.4665636069
8.0,202432.0,32,0.009210526315789473,1557.5175032633204,12.837753424657537,564.5787750627751,8871.758371376018,94.56982530300002,8.08107,0.019533239999999997,747643.4753654978
8.596153846153847,165953.0,44,0.011185682326621925,839.6595679506546,11.778449999999998,341.44081748745,4073.9952284087985,275.805495285,11.52522,0.013477193999999994,821905.8617638805
7.421052631578948,203728.0,0,0.019858156028368795,1413.2874591802852,11.794062499999999,585.729068906025,10990.188878947196,166.85608836000003,7.84419,0.03043883999999999,1337865.5189288647
6.857142857142857,213167.0,31,0.01282051282051282,1115.9092264650283,11.393199999999998,497.541988785492,7694.3412314239695,87.45179326200004,8.06778,0.017560680000000002,640223.0487060554
5.779411764705882,190352.0,48,0.0,700.101321329801,9.319117021276597,277.7478871626,3030.0540124323857,78.5650578375,11.210280000000001,0.015175368000000003,743900.6422560061
6.9423076923076925,141508.0,38,0.002770083102493075,731.7649181153943,11.580694871794872,323.359901711265,2965.2497008322775,295.43031892000005,11.792010000000001,0.011800476,853871.0682635192
6.870967741935484,184304.0,54,0.018779342723004695,964.1639507100862,9.855029032258065,775.3510629643171,11069.777403041526,226.83514551000002,6.144089999999999,0.019412991,363173.07635646925
8.852272727272727,171060.0,44,0.01668806161745828,1664.9181575865853,16.142957333333335,569.2469612553401,8054.949058987114,136.47369975,10.44168,0.008546315999999995,1103816.565609553
9.982758620689657,174232.0,38,0.0034542314335060447,1251.113667466229,16.51660434782609,454.499520939504,7607.9017467161275,64.16618416800002,10.923779999999999,0.020585117999999996,707269.6386752656
8.489795918367347,140707.0,33,0.007211538461538462,927.3504273504276,13.367466666666663,350.4581800698719,5633.700463018531,90.5278402155,10.42767,0.013303968000000003,916817.0492529983
10.17142857142857,121989.0,33,0.019662921348314606,553.1097021684693,13.79709411764706,580.603792365702,11981.911760440073,46.844559373500005,9.89457,0.026499752999999997,523413.60801392875
7.618181818181818,156284.0,35,0.007159904534606206,774.6227209671026,10.578839130434782,277.339991393,5462.659916006402,76.36885272,11.50578,0.025218720000000003,748014.8625746943
9.246753246753247,163313.0,30,0.007022471910112359,1664.4504830917874,13.971126315789476,615.687241248189,7499.781141672159,82.47028425900001,10.08687,0.010447856999999998,809992.8854024813
7.0,191233.0,40,0.006568144499178982,1248.957465337067,11.959823076923078,388.49869428479997,4933.808694406875,101.58085157100001,10.76121,0.016407072000000005,782597.6052452766
9.69047619047619,202791.0,39,0.002457002457002457,916.1054045716448,12.806933333333333,300.53380509081603,3703.4199192396118,265.98668734000006,10.752,0.017644871999999995,685482.2698184504
8.245283018867925,129873.0,37,0.002288329519450801,1121.6822911242605,11.208176,423.77371767136,4868.944982172556,305.11385040000005,11.49693,0.01697279999999999,781054.0957554897
7.811594202898551,142612.0,41,0.0037105751391465678,991.8625445897742,16.949829787234044,386.78557559808,6234.928612992312,149.49940406400003,11.300640000000001,0.010526628000000001,1175067.565977775
9.879310344827584,226937.0,61,0.008726003490401396,1170.6733800000002,11.478335999999999,780.74746620024,8841.505653263084,57.654378705000006,9.29604,0.013578000000000003,452866.21060525096
6.942857142857143,307245.0,42,0.01646090534979424,1159.5323736205055,11.147305263157895,843.7289243724,11496.540333425182,189.09731722500004,5.507340000000001,0.024150330000000005,319182.4230117624
6.5546875,199410.0,36,0.003575685339690107,1788.0923451571207,14.68457160493827,486.17807095130996,4255.648691599799,106.6061405655,9.639240000000003,0.008114117999999998,852806.2330002552
6.054545454545455,257133.0,43,0.009009009009009009,1576.7388381461194,10.314975903614458,860.8577082328801,11932.183152691201,208.16425732500005,5.92044,0.035053032,237131.12306731223
6.300970873786408,246780.0,44,0.007704160246533128,1238.6106582275343,11.791911290322581,303.67614597187503,3629.9907508921747,213.91822980000003,9.60753,0.013625159999999989,698007.0586057558
7.25531914893617,175507.0,42,0.0,626.4862957028098,8.35820652173913,446.3819829744,11428.082330565836,347.9448866400001,5.61486,0.026549288999999986,714219.5521481149
10.0,174922.0,7,0.0025,844.9811297067847,5.746268656716419,236.94253196075002,4310.818680570751,41.2025365815,8.65935,0.027128259000000005,380065.4250888802
7.567164179104478,178064.0,66,0.0,995.7048937221946,9.42786,408.913510891923,8140.309182091943,92.80271250000003,10.033110000000002,0.02951927999999998,348663.77202921314
7.76595744680851,180137.0,75,0.006392694063926941,1934.3122553102874,12.515639423076921,470.64487181444997,5510.691915973237,74.78180902500002,10.183409999999999,0.019715534999999982,308877.69596276124
6.74,169466.0,48,0.002967359050445104,749.572680788897,12.82681470588235,366.63635608514903,11089.826508691802,92.16037999000001,10.388160000000001,0.031023602999999997,431590.4527122391
5.858974358974359,267313.0,70,0.002188183807439825,1044.551376906581,10.972480392156863,473.37564026616997,5107.028118540481,49.19416548,8.88042,0.0205164,159177.40217989395
7.888888888888889,106811.0,0,0.018779342723004695,465.1112467447917,7.5528648648648655,287.1297970128,6811.450266442533,242.75445831000002,9.581010000000001,0.015123239999999986,920604.5329772945
7.955056179775281,203728.0,0,0.01977401129943503,1592.5759910351596,11.055978947368422,623.5859017463761,10071.85294643964,224.19548364000002,6.45873,0.027506051999999982,1409438.0586044383
6.382978723404255,165080.0,14,0.0033333333333333335,669.3209461208011,12.358235294117648,922.057049149912,16356.754148502729,22.22507328000002,19.9927,0.02516381999999999,172689.47797019038
6.226415094339623,226906.0,82,0.004545454545454545,1196.6878097451865,9.904714285714284,345.222066967272,3594.5809139784583,184.40523200500004,10.56564,0.014300501999999991,553194.6618781193
6.904761904761905,180333.0,42,0.006896551724137931,271.33585722011895,10.944088235294117,236.83086439712696,5007.628579675918,139.21903126000004,12.418590000000002,0.02282443199999999,634544.5294422411
6.142857142857143,190594.0,40,0.0,900.6341050988555,8.195956363636364,953.3021658800641,15345.580981877209,14.64739606500004,4.838250000000001,0.031901831999999984,122372.8723481336
6.640776699029126,246780.0,44,0.0014619883040935672,1094.9603328,11.692599999999999,925.8584315436799,6914.515497689439,256.13472440000004,3.6444600000000005,0.013272780000000005,419356.4956209174
7.552631578947368,207600.0,2,0.006968641114982578,512.5834615541727,11.372127586206895,276.39212826477603,5903.9864905419345,83.97239491800002,10.4046,0.022320926999999994,814801.6944309314
4.638888888888889,179545.0,64,0.003992015968063872,902.8939838607199,7.745948780487804,362.96622575364006,4988.62322598474,35.35454110500001,10.864920000000001,0.017362001999999998,503587.4666107987
7.631578947368421,186566.0,5,0.0,308.24589868397334,8.362357142857144,117.64419156936601,1640.2265379723788,83.85711960599998,13.0158,0.009151977,1058868.6044809758
6.716666666666667,123181.0,8,0.0024813895781637717,922.720978043365,10.761779166666669,564.219627376288,5886.608441020908,264.12906304000006,4.37151,0.009888054000000002,628571.2204484958
6.120481927710843,271463.0,45,0.001968503937007874,874.9657791035629,6.091441025641026,217.403852675464,7263.660192658715,202.22253422000006,9.696750000000002,0.04146875699999998,560477.8914880173
5.547619047619048,228280.0,45,0.004291845493562232,1098.4535966516896,6.403616666666666,394.0030912538999,6756.657396353201,64.59687900000002,7.383960000000002,0.03533144999999999,363478.4773629065
7.158415841584159,254306.0,29,0.011065006915629323,1339.2845499256352,7.3540376146789,416.93480226072404,6591.247944252974,103.25587385850002,11.1541,0.012466025999999996,821991.7766127943
5.761061946902655,260714.0,33,0.0015360983102918587,1187.7388101350598,7.780626506024096,545.56319341728,12302.756168514843,231.40373463000006,3.504540000000001,0.0349044,420342.79258534545
7.575,159240.0,47,0.0,702.9152201944058,7.087445454545454,264.450172645872,6646.1589125187675,54.10009188900001,10.96743,0.04301954400000001,473700.25680781057
4.942528735632184,205520.0,40,0.0,893.0194600932253,7.573953846153846,458.37724208946,7990.018806704003,57.682473864,7.72167,0.027279,441936.23969945166
4.561797752808989,295952.0,26,0.007389162561576354,1527.058355437666,7.659637288135594,91.095021154058,2858.9426907032885,171.50605626000004,14.047260000000001,0.020009780999999997,1198360.58348767
5.395348837209302,248160.0,35,0.010775862068965518,911.1067961165049,7.454230303030303,432.845329659024,9547.7451434904,84.029761056,17.343000000000004,0.025150265999999994,619848.9677147401
5.0,267535.0,51,0.0,1493.8071338285324,8.931014563106796,818.96208421608,10794.45203516487,120.29770230000005,4.4625900000000005,0.030456566999999997,657454.2808983934
8.275,240626.0,37,0.010574018126888218,1280.2985497412724,10.382997142857143,398.977722850589,7529.882789530921,82.48670612100001,6.368760000000002,0.021041264999999996,648905.5644832713
5.531914893617022,266960.0,52,0.0,1039.8023663163463,8.498794520547946,548.8867146636959,11781.347230718211,81.51906074850001,16.886400000000002,0.022368359999999997,645099.2149818862
7.739130434782608,209538.0,52,0.0,1217.3249158788658,8.434772727272728,377.903601288975,10040.788599075006,99.27500283300003,5.65749,0.029730126000000006,643487.1077641383
4.769911504424779,212280.0,32,0.0,1090.1413920742934,8.41691052631579,724.459499691552,8278.38400422643,58.093015866000016,19.3476,0.021436127999999985,367519.9182592487
8.764705882352942,179520.0,35,0.0022371364653243847,735.3661589550045,11.146554545454544,373.137733097584,6224.739415352834,81.81882416250001,7.94082,0.021919968,615184.9407592645
8.17142857142857,275093.0,33,0.0,619.6927825261158,6.866383333333333,238.59683375080004,3883.78074897855,88.9395225375,9.22227,0.012846419999999994,875923.3353690914
10.21875,198064.0,30,0.0015290519877675841,1196.2414259941168,10.770303797468353,669.1264797862599,11481.807324943684,105.93411938400001,18.000400000000006,0.019050173999999993,662248.2699597162
9.855072463768115,225956.0,42,0.0014705882352941176,1679.5206953076977,10.904285714285715,340.07109602959997,7381.341982283502,126.25117148550002,6.41481,0.01896773699999999,840584.0000579082
6.815533980582524,298026.0,32,0.002849002849002849,1646.3866245331803,8.63148,363.65476443604,7252.293182542043,90.76733339100001,7.692960000000001,0.02504967599999999,622703.9196638188
10.685185185185183,203320.0,31,0.0,1193.4029375776172,9.288220512820514,503.153405405568,10550.360843077604,81.45313020000002,8.54043,0.027381815999999996,599944.1111195915
5.764705882352941,173800.0,29,0.0,1199.7337278106506,6.106488888888889,610.821849159936,16650.600895394546,208.24046576000003,5.82933,0.038011662,1260218.0194490277
11.242424242424242,196186.0,30,0.0,1081.707404583271,10.030861538461538,698.7951430912759,10627.57959611702,68.96321088600004,17.9591,0.022037651999999994,467161.53710418666
5.518796992481203,263330.0,26,0.0013623978201634877,1496.9667491558216,6.566264661654135,551.3870047847399,14595.98636227255,101.82810394650004,18.378600000000006,0.02548388999999999,789383.3726709198
8.612903225806452,220000.0,25,0.0018726591760299626,1380.3505617977528,8.037828169014084,413.676704271684,13181.732075037848,338.09843487,3.7351500000000013,0.028585322999999992,715002.5916547027
9.72549019607843,163350.0,32,0.008064516129032258,797.8734705603013,8.9448,353.3652792040111,8936.159063474384,117.81149770200001,6.947250000000001,0.02521922699999999,761589.4121449495
4.307692307692308,267633.0,21,0.0,1027.193125,6.8272615384615385,250.12846772991,3912.9661620077613,67.715843895,9.17679,0.016511964,689334.26701163
4.739130434782608,237682.0,46,0.0,1300.4259586187416,5.901744444444445,315.75877333387206,3632.8980032681575,95.04788653800001,5.565300000000001,0.014535053999999981,567484.1056783542
6.121951219512195,250000.0,25,0.0013280212483399733,1479.6093076702095,11.637711538461536,516.229846548425,10071.767282888479,93.92486676000003,13.8403,0.015140619,846418.6634541573
7.32183908045977,230365.0,34,0.0031397174254317113,1238.426259357278,9.335817204301076,322.84982273431996,3696.159760160013,58.383134544,10.336170000000001,0.009395892,744145.4574415238
10.92156862745098,266306.0,30,0.005385996409335727,1586.6006516049779,6.709529166666667,621.417193195988,14952.177355824355,50.258457825000015,5.29122,0.04030883999999999,314733.8096567099
7.405405405405405,151800.0,26,0.0,657.7801314828342,11.504085714285715,685.362413126016,17045.59703202206,72.32657714550001,7.06941,0.042270228,450638.51210117247
8.678571428571429,191727.0,27,0.0102880658436214,788.4194457272431,9.229949999999999,364.22016339486004,4516.6495732212725,121.03201736100002,6.800490000000001,0.013183136999999989,748147.1318471668
4.946153846153846,249500.0,26,0.003110419906687403,1361.5280360510505,7.0930179245283025,475.344521864608,8389.463261999137,52.24851043500001,6.696330000000001,0.018490458000000005,584962.800080394
5.138888888888889,105613.0,25,0.005405405405405406,405.85674157303373,8.405166666666666,181.53805908568,3621.638311292539,319.6370342,12.0327,0.015396479999999992,1236727.315165852
9.016949152542374,209516.0,33,0.0,1296.5400781986107,9.669776271186441,488.82344951767595,10564.177759091035,91.98572029500001,4.791120000000001,0.03164526,496056.9814084076
10.434782608695652,238885.0,41,0.0,783.8462154190963,6.146526315789473,227.20811444856,5241.564816579791,101.689230636,7.5314700000000006,0.021679679999999993,725474.9470968631
10.407407407407408,267535.0,51,0.0035587188612099642,539.3773547491572,13.423604166666669,727.3419747454501,7811.4809774319365,98.95844508500004,7.463100000000001,0.031565687999999995,571578.3966562853
7.282051282051282,177348.0,78,0.0,546.3589153507245,4.94304406779661,262.18241265856494,5069.117401076881,340.1789502600001,6.955530000000001,0.01775227499999999,746238.5262790894
6.05607476635514,229500.0,26,0.018518518518518517,1294.3745819397996,8.254523076923075,525.819308667408,13322.67685417839,54.9570803625,6.996090000000001,0.03060393599999999,531110.553992406
7.808510638297872,180960.0,25,0.008174386920980926,1079.5403419632314,8.064485185185186,540.7163759846861,10183.897833526418,61.00784205300002,5.82855,0.02853620999999999,396066.40054845373
4.49,210666.0,34,0.0,966.2889981909459,7.4926875,423.73922542182,8775.540813620566,66.840182772,20.897400000000005,0.03985636499999999,378988.523221365
6.333333333333333,193742.0,60,0.0,665.2618096614018,6.5078288461538465,376.46463637668796,5991.955510367458,323.06190544,5.13237,0.01664394299999998,687514.1929041668
6.558441558441558,246990.0,28,0.007920792079207921,1111.4816685739459,11.63241379310345,489.82474252352,7188.352698385235,163.26373107000003,8.200650000000001,0.014274575999999997,565145.8312198721
5.6923076923076925,161146.0,16,0.0,611.1342857142856,7.701053658536585,676.2763357270859,12130.086751795588,146.77790970000007,2.379360000000001,0.024843678000000004,349572.1893495228
5.5,174800.0,31,0.002331002331002331,800.5310983799787,12.31429534883721,475.97145998517504,5294.434233156767,178.24991800000004,9.54672,0.02108776499999999,404162.97527188424
10.914285714285716,191682.0,48,0.003926701570680628,2011.1246613142876,9.35401739130435,307.308391379968,6864.218081366893,105.442890015,8.372910000000001,0.021603119999999996,807000.0098934982
5.125,176100.0,20,0.014634146341463415,357.9318869165023,7.603379310344827,326.412970788084,10165.186489096835,54.58133808,7.869210000000001,0.03473960400000001,539328.1911736247
6.20952380952381,267535.0,51,0.003067484662576687,1316.696285250647,8.13712098765432,221.229715122108,1980.4997947734223,69.992659989,9.56283,0.010882815000000002,627924.6254450923
5.900900900900901,176000.0,78,0.007633587786259542,1440.2201961838214,12.260840579710147,390.12133047289603,6173.852456365001,236.04615292000005,6.914940000000001,0.011116907999999995,796787.0423853423
9.096774193548388,258000.0,23,0.010638297872340425,557.5965976331361,6.6851625,463.92416792934,15679.517696689367,123.66254355599999,4.698570000000001,0.03029090999999999,802620.9167442145
5.529411764705882,271209.0,18,0.014184397163120567,1047.1382731422295,8.571254794520547,441.742741081356,7773.987287194125,68.76890242200002,16.904000000000003,0.02227619999999999,489546.42024351005
5.111111111111111,242230.0,15,0.0018115942028985507,995.954762861385,7.98813,307.856031196356,3979.412577662718,76.46275026,8.799600000000002,0.01203362999999999,802189.602773283
8.195652173913043,172794.0,43,0.013262599469496022,864.9903541018631,9.347960869565217,643.170868510272,16614.921811475,84.67633770150002,4.067940000000001,0.03171583799999999,570320.8797726205
6.546511627906977,230365.0,34,0.007104795737122558,1142.0726074074075,9.194398648648647,460.19548770193495,5331.527810083016,230.01168417000005,8.339640000000001,0.01676845799999999,542782.9550131197
6.071428571428571,230452.0,40,0.0,390.45481049562676,5.224728260869566,224.40402732475002,4557.481113953582,93.93812074200001,7.00989,0.018503268000000007,718928.451115208
4.739130434782608,210767.0,38,0.0,1300.4259586187416,6.19241111111111,259.188446618808,4858.676102863094,135.41002777350002,6.1110000000000015,0.016323570000000003,780173.3406316163
9.071428571428571,219044.0,22,0.004724409448818898,1553.0809699444617,9.564133720930231,611.4546626399879,10800.569360098581,41.029751013,5.447370000000001,0.020707659,365139.57070969284
8.052631578947368,190939.0,45,0.0032679738562091504,638.2543750000001,7.02916,281.831595956216,6156.64363879461,265.39530558,9.12243,0.030602960999999995,567328.2184627508
4.759036144578313,232164.0,8,0.005063291139240506,764.7563731374903,8.415654545454545,573.5954601971999,6877.638743780302,35.29129608000001,6.304679999999999,0.02250698999999999,259935.36561131186
6.197368421052632,252191.0,17,0.006369426751592357,1006.0846837370243,7.161891428571429,255.057007009644,2894.17291894608,216.17388429000007,7.2649799999999995,0.011103299999999991,605038.9383705942
6.226415094339623,176709.0,40,0.0030303030303030303,615.9069890342184,7.146679245283019,275.019430655292,5129.4365641553595,101.345198238,9.14067,0.013694988,1073584.1534786818
8.23913043478261,185550.0,42,0.002638522427440633,630.8928175787511,7.256689795918367,244.9776881667,5253.432043348567,67.9891577145,8.58,0.025917173999999994,599589.0576319965
7.518518518518518,185759.0,52,0.0016420361247947454,1218.6462345120317,12.731305263157894,772.8261083145001,15431.430711374494,75.68830175000004,3.7671000000000006,0.03761471999999999,479965.8237491244
6.043478260869565,145565.0,9,0.007194244604316547,254.3981968444778,10.1800125,573.5954601971999,6877.638743780302,35.29129608000001,6.304679999999999,0.02250698999999999,259935.36561131186
8.549019607843137,185759.0,52,0.0045871559633027525,967.3570724919225,10.804269565217389,598.8664844253559,11641.448081184772,53.15785845300001,20.751900000000006,0.033202785000000005,365561.9231875403
9.4375,148106.0,25,0.009933774834437087,575.0180579584775,8.501687179487181,398.977722850589,7529.882789530921,82.48670612100001,6.368760000000002,0.021041264999999996,648905.5644832713
9.8,118000.0,18,0.0,566.8347168924739,10.680115384615384,617.79097326126,16340.610366002687,56.73336713250001,4.990500000000002,0.03442488,454009.3055102002
7.813953488372093,222075.0,16,0.01488095238095238,737.1160335564144,7.984382608695651,296.477126564596,2998.054816143412,73.7603826075,6.66543,0.008794301999999988,722104.2531817035
6.7611940298507465,210966.0,19,0.01545253863134658,923.4959880216533,8.215954411764706,664.6689032700601,10300.930725749571,54.996151594500006,4.06311,0.018364802999999992,449527.3172389085
7.03125,150416.0,1,0.017777777777777778,493.15500000000003,9.114051724137932,268.77644208111604,2490.7727413694756,85.73317196400002,8.80743,0.006692760000000005,974142.3044178584
6.298850574712644,216866.0,27,0.0,1529.2826183695267,9.556958823529412,334.9160446883491,4887.628195688867,97.525836048,7.265220000000001,0.011938770000000001,847988.7772754626
7.948275862068965,222725.0,42,0.0,606.56075,7.208064285714285,286.3056460605,4159.36312085529,78.50160408,9.044400000000001,0.018330380999999986,618287.117328404
10.275,189660.0,17,0.0024330900243309003,790.1658172264964,8.803619999999999,426.38544923990395,7703.179321501528,63.45031629000001,8.01429,0.01911762599999999,681540.9894959321
10.333333333333334,156720.0,23,0.007168458781362007,763.0438276113953,5.713183018867925,567.9048935571499,12977.529977838685,215.82664517500007,4.61604,0.03424953000000001,422351.6642117289
5.709090909090909,159042.0,54,0.0,561.6854396474208,7.506522448979592,458.80206445709,9961.129569986198,93.62683581,7.746030000000001,0.024726869999999995,739440.18699272
6.666666666666667,142222.0,16,0.0038461538461538464,583.8972904271584,8.463,229.09899560083198,5844.708030943725,217.22471981,10.654349999999999,0.01761335399999999,1032525.4861129624
5.867469879518072,271463.0,45,0.002053388090349076,832.8989912473065,4.6478683673469385,217.403852675464,7263.660192658715,202.22253422000006,9.696750000000002,0.04146875699999998,560477.8914880173
4.658119658119658,177348.0,78,0.005504587155963303,1214.6284393491123,8.95063768115942,629.1248720672,10437.963212944509,199.29993535000006,6.656070000000001,0.02269238399999999,556604.6301587186
5.560975609756097,210160.0,10,0.010964912280701754,947.9454974233557,7.539199999999999,540.161823311616,13274.785844202479,206.05183574000003,7.907220000000001,0.036366840000000004,472551.67031017505
5.25531914893617,252191.0,17,0.006072874493927126,1134.2202646502838,6.828748051948052,255.057007009644,2894.17291894608,216.17388429000007,7.2649799999999995,0.011103299999999991,605038.9383705942
8.222222222222221,197853.0,24,0.002702702702702703,818.0943310657595,10.240777777777778,328.50750243926507,10598.3156289482,347.90950787,10.490340000000002,0.03206124899999999,830240.1344452848
5.022222222222222,185759.0,52,0.008849557522123894,524.3899964400142,7.126311764705883,716.21862467584,9542.899911559858,5.22448080000003,4.674390000000002,0.030423275999999992,12480.644412517662
5.833333333333333,185759.0,52,0.0,1314.2390520737595,10.80960810810811,706.050585532908,5385.029815660189,122.70437833500006,5.902770000000001,0.012482612999999988,293415.1732120483
5.862745098039215,227125.0,48,0.0,678.4290072142145,5.694224999999999,172.981990434912,2494.9266027800545,347.92294777000006,9.590280000000002,0.009432093000000006,1108797.2047304176
8.733333333333333,173953.0,23,0.0057251908396946565,822.2714455580091,10.625555555555556,669.7574732475,11620.93400575881,61.495531650000025,2.35473,0.021128874000000002,485731.645295438
6.0,227370.0,9,0.006289308176100629,1347.661933925852,12.278541176470588,790.585381599216,11385.371830607879,30.295065612000002,6.38772,0.022784495999999994,245878.23684618255
6.564516129032258,185759.0,52,0.002457002457002457,934.9250006845502,10.224744444444445,291.11152145267505,4136.876140346495,235.37631374000009,9.246450000000001,0.011312855999999991,966634.4972094637
8.181818181818182,182697.0,41,0.0,481.93307990515257,7.24464,272.437420059324,4330.470799340401,93.14498300850002,7.75722,0.019318782,622837.5399112867
5.233333333333333,186343.0,53,0.0,535.019792103399,5.9693404255319145,257.393297382075,4860.834171545664,74.70227208,7.28946,0.024837812999999997,533068.0957847276
7.0,185759.0,52,0.0049261083743842365,453.6699507389163,8.070887096774193,560.928664202625,10047.5205122502,145.43266500000004,7.587390000000001,0.02456064899999999,1387665.8062779964
5.666666666666667,161860.0,52,0.011029411764705883,559.5182081603886,8.079097435897438,605.4837521637121,9203.488229523604,148.65584920500004,4.286340000000001,0.01959516,1304570.8901638933
6.829268292682927,185759.0,52,0.010714285714285714,734.1457753872793,10.630666666666666,523.32762886008,8690.287006908864,212.38880597500003,7.70745,0.014033831999999991,681725.8789709009
9.972972972972974,197853.0,24,0.0027100271002710027,841.1261359418588,11.816099999999999,529.9831148138239,7432.636502841159,130.48256918,6.4491,0.018041805000000005,330667.04529288085
4.451612903225806,168927.0,13,0.0,817.9777628900513,8.29333220338983,772.128501873288,10546.904303100464,54.20774553600002,19.0972,0.02568824999999999,350338.06562419754
8.076923076923077,222893.0,22,0.009523809523809525,2008.2044949260508,10.7432,796.835072456969,13878.53875831852,87.889835922,5.56986,0.021333374999999998,551713.3178494337
5.538461538461538,164417.0,64,0.001736111111111111,1002.7765854728063,10.19891612903226,161.977492225164,3218.7532077236883,306.74566356,11.833020000000001,0.016007867999999998,1019004.7292249973
6.875912408759124,224746.0,56,0.004246284501061571,1766.5898172249888,10.770485454545456,541.7411902287789,9740.67558884112,112.979885022,6.44514,0.02083469399999999,674130.0374181286
7.388235294117648,223266.0,47,0.0015923566878980893,1319.4396274279657,9.1374,394.89003734189095,5748.2189425852375,120.26500913699999,6.59814,0.015739160999999988,816595.9827932052
6.11214953271028,191386.0,52,0.0,1367.2004421060203,10.424229729729731,346.63552272877496,4941.615371027107,93.839248845,9.412500000000001,0.016694535000000003,755304.622795679
6.09433962264151,189240.0,55,0.007739938080495356,1072.1104600694443,8.686446511627908,216.78163575166005,5330.850587387294,206.78663304000003,11.57916,0.025054260000000002,760139.6039923527
8.172413793103448,169280.0,45,0.012658227848101266,1346.9832854316983,11.634804,452.25019505100596,7575.872578068058,95.42786051400002,8.222760000000001,0.018799364999999985,748683.7254803604
9.035714285714286,201026.0,50,0.001976284584980237,1033.309450803561,7.522746835443039,250.97959331572505,3071.998722218438,116.27914500000001,9.299040000000002,0.008703395999999988,1071744.5432936053
6.958333333333333,171906.0,51,0.005988023952095809,815.7086978299108,6.810563636363636,287.20299072273997,3874.368427647842,135.305735424,8.01432,0.009770507999999999,1113692.5514316272
6.769230769230769,174727.0,56,0.0,917.7419152276293,11.33288275862069,473.0320598188769,6813.424181025794,268.5948809700001,8.4906,0.01595748,743620.1915249549
7.159420289855072,176772.0,67,0.004048582995951417,866.0501177477,12.116981132075471,491.558101528,4844.609805038638,384.21464367000004,5.692200000000001,0.008721215999999993,779195.9655241742
5.743902439024391,180600.0,45,0.004246284501061571,900.1731666509565,8.882765625000001,471.97311768864,6848.6237422654485,91.23667891199999,8.60586,0.017956817999999996,743997.1453738874
6.166666666666667,196253.0,51,0.0,860.94839170236,7.425036666666666,312.17540791650197,4867.105746091352,286.68656486000003,8.82024,0.01501071,874013.2600696051
10.06122448979592,211826.0,39,0.004056795131845842,1001.7272118762356,9.44403125,434.35838274182004,6666.33643618012,278.34830898000007,9.3351,0.020155463999999994,673935.2318533798
6.818181818181818,221019.0,64,0.0,1087.895893574492,9.718524590163934,474.93502913256,8491.191617604873,99.062462724,16.8945,0.020494812000000005,647964.5480851375
6.123711340206185,145226.0,42,0.0016835016835016834,1110.9462909283195,11.695759322033897,275.83680922149597,5652.5118932096775,64.65936962700002,10.16556,0.021505472999999994,708127.8814413438
6.802816901408451,165333.0,51,0.0,906.1209012188616,9.148164179104477,446.60550021614995,3865.837798917361,122.72053153500002,8.08134,0.00795981,961731.0013635473
7.44,213746.0,40,0.010752688172043012,1724.087172301147,11.151388888888889,471.633450666,10543.900869027239,291.13156372500003,8.71284,0.025589255999999998,647820.59056912
5.432835820895522,170399.0,49,0.0,638.285693039857,11.384635294117645,369.600894634088,3887.27237168385,60.51526284000001,8.248560000000001,0.014188709999999997,584020.510748689
7.214285714285714,127480.0,34,0.0,575.4527873691245,6.794936170212766,350.06120199040004,6428.104084840321,54.040807554000004,7.718100000000001,0.024410987999999998,496921.5771963874
8.823529411764707,181866.0,56,0.0033333333333333335,1153.1001642190656,11.454857142857144,495.64520410298394,9082.27484720226,104.38043889150002,8.7927,0.0173124,852170.1347470239
5.835616438356165,224746.0,56,0.007042253521126761,668.7152461984377,10.987095652173911,304.301214918784,5998.223528558628,88.288527696,10.50063,0.017893439999999997,1000840.2714728537
9.612244897959185,211626.0,59,0.004246284501061571,978.7374567474048,12.362726086956522,333.44195520832,3376.307885772928,130.21092512400003,9.139380000000001,0.009086759999999996,1009630.4555122638
5.27027027027027,166983.0,63,0.0,755.2880050165727,8.978250000000001,448.18253523504,5433.158512646397,111.08210319000001,7.342200000000001,0.014191847999999986,737940.6709311565
8.5,176400.0,32,0.0022624434389140274,875.1448120915032,7.265025316455696,462.600731913705,10758.540433175325,286.23347742000004,9.587670000000001,0.030006909,603230.5771400977
5.888888888888889,232597.0,49,0.0,763.9926537101506,8.992061538461538,247.78827042345597,7726.7529470049,374.770209625,7.73391,0.023486735999999994,855910.4487078156
6.426229508196721,180520.0,45,0.0,844.9596485142791,8.478767213114754,400.304316185928,5353.610495800252,92.93347482300003,9.910590000000001,0.012910500000000004,862234.6286228432
6.288461538461538,201363.0,24,0.012232415902140673,1370.240776369398,10.430886075949367,644.0148404802,10956.722426718588,396.5552600000001,6.85101,0.024224352,629776.5724961965
7.454545454545454,154473.0,29,0.0,989.1488092327253,9.5463375,529.80982536832,5508.906548945118,93.06420307800002,8.02443,0.013826052000000004,678757.2681920918
6.854838709677419,154880.0,38,0.002352941176470588,951.3772468427265,9.219072580645161,468.10978775448,5984.085219015148,97.103821143,8.66235,0.011381340000000004,859268.753967079
8.68421052631579,160148.0,46,0.0,692.082496347699,8.626357142857144,298.81694756216,3581.1053484019403,95.766832953,9.81225,0.01533693,745879.1753185864
8.859649122807017,159440.0,37,0.0019801980198019802,1123.9420779674842,10.433137096774193,543.6136123637399,8226.514218587712,63.33116868000001,8.81322,0.019918665,574373.6900638037
7.260869565217392,186440.0,34,0.005988023952095809,1205.2638663826685,9.396533333333334,324.8824375542,4653.429426351156,124.00579737000002,9.223170000000001,0.0114927,988970.2974787072
9.067796610169491,160333.0,34,0.0,1144.8490193905816,8.668621212121213,543.6936828738001,5292.036279631919,105.29763885000001,10.5327,0.004624289999999995,1058472.055801466
6.754098360655738,154693.0,33,0.01699029126213592,772.1479955817256,7.539600000000001,434.0495752758001,4759.023364190938,107.59268884500001,9.24534,0.00914025599999999,1041456.0672852604
7.227848101265823,142617.0,40,0.0017513134851138354,1161.094611328011,14.173171666666669,630.636360313653,7382.023297793417,75.44252382300002,8.46771,0.00974794499999999,670196.7087807424
5.469387755102041,160975.0,60,0.0,1087.4033745496104,11.395544827586207,330.071603283994,6359.925672740641,48.556594788000005,11.55411,0.027986417999999996,543315.5283960908
7.159420289855072,152746.0,33,0.004048582995951417,904.9678497942389,12.196689655172413,529.98563818048,4807.261676568335,104.20699393499999,9.35277,0.007382087999999997,952246.2403937997
8.3,146494.0,38,0.004016064257028112,408.9902797064075,10.699885714285713,316.952175056384,6468.69971446902,101.24234683200001,9.49944,0.017895623999999995,938224.4204573224
9.4,141773.0,29,0.0,466.14741076257434,11.015369565217393,218.40339402212697,4774.071736448958,387.75416667999997,10.7166,0.018738407999999984,1066383.202438072
5.295454545454546,192421.0,70,0.002145922746781116,1045.0663783913637,6.1339213483146064,424.03187359615504,12707.552924157957,108.61014770100002,8.87184,0.040345232999999994,645802.5209535559
5.8,188975.0,66,0.0,717.8756702830776,6.8938178571428566,374.94009346809594,4864.386940648621,103.13098136250002,8.31423,0.012741401999999999,834800.3707204453
5.890410958904109,150960.0,26,0.0069767441860465115,673.2385633270321,11.090260869565217,304.301214918784,5998.223528558628,88.288527696,10.50063,0.017893439999999997,1000840.2714728537
5.346153846153846,151839.0,67,0.0,965.6797935728713,12.446941463414634,402.361570735564,7862.469706868297,83.6308253055,8.56446,0.021859685999999986,681875.4076219914
5.75531914893617,164417.0,64,0.0,1129.2684423106234,11.73876724137931,474.87972575550003,8700.368383705103,97.51166909250003,8.56026,0.019839017999999993,788716.7293441732
10.555555555555555,172461.0,53,0.0,609.2549382716047,6.293470588235294,428.524028330034,9902.3527455138,96.34342439400001,5.276940000000001,0.02329345199999999,688708.923916509
5.61,182769.0,66,0.0017825311942959,1159.1011015698164,10.639741791044775,425.5083124257349,5917.953517126689,381.74742452000004,8.15967,0.012647355000000004,902170.3674304207
6.068181818181818,178680.0,22,0.003745318352059925,1212.325256646982,10.433342857142858,418.85976952248,10266.88320342477,316.00232521000004,8.00901,0.02288936999999999,807814.1122716393
8.020408163265307,228386.0,3,0.002544529262086514,799.13608815427,9.7726,211.094865429952,2297.4018458992255,66.60507883800001,11.195610000000002,0.012015,809672.2007504174
5.5054945054945055,151546.0,51,0.013972055888223553,983.423182182271,10.192117741935483,471.53228136843506,5110.951999765248,50.38546741200001,8.57943,0.015992999999999993,439405.9209584659
6.419354838709677,198026.0,63,0.008375209380234505,1310.0806761736899,12.100247368421053,199.20245633144398,5240.697465245548,28.900201765500004,10.358160000000002,0.025634300999999988,458045.64720456564
4.870588235294117,175102.0,66,0.0,1062.001364002728,7.637006250000001,555.001914946914,14528.499445322293,92.73392395200001,5.08197,0.028670597999999985,642174.0779550081
9.0,193312.0,60,0.0,813.8805023659432,11.025367346938776,447.78753761456,6300.984682304137,250.81225312000007,6.881280000000001,0.017558855999999998,575576.9293952242
5.507042253521127,188550.0,60,0.0,817.2287953231838,8.952574576271186,625.134378816144,10007.314930455956,109.15917571200004,6.74916,0.014196435000000002,851331.7147281293
5.761904761904762,184950.0,61,0.0,1029.5521739130434,10.12328253968254,546.5955471209481,9377.306249191435,73.15284267450002,8.322270000000001,0.018991728,649562.9727708023
6.205128205128205,225597.0,39,0.0,957.3746086437071,8.69216393442623,208.12379813119998,4478.5573911378315,53.15744327400001,11.00685,0.024510423,622409.9832038314
5.941176470588236,165328.0,42,0.0,832.8385185185185,9.5546,600.8872440130559,8098.941651782939,76.11080261850002,6.995190000000001,0.01498829999999999,612086.6469992494
4.512195121951219,257527.0,31,0.0,301.2877161974498,5.778166666666667,140.30719980004,1401.2146570513,295.047468565,11.954730000000001,0.009002700000000008,1015187.8125598099
6.016393442622951,155550.0,59,0.0,658.6081523580112,9.704091666666667,534.4932699809601,10745.005722799631,92.73523672800002,8.067630000000001,0.024862967999999985,651344.8678625841
6.258620689655173,139826.0,59,0.0027548209366391185,639.8624794423994,11.520813333333333,691.3849933805119,11575.529859034343,117.40838075100002,6.235620000000001,0.012996437999999997,844800.0777356721
6.271428571428571,162250.0,55,0.0,940.3688518520628,10.29455,475.207917869664,9700.260168770137,89.89839254400003,7.462530000000001,0.021879183,665770.5515813294
8.217391304347826,168506.0,57,0.0,734.5183626070547,9.490212765957446,349.21690640299994,7955.506500548466,246.2201268,9.46488,0.028035072000000005,625638.675573951
4.627450980392157,133471.0,23,0.0,491.01774339306564,9.343158620689653,285.145296661797,5188.988781892799,100.206010008,10.87569,0.018458327999999993,993030.2575264358
4.5638297872340425,162571.0,56,0.002331002331002331,752.8704343010652,9.49416,361.30976324534004,5191.492886929946,103.22573541,8.95455,0.014943707999999986,809781.3199446228
5.653846153846154,233186.0,16,0.013605442176870748,258.1000537923615,6.53268,227.1193797906,3259.5448320446544,68.28245881950001,12.274410000000001,0.016586117999999993,909207.2201262888
5.487179487179487,189240.0,55,0.0,900.1587301587302,8.631113846153845,597.44727565442,12748.739084670822,130.040073948,7.55862,0.025577604,706024.2872479631
9.0,221019.0,64,0.011111111111111112,321.8367346938776,9.921913043478261,511.15666591970404,6688.6400328098425,75.47776060950001,7.81494,0.012101268,827126.946106122
4.764705882352941,205621.0,40,0.0,1042.4729916897504,10.006022950819673,579.560303927575,9541.348942120905,100.85178676500001,20.7924,0.019692945,646178.5824978712
5.474074074074074,221019.0,64,0.010825439783491205,1725.2260223741007,6.723112096774194,345.645910241088,6628.914901233238,115.03630123200001,8.05443,0.016630847999999986,990763.7878973212
7.846153846153846,170213.0,33,0.006535947712418301,576.2316176470588,11.250599999999999,286.53538005503395,5203.6047679997155,78.90492379950001,10.26783,0.024336467999999986,558436.4129347347
5.075471698113208,199003.0,31,0.0,537.328576,8.378048387096774,190.82368481197,1840.308835199121,250.66257891500004,11.61294,0.014024988,688031.7741411179
5.746268656716418,193676.0,20,0.01038961038961039,834.0775462962963,10.15479347826087,458.87903628459196,6167.162918439971,95.475317028,17.714000000000006,0.011470913999999994,798165.2811952813
7.144927536231884,188347.0,32,0.004056795131845842,865.5740987654323,10.964509615384616,349.44880280427,2059.356915956937,326.39576381500007,9.38415,0.00876474599999999,647692.726338582
6.769230769230769,187190.0,22,0.0,917.7419152276293,11.4048,245.63893815820802,2693.718650339401,256.84454680500005,11.48454,0.010967400000000002,821823.9915763609
5.192771084337349,203019.0,23,0.002320185614849188,891.7187547162978,7.151430882352941,246.576030066246,3005.8654579946974,96.2361203925,10.113000000000001,0.012429425999999981,828163.2462252448
5.343283582089552,158456.0,23,0.0,622.1915766494787,10.391476470588236,262.401496512133,2218.246562520253,92.373588075,11.60517,0.0146319,750550.1509424817
6.2388059701492535,197624.0,22,0.0,868.630566478903,7.59924,231.58891310529603,2046.5693046468195,303.2776764,11.84616,0.010617324000000003,929783.3566958201
5.27027027027027,158903.0,29,0.0,755.2880050165727,8.56425,282.8104142039849,2495.3940078435708,102.73844480700002,11.212200000000001,0.01192117499999999,821398.5926506238
8.68421052631579,165255.0,23,0.0,692.082496347699,8.228785714285713,276.632863134012,2138.8149627479997,86.33234699100001,11.76699,0.014747753999999995,668550.0572620888
6.122448979591836,228000.0,79,0.0,689.6902719208957,6.132631578947369,338.11034704732805,4788.738929524197,83.81422944900001,9.25044,0.015327311999999989,780002.6730942598
5.342105263157895,283893.0,9,0.0,735.7400422014107,12.60736842105263,349.21690640299994,7955.506500548466,246.2201268,9.46488,0.028035072000000005,625638.675573951
7.741573033707865,211297.0,39,0.0,1408.9967927770278,10.253428735632184,424.950337883016,10383.702766951916,106.44060185400002,6.379920000000001,0.02260642799999999,643072.9608980158
6.467625899280575,294800.0,32,0.0011123470522803114,1986.2378156262323,9.79583090909091,466.914477154528,7024.492573110791,81.28121740800003,7.432680000000001,0.018124235999999985,644330.5167016379
7.2518518518518515,275957.0,30,0.007150153217568948,1886.6893462460907,11.6501,461.6590572537579,8343.21961955334,74.95862430000001,7.075080000000001,0.013122426000000001,684372.3149571471
4.935714285714286,213280.0,35,0.005788712011577424,1448.2384969325153,9.89598375,337.31047010923197,5475.28022074039,105.151055337,6.84171,0.013681083000000007,852045.4074407212
5.87037037037037,184241.0,40,0.017350157728706624,1232.3277187552408,11.445119402985075,428.39134484322005,6321.37647115845,47.37705010500001,9.40989,0.024811457999999995,405579.7017509245
5.6438356164383565,293386.0,33,0.0024271844660194173,1721.2328843995513,10.8672,413.059878472032,6021.022763273277,350.4911412750001,8.58909,0.03941439999999996,853120.8870856172
8.608108108108109,212114.0,45,0.0,1556.1867823661116,10.619320833333331,517.61704251765,7722.158941116668,92.0255838,8.68791,0.019284485999999997,764560.1044469184
5.112903225806452,191383.0,44,0.006309148264984227,1351.3437784807566,9.827712359550562,506.234607195528,6566.804525196803,76.459386474,7.557060000000001,0.010751616000000006,726691.3504305066
5.472727272727273,287293.0,30,0.0,1891.0311384419774,11.116183177570093,698.6394474558319,13398.978916303871,83.399158062,4.877759999999999,0.022275695999999998,525058.1753637699
4.731884057971015,217962.0,24,0.0,1413.551134190093,10.713612162162162,304.4516399712,3902.92312896875,321.8334276000001,9.01524,0.010741352999999995,904206.21783022
6.714285714285714,308413.0,26,0.0,1806.1842995345025,7.793672483221476,317.990390206648,3608.9114592660007,322.82582718500004,7.16199,0.0067430999999999975,941346.4830892622
6.658914728682171,217760.0,32,0.006984866123399301,1995.594940886134,10.798222413793102,729.2684420190119,13985.750066294084,116.16278976000002,4.754970000000001,0.013071455999999995,796462.4778019363
6.396551724137931,252133.0,29,0.0,1635.8700205879538,9.42261894736842,279.80096207648,3104.0873266935855,281.70352677500006,8.06997,0.00800856,872280.6709234971
7.0,217822.0,39,0.0,854.4224765868886,9.266053125000001,577.932279495872,11119.423535641505,90.6754757415,20.8823,0.026533878,537910.6788131277
6.03968253968254,245280.0,30,0.005256241787122208,1620.3599995143757,11.10129888888889,583.264496258114,7752.8458159792635,69.949704096,7.485780000000001,0.013867199999999998,668559.1339582782
5.112903225806452,95242.0,40,0.0031545741324921135,622.0530934015216,9.186108695652173,282.3276494377499,3202.3690173076666,53.526963825,11.545229999999998,0.013246794000000001,587768.7673541736
7.086956521739131,273034.0,14,0.00245398773006135,1799.5407862665306,10.116866666666665,191.44397618387998,4392.316257083136,56.557760530500005,11.71743,0.013595789999999995,992680.0990335825
5.9105691056910565,187271.0,37,0.001375515818431912,1466.7992400513724,13.902694805194805,899.779657254,12346.70147249053,46.20193430400001,9.313170000000001,0.020530782000000004,339856.2199527555
7.5,201618.0,39,0.002564102564102564,1338.5861022592148,9.84,452.66097599360006,5421.631672934402,274.30893275,7.090740000000001,0.011230271999999998,678231.7940841062
6.396039603960396,219062.0,30,0.0,1729.7755247287394,10.934572151898733,310.995763696624,5896.045749537901,160.520747,9.377640000000001,0.014223492000000003,658339.9479720816
6.0,183265.0,30,0.001736111111111111,1299.9329367225528,13.906133333333333,447.5292289774961,6000.421893587326,82.553489595,7.798590000000001,0.010849376999999995,856357.7710406451
6.776470588235294,175880.0,32,0.0,1308.6848339049739,11.597082352941177,749.5117349152299,14381.11971234095,65.57530362000003,4.2859799999999995,0.020325087,453551.83816049714
7.186440677966102,230478.0,32,0.0011792452830188679,1648.6496580785433,9.51069918699187,433.23675772649995,7485.814951770958,291.1447188750001,8.16858,0.013604570999999996,763593.4666158573
4.7094017094017095,176982.0,35,0.0,973.792651627219,8.259275324675324,210.6003389196,4515.969046613417,91.642240935,9.72045,0.013617053999999993,1058610.055957326
6.623853211009174,204010.0,30,0.006925207756232687,1856.5672969075467,9.975633333333333,425.19731823105593,6326.053685651697,98.61964131600003,8.62599,0.009369482999999994,995288.2203467434
5.448275862068965,240285.0,31,0.0010548523206751054,1430.9551557093423,12.149721212121213,395.225653263168,5622.363058500406,105.59701390500003,8.54316,0.012157127999999993,935550.2420744039
5.785046728971962,194343.0,31,0.0016155088852988692,1177.718527032136,10.783159420289854,234.08499070902,3749.482241750321,92.17079473500002,9.14073,0.011000867999999992,927854.856003413
8.55072463768116,204676.0,32,0.0,1019.5866569271975,10.95405633802817,598.56978933024,10514.658658163497,118.96342901250001,6.71559,0.020471837999999996,663568.1607615091
4.678571428571429,225639.0,33,0.004580152671755725,1704.806069156704,11.353333333333332,447.75350019971995,5741.537177605458,84.18651080400001,7.268160000000001,0.008538047999999998,812065.5165853628
6.840909090909091,175473.0,31,0.0,990.5383745442991,11.785822222222222,297.521850264912,5675.188749576806,115.675466751,7.3251300000000015,0.01312739999999999,897058.5921567782
7.25,179936.0,37,0.005997001499250375,1495.575,12.662995,534.378504398424,5395.107253249586,107.9272295955,8.16162,0.005415540000000002,990512.7290405412
7.88659793814433,206837.0,29,0.00130718954248366,1543.275103305785,11.54725,696.490663005995,9952.702242917438,92.12653524600002,7.34757,0.017379333,625314.3111734163
7.01010101010101,205056.0,19,0.004322766570605188,1461.3680331130324,12.082540000000002,386.168439271622,4808.2247460134995,103.34542642950004,20.829300000000003,0.010138076999999995,832410.0094610369
5.044025157232705,263784.0,18,0.0,1634.3286231689442,11.295934117647061,345.780554871312,5240.316545858307,199.08937917000003,7.73346,0.014583624000000003,628197.0509545403
5.798076923076923,211297.0,39,0.004975124378109453,1308.2148286071854,12.519678260869567,708.76089837592,8334.17084611718,44.914376730000015,7.90311,0.01111449599999999,515152.9897293356
7.350515463917525,221701.0,20,0.001402524544179523,1532.790848551494,11.025832,346.88822567407203,7486.795794004994,292.45897671500006,7.316850000000001,0.016296528,929006.9696235912
8.315068493150685,229501.0,21,0.0,1533.6627218934916,11.38471857142857,376.279424406613,5480.169292973727,100.598357652,8.2734,0.011382659999999998,872693.0094051465
6.537735849056604,204408.0,22,0.002886002886002886,1363.2081685043347,10.861348235294118,601.2735374234879,16253.478185879005,104.39491204800002,16.2793,0.021797352,746237.8690592045
5.367924528301887,211051.0,29,0.008787346221441126,1218.5993560066886,9.219171084337349,538.600399246944,6563.757007594791,60.09048915300001,8.4054,0.013825199999999989,568583.3377552145
5.649253731343284,185386.0,15,0.0,1261.3129775563707,12.656646753246754,546.8017920340001,5543.403902901911,62.64520091250001,5.555550000000001,0.011392289999999992,504342.27422129666
6.352380952380952,203804.0,22,0.0014992503748125937,1640.7299143536388,13.165553846153847,555.287481085428,6636.831818469377,56.407686426000005,10.48011,0.009325679999999998,634295.7774323197
6.54074074074074,262876.0,16,0.0022650056625141564,2023.1160419170672,11.652896938775509,358.76106449769594,4845.31642180134,60.39839773800002,9.25254,0.012312026999999998,703585.2806784272
10.956521739130435,204460.0,18,0.010582010582010581,1539.9084764542938,11.428747826086957,416.69277325902004,7061.987022486338,92.98055583000001,8.01045,0.012931343999999999,753732.1464995021
7.575,280125.0,33,0.0016501650165016502,1111.1305632502308,10.85245,115.61424771086399,2424.0574245887997,18.702922878,14.24754,0.01563479999999999,739172.5627598001
6.091954022988506,102426.0,2,0.0018867924528301887,1134.5839779990956,8.11114864864865,303.41724130777504,6096.470473781818,50.545102788000015,10.09035,0.022120697999999987,665211.7203957218
7.195652173913044,191451.0,18,0.0030211480362537764,1549.7204729911314,9.518781176470588,388.78741723600797,11240.246892291794,84.36658614000001,9.47319,0.03194592599999999,710615.9781121722
5.897196261682243,214800.0,17,0.004754358161648178,1614.4422260802469,9.495832954545456,773.899855935817,11355.779826211203,46.907405376000014,18.635600000000004,0.022578903,311199.4391286068
5.25,211706.0,16,0.008210180623973728,1194.644112283279,11.065998461538463,316.17250950411,4679.197007381398,62.20355958,9.177330000000001,0.014719199999999991,708485.0971043545
5.7,181973.0,18,0.0,1228.1365235466903,9.666864705882354,426.80595113227497,6011.0804725824,338.91650881000004,6.436500000000001,0.010408688999999997,845164.1466030194
6.365591397849462,218928.0,17,0.0016891891891891893,1211.9775162215183,9.276988235294118,158.974077456,2449.6433956685173,53.377855395000005,10.974330000000002,0.0169446,575542.6542967639
6.276595744680851,271586.0,13,0.0022598870056497176,1681.5344313670228,11.575975247524752,406.13495338916493,4452.419259498111,325.3021306500001,7.53921,0.008420007000000002,858162.8580589658
7.701030927835052,235453.0,14,0.0,1463.3806224489795,10.706717045454546,388.632884068881,5881.1264293487975,94.82635172700002,6.393150000000001,0.012666455999999987,736862.1447197049
6.115702479338843,206760.0,14,0.0,1345.617987106399,10.800747252747252,491.9168279546641,6119.993088207182,85.31452011600003,18.786300000000004,0.01097901,651283.6882091976
7.245614035087719,232386.0,13,0.0012106537530266344,1347.149812727512,11.823972631578947,494.87679247996806,9530.965945959671,81.194613666,5.81025,0.014651339999999987,686168.3857719898
5.888,203466.0,15,0.002717391304347826,1273.4996423525365,8.5376,631.111390959264,7723.099841259491,80.880618939,6.963629999999999,0.010675103999999996,671459.4232189752
6.508474576271187,149368.0,14,0.0,617.0017959183673,6.843927272727273,230.703446301984,8357.195875964208,57.55684521600001,10.6509,0.03335885699999999,674685.7405354411
6.030927835051546,172533.0,12,0.0017094017094017094,1129.642951800386,12.12742741935484,85.919185628312,2675.664105430399,27.10330093,15.58254,0.04105382399999998,371407.80444053904
6.644444444444445,196711.0,1,0.008361204013377926,1120.7800391573342,11.237937313432838,758.4955942824901,15201.010967192513,89.19529346250002,5.107230000000001,0.02577469499999999,568031.5561105873
6.381818181818182,137098.0,64,0.0,785.8849567592171,10.2063,338.48731840140005,5296.249257704945,31.631894217000006,11.426699999999999,0.015568236,603358.711441375
6.09375,221237.0,48,0.015384615384615385,1194.0565305830996,10.96509375,463.481169985592,4966.808105954103,62.735216869500015,7.577400000000001,0.013097496000000004,586952.2718402632
9.55,177348.0,78,0.0034904013961605585,1568.6341581106078,11.222373529411765,974.4907233270742,15809.7295049232,36.72217509900002,9.573600000000006,0.028422143999999993,186746.3293352264
5.790322580645161,211297.0,39,0.005571030640668524,1247.3841181902123,10.049552272727272,207.553223192133,4750.663341286436,27.984095028000002,11.643089999999999,0.017370548999999996,686049.2366968903
6.520661157024794,137098.0,64,0.005069708491761723,1863.6203921952174,12.304158064516129,791.6497754292141,11947.712878999262,45.1706440575,7.78779,0.018818829000000006,353117.153791711
7.0,217822.0,39,0.0,327.62996432818073,10.9221,233.08251145403702,4761.627731442118,38.371521285,13.19316,0.008757680999999995,930493.9314907305
5.688311688311688,174000.0,51,0.0091324200913242,913.0640879684229,11.461,521.2552007902399,16886.613444325634,111.96156375000002,6.0693,0.030601746,338011.6147148462
5.854166666666667,156720.0,55,0.0071174377224199285,554.6993964334705,11.989608823529414,283.90012524120607,2821.0932919783245,98.68099768200001,9.23565,0.004609016999999995,1006389.0610761126
6.7105263157894735,213760.0,85,0.0,545.584356329953,11.578700000000001,224.71722027216,4328.880218562736,142.66671488,11.189430000000002,0.011760161999999998,799585.5936778453
6.727272727272728,279213.0,42,0.0,363.78525284027626,8.845220000000001,561.172008731304,16354.482555174576,79.58380975500002,4.45101,0.031668426,553384.2562054775
6.341463414634147,177348.0,78,0.0038461538461538464,460.0,13.85072,974.4907233270742,15809.7295049232,36.72217509900002,9.573600000000006,0.028422143999999993,186746.3293352264
4.636363636363637,252000.0,0,0.006535947712418301,282.69267150128366,8.287892307692308,90.717180021692,1848.5692443707426,30.298628028,14.460420000000001,0.00906713999999999,1073026.416072815
5.78125,194133.0,55,0.005405405405405406,369.02138775510207,10.827125,231.82294364247002,9022.767670894535,51.599806320000006,11.21856,0.03427082699999998,749712.5973737133
7.913043478260869,118820.0,8,0.005494505494505495,406.83035714285717,10.01478947368421,179.13494083071,2357.641442359008,284.83065546000006,10.21233,0.013839671999999996,686109.9938644322
5.47972972972973,194413.0,32,0.008631319358816275,1550.918701171875,9.410910204081633,160.62160578503997,3192.2326974122007,91.68545157000001,12.373770000000002,0.019203383999999987,608030.0951442975
5.661538461538462,217865.0,27,0.014945652173913044,1585.0592567444048,14.60203835616438,411.734180168864,6698.008375484605,352.09690274000013,9.665550000000001,0.011161724999999996,916953.8022126006
5.578512396694215,277426.0,26,0.002962962962962963,1341.9242114870713,11.791654411764702,468.20674728038404,5492.737676177446,87.99236171999999,4.9239299999999995,0.010298369999999998,768760.9789124242
6.564516129032258,216166.0,20,0.0,795.0817783248418,6.71804375,351.12575256342404,12783.868451619044,80.139815232,6.00471,0.037637999999999984,598298.1621360448
6.703703703703703,207560.0,14,0.0,1020.6702648001349,11.490084905660376,343.9478900261249,3675.9312561029296,71.677651155,5.66982,0.008963028,717921.1869012454
5.378378378378378,214478.0,19,0.0,876.2671674840902,7.954693333333334,683.7401359234881,16533.630425876847,224.56763764000007,4.487790000000001,0.03751545599999999,374976.554800378
7.152,171489.0,7,0.0044742729306487695,1914.2109207251494,7.540386754966887,543.208628807552,10601.839604822884,68.67973795800002,8.20002,0.024717167999999998,565990.3541079089
5.701492537313433,236926.0,14,0.0,824.2180062137902,6.178288235294118,407.79875178900005,5372.683295012885,344.6942537500001,5.718840000000001,0.013815594000000004,740472.999597379
4.805194805194805,277426.0,26,0.002702702702702703,790.6735408817502,7.936824561403508,531.887392894647,8291.194670398496,333.59406672000006,4.846920000000002,0.014784161999999993,745786.8152020045
5.964285714285714,169411.0,22,0.013972055888223553,1025.4667165801231,14.249441999999998,625.12665372108,8625.30687050838,265.38745858500005,7.0973700000000015,0.013134743999999995,609360.9639789459
5.6117647058823525,212080.0,10,0.0,955.6463085234094,7.237557692307692,395.95694905575,4721.252653604158,316.73968690500004,5.333760000000001,0.009676655999999992,804404.09063056
10.05,166829.0,10,0.006633499170812604,1173.1446501643,15.499253571428572,474.802073802906,7610.752619774039,233.89113950000004,10.63404,0.013983449999999994,786940.4860984794
6.333333333333333,233087.0,14,0.002288329519450801,729.4435389783606,7.903649230769231,689.5911155218319,8687.80459094584,225.99567288000003,4.56045,0.016967495999999985,515081.5961236717
5.571428571428571,186093.0,4,0.0,723.5737600000001,8.758075471698113,361.97615710355,5569.133454372031,70.32546121500003,7.83621,0.014700185999999992,709224.2063470093
5.904761904761905,288733.0,27,0.0032258064516129032,1054.9190482293134,10.266520547945207,821.7884606196641,13594.698788584137,70.69629413399998,8.321600000000004,0.022223519999999986,453329.7127505303
5.487179487179487,206721.0,18,0.002336448598130841,939.9078317804082,7.615844776119403,563.01755421564,8016.690951882418,84.95102135700002,3.9992699999999997,0.016421994,573447.4997889249
6.537313432835821,218482.0,7,0.00228310502283105,802.4382073336351,7.693301538461538,384.66929514713695,7633.416657445042,92.932278309,6.732780000000002,0.019306866000000006,749749.3063814199
4.927536231884058,195305.0,58,0.0,680.9326257664313,8.958190476190476,450.08457310845597,9411.395373482057,72.05315159250001,6.430890000000001,0.02467826399999998,605471.1710269056
6.447368421052632,198800.0,6,0.0163265306122449,946.5992324234602,9.9225,623.2394257056001,12230.85009431607,45.18623577600001,7.292009999999999,0.028297895999999986,409257.50724340876
7.03030303030303,188771.0,12,0.0,891.6777156454492,8.598543283582089,450.28076637235205,6359.88396993829,91.097008248,8.35779,0.01660058399999999,704242.3210241264
6.611940298507463,206013.0,6,0.0,672.2289425215066,8.185117187500001,407.433546465,7860.633069467638,68.36726899800001,7.53639,0.01932992099999999,684240.1894498201
8.411764705882353,200412.0,12,0.004195804195804196,1536.3938927486788,11.718850000000002,911.8883291052149,14206.803734835634,53.402421345000015,6.35139,0.015431768999999998,433831.35980901023
5.722222222222222,259653.0,10,0.0,687.9914143582233,13.81424864864865,480.252399796602,8689.720535293645,52.208839104000006,9.00873,0.01960452,654379.0654641251
6.406593406593407,192096.0,72,0.005145797598627788,1370.7288582979718,12.654251351351352,690.873528942504,6425.356999092768,99.9461943,11.31966,0.006662279999999996,869469.8531746272
8.443181818181818,110332.0,0,0.013458950201884253,1470.3553611920959,12.732780821917807,800.90413282485,14237.546157646088,76.93060771799999,4.07112,0.025121382000000005,460077.24252218823
8.616279069767442,192096.0,72,0.014844804318488529,1653.5260491027689,11.721586046511629,683.6479227807599,8916.54718072118,116.49332431800002,7.8284400000000005,0.016939019999999996,672634.1893093793
7.5423728813559325,152200.0,4,0.008988764044943821,1033.542861671296,10.98573148148148,685.9100833657379,13037.51588240158,88.32559010400001,8.153550000000001,0.026349456000000004,570816.7499033689
8.793103448275861,192096.0,72,0.009150326797385621,1268.3600807737273,14.57093181818182,815.144397759055,10152.324953339008,59.96851840200001,6.117930000000001,0.01956846599999999,439431.1807782358
7.736842105263157,192096.0,72,0.0022675736961451248,1049.9974432025715,11.648933333333332,641.1259063244399,11097.501975213005,106.58416310100002,7.684740000000001,0.014561760000000005,818730.9479679931
9.090909090909092,151515.0,67,0.004285714285714286,1451.0624174507427,12.560882352941176,402.89756025807594,6361.213403552279,106.43705240850001,8.55444,0.01867298399999999,719041.8930268247
7.9,130285.0,25,0.0,1147.4043097151205,11.7443375,486.970710257472,6748.1687690175595,98.65097608800001,9.67845,0.022182965999999995,693291.8492416103
7.27536231884058,192096.0,72,0.01195219123505976,973.8738827017416,12.688049999999997,642.1309510940999,6647.527694242661,106.79090098500004,7.52538,0.012156132000000004,767042.1382555375
6.408163265306122,158823.0,49,0.006369426751592357,1378.3806336774653,10.480535,842.561672604574,8383.819585637948,67.13930827200001,7.482330000000001,0.021150764999999995,343977.2848828219
10.448275862068966,192096.0,72,0.00825082508250825,1365.2437702422144,15.385666666666664,625.6987797254101,11002.30132817782,96.98835489900003,8.48691,0.016995276000000004,835377.7577592486
6.473684210526316,119217.0,61,0.0016260162601626016,1145.95,14.339109375,754.5404590698241,11829.095133457502,99.83369421900001,9.224490000000001,0.014260818,788645.068818844
4.660550458715596,192096.0,72,0.0,1017.3443267728999,11.628820689655173,579.440080964184,13924.581910839603,102.46975120800002,5.02668,0.023689692,596142.7606529706
5.452991452991453,192096.0,72,0.001567398119122257,1327.756584863611,11.8668,811.41749066664,11900.549484089,17.08591756500001,7.33974,0.036167507999999994,114558.16490642223
6.174418604651163,192096.0,72,0.0,992.3595024688024,11.463404999999998,521.6177955561578,9433.941501789337,111.11397965399999,8.77407,0.022504419000000005,715545.1331856961
6.368421052631579,192096.0,72,0.0,971.7431629013079,8.336295,678.3791890277249,9568.080757507405,346.57507050000004,8.66088,0.018130245000000003,673349.6774971227
6.892307692307693,219451.0,28,0.004464285714285714,780.5665070879338,9.759326315789473,575.4361116826079,12325.788461408898,88.24165983600003,6.936390000000001,0.032051073,488682.44650416885
9.637931034482758,213863.0,70,0.005366726296958855,1256.708778749595,11.88778,744.6674623118561,8589.2311965466,85.62229443300002,8.20767,0.013722929999999996,684993.6653074069
7.780487804878049,130285.0,25,0.0,569.1997860313147,13.805721875,369.55836097319695,6268.244641656139,21.44305604100001,12.057600000000003,0.019496294999999993,396523.4541188717
7.0,192096.0,72,0.012987012987012988,1334.5467532175826,11.9513625,575.4361116826079,12325.788461408898,88.24165983600003,6.936390000000001,0.032051073,488682.44650416885
5.851851851851852,192096.0,72,0.015822784810126583,736.1660184346529,12.189700000000002,582.988337426691,15675.676561617805,130.118786532,7.30974,0.024013383,757824.3289270242
9.91891891891892,192096.0,72,0.008174386920980926,709.3218930041153,10.86080652173913,412.69110467184004,8552.400108988899,187.86494562750002,9.73326,0.013460748000000005,1391310.3274890978
4.957894736842105,226906.0,82,0.0,1037.6730864197532,12.47016111111111,650.719710148852,9895.046358153395,82.2556524825,8.55921,0.017560305,571174.7214518831
6.891566265060241,185188.0,40,0.0034965034965034965,1202.52272297808,16.060488888888887,881.605365884544,9710.878714786035,101.99634310799999,6.870960000000001,0.008729916,753629.6839596638
6.1506849315068495,217751.0,0,0.008908685968819599,929.8173088996239,14.853841025641026,496.899585357672,5938.506931592499,116.42859105500003,8.46519,0.017273891999999996,1153401.9036577959
5.970588235294118,130285.0,25,0.014778325123152709,416.331569664903,12.93516,207.83585529302397,2289.304169982757,89.63713179450001,12.632010000000001,0.008813999999999999,1149250.771495139
6.873239436619718,129795.0,61,0.006147540983606557,1123.4468075364575,14.281808,209.11167649723,3778.5944635795827,63.513699424500004,13.59768,0.009972731999999991,1243312.070313043
5.661764705882353,160000.0,52,0.0,841.7408582414936,9.42634,348.74059476344405,5299.6591553160015,139.9521045195,8.244990000000001,0.012247896000000001,1019280.9802955812
7.473684210526316,148250.0,60,0.009389671361502348,989.461123345693,13.265803846153844,692.3802842518139,10842.918751766632,89.57032327799999,10.8666,0.008037090000000002,967734.2414159584
6.3578947368421055,184615.0,53,0.006622516556291391,1190.3932836244899,15.247764285714286,591.289290121197,7882.050718405204,84.08800098900001,8.69115,0.012414627000000004,757495.5515788612
9.559322033898304,147989.0,48,0.008865248226950355,1299.9622038860791,16.23797777777778,815.989644007538,17788.568844452122,103.19904652200002,8.16234,0.015381549,716506.5802686814
6.787878787878788,111600.0,53,0.013392857142857142,1051.1029362880888,13.188,891.3451006530001,15263.109727405985,70.30220498400001,8.79582,0.024360017999999997,500191.8447430552
8.044117647058824,162285.0,52,0.003656307129798903,1053.3937922641671,14.988894,477.22395450486005,6525.01205491707,133.67321373750002,9.843690000000002,0.013632758999999993,927508.0124883055
8.48076923076923,131428.0,53,0.011337868480725623,1030.567905183983,15.498944999999999,635.6255885527679,8649.58809554451,102.25085428649999,10.498890000000001,0.015283638,899662.2488512497
7.238095238095238,148376.0,48,0.0043859649122807015,1078.657931526,12.739938461538463,742.219602193408,15295.421152536195,102.981310683,7.869060000000001,0.017462591999999996,797992.8424104088
7.043478260869565,147878.0,57,0.0030864197530864196,1441.799458718968,16.418832786885247,784.3913731664641,11674.892683180997,49.99703571450001,8.42736,0.012069287999999992,477206.0866925715
5.276190476190476,161000.0,41,0.007220216606498195,1185.3716664844007,12.17477014925373,793.3337597090879,13485.66401712816,48.48273073800001,6.848280000000001,0.019204080000000002,343172.16273279284
7.647887323943662,173316.0,49,0.01289134438305709,1301.6736181365607,11.922963636363637,413.67876313639607,8539.353450086157,143.91322027500001,10.52568,0.014467331999999992,1062627.0104497708
8.53125,149538.0,42,0.003663003663003663,1336.8010449583453,13.824037500000001,826.160843553792,12176.472282376502,82.66417008000002,7.97949,0.007167059999999996,750958.0893206785
7.118279569892473,185343.0,66,0.015105740181268883,1536.100765928794,14.704941935483872,469.32811347338395,4579.86888503267,124.6260577365,9.768749999999999,0.009374483999999995,938568.8757455796
5.5,183125.0,41,0.006493506493506494,1277.9242723804887,11.16328888888889,641.672371614015,8996.213903744434,108.89605658400004,9.85788,0.011822565000000002,972732.0110983805
8.6,139000.0,41,0.007155635062611807,1422.9270546648152,13.263720689655173,826.7822430901601,13029.815997003929,28.081956966000003,11.85312,0.032995979999999994,285713.1378941327
5.4523809523809526,167250.0,39,0.008733624454148471,1058.7788770171042,12.426773076923078,559.63479177558,8752.871441544161,77.55363679500002,12.26748,0.021560369999999995,767175.3578810049
8.920634920634921,146000.0,43,0.0035587188612099642,1549.0527977641357,15.717607272727276,637.453137064248,12512.292593979857,85.64596236,11.12733,0.016063739999999996,793339.0666543555
7.6,130000.0,48,0.011961722488038277,1010.3414359861591,16.361875675675673,542.7330969015479,8470.171601796867,52.390580085,12.27504,0.018699782999999994,665409.737660669
6.918032786885246,158625.0,60,0.016587677725118485,1022.1197750865051,11.45514693877551,548.7910030584239,7662.446868248256,75.27910015800002,9.693300000000002,0.020656706999999996,562209.8858445742
6.217391304347826,173625.0,35,0.004662004662004662,978.1082156781663,10.518911764705882,521.170763739015,9810.839298079034,143.00992011000002,11.577030000000002,0.03787175699999999,1377259.613649693
4.756521739130434,190173.0,36,0.018281535648994516,1205.7696163247954,11.4434109375,476.02871851968,5455.25460149943,57.700529280000005,10.18197,0.014635214999999997,587900.1992413615
3.962264150943396,166269.0,35,0.0,806.4416548304201,13.768851063829786,607.8687622763039,7471.565554088098,88.34405854800004,10.85454,0.010628375999999997,760488.2461733894
4.342105263157895,172804.0,25,0.0,627.1057513914656,9.107312499999999,350.78353633596,6846.041439658938,86.58013946400001,9.87627,0.014471457000000002,976451.3785200103
6.145161290322581,119550.0,28,0.005249343832020997,858.4803621859257,11.51255,955.05648931448,16314.351737148378,71.35854538800001,8.64525,0.024252000000000003,455115.4570717073
5.142857142857143,165576.0,23,0.011111111111111112,604.8129331067455,9.688153846153847,414.31102682878793,5811.6562366563,96.63676411050001,11.89509,0.015689399999999996,863889.8091968654
7.17741935483871,136339.0,26,0.0022471910112359553,956.786980609418,10.31193220338983,439.293491808184,10075.110466849637,33.746525241,12.54822,0.031668336,479919.41242428665
7.839285714285714,145000.0,20,0.01366742596810934,1286.8313202832153,10.192662686567164,652.167926872528,10248.196476537705,31.25781001200001,10.225470000000001,0.013145939999999993,380114.6140372643
6.716981132075472,150300.0,21,0.0,846.2362992375139,9.271257142857143,366.35590179060597,5111.845964695008,64.844836056,11.4069,0.017274938999999996,743090.7766113956
6.846153846153846,119444.0,16,0.0056179775280898875,377.96108246452627,7.292304,167.89858473996,3388.6328006231997,170.17486788000002,12.985830000000002,0.027542351999999996,707468.1905657996
7.178571428571429,155318.0,28,0.0,831.7986646420762,7.184888571428572,341.55368577686403,6537.375921892677,88.817669226,8.90745,0.017521424999999986,780259.8172566061
7.1454545454545455,182245.0,76,0.017811704834605598,738.6661521662384,9.394155555555555,332.648978805808,8083.801607323199,24.607607295000008,12.34824,0.02840303999999999,493373.2469204838
4.450549450549451,167999.0,69,0.0,708.9174740075614,10.667872340425532,182.4578614716,1302.416873846724,371.21244224000003,12.516330000000002,0.005291363999999992,1224765.4094151852
6.242424242424242,129697.0,16,0.01699029126213592,931.3643285855057,15.5015,600.6366976764,16360.873687993773,31.626270432000005,9.75192,0.008854875000000002,523710.9936003406
7.48,192240.0,36,0.0,704.4656698815185,12.22250243902439,268.11300750492603,6078.189717635202,132.42382902000003,12.63174,0.021679649999999998,707009.9799471665
4.760869565217392,245853.0,75,0.0,461.5962403331351,11.653233333333333,628.630717824585,5175.953966938303,346.5949270700001,6.900420000000001,0.007597547999999995,699900.8614027874
6.96,128466.0,21,0.0,395.12441916359563,9.013869230769231,435.11468921045997,3529.334765330023,376.867519875,10.192260000000001,0.009384074999999995,815704.5829122409
9.48148148148148,192240.0,36,0.0,651.790749575152,13.951999999999996,310.55090805531,2354.3255234945204,69.082300638,10.504170000000002,0.004969431000000001,772760.1617417668
9.857142857142858,192240.0,36,0.005797101449275362,794.377883472057,11.3735,409.52619556914806,6319.080213728521,57.759272820000014,12.493440000000001,0.020088395999999994,685294.7871577434
10.77777777777778,122926.0,4,0.003436426116838488,712.9855285837402,8.147418,394.20200276271004,6802.806390378001,50.922529942500006,13.06713,0.020368035000000007,765434.9904543357
5.2105263157894735,168391.0,17,0.005050505050505051,383.30370728172926,9.024230769230769,174.3817226778,2994.0259607644366,66.36581259000002,14.141010000000001,0.041463575999999995,282629.40732247627
8.382352941176471,227179.0,40,0.00935672514619883,1731.0851225013344,12.658646739130434,762.7160795183752,13421.790313372861,111.75523678500004,7.36233,0.022630904999999993,642326.9427488695
6.631067961165049,186160.0,35,0.010248901903367497,1167.2980427046264,15.51939104477612,514.48232107008,5964.413001493672,275.15331072000004,11.65881,0.03598559999999999,767538.4164979953
6.7560975609756095,237200.0,30,0.0036101083032490976,1049.2361177515195,10.324625396825397,531.5305556158349,11593.108969265462,349.0342590000001,7.364880000000001,0.029811618,653156.3266005361
7.934065934065934,192078.0,35,0.0013850415512465374,1620.9405860505783,14.650665753424658,729.3490425368951,9226.211800708676,239.37903341000003,8.77908,0.013995569999999999,538303.9667421338
6.469135802469136,231306.0,23,0.0019083969465648854,1234.361739130435,10.117110447761196,400.02466897932,6619.186203234044,99.74681039400001,10.79259,0.01912555199999999,846004.9018256427
6.197530864197531,166300.0,29,0.00398406374501992,975.8162334585146,14.51262692307692,765.375032969196,11971.095713179682,156.39239096000006,9.9384,0.017937581999999997,424906.7403441038
10.137931034482758,191014.0,30,0.0017006802721088435,1437.8647242455777,11.084690909090908,580.05176220022,11076.334419897223,88.40301893400002,7.067310000000001,0.02569984199999999,576446.3118765842
8.979166666666666,148380.0,22,0.002320185614849188,828.8740522250564,11.849964705882352,666.3100437178019,11448.806839010096,60.39495445500002,9.60483,0.022143611999999997,521638.5599993982
4.85,195226.0,23,0.004123711340206186,993.7616119203329,7.731282894736842,328.61134067122003,4929.5272841226715,322.574457465,8.92098,0.015895682999999994,729246.2351188973
6.688311688311688,132640.0,25,0.007766990291262136,1121.3810215444203,11.578058333333335,531.4554177538901,7192.7002656729455,72.17009184,9.18876,0.01569050999999999,647026.1759919042
9.189873417721518,159473.0,37,0.006887052341597796,1641.094069935398,13.823432432432432,472.98877617395004,5787.437102855587,282.25529035000005,8.03481,0.009503963999999991,767465.2140992768
7.681818181818182,164444.0,25,0.0039447731755424065,1015.381575,11.551422580645163,539.1168640611601,10076.28664494078,235.56110032000004,8.66769,0.016539575999999993,674338.1139279745
7.142857142857143,147070.0,26,0.005454545454545455,1024.4066001149095,12.707844827586209,681.03650752344,13598.370789666003,185.38991220000005,9.3879,0.028157513999999995,493201.3589287699
6.426666666666667,168888.0,28,0.0,1092.0617978721145,9.38067042253521,646.6487425025039,14759.133252788231,99.66974233500005,8.31879,0.025015937999999998,1140741.1169354268
6.625,173333.0,26,0.0,931.5701795841209,8.837233766233766,376.16869898062697,6443.351895168383,73.44096704,12.26043,0.025851719999999988,1259080.9385610735
6.125,230946.0,19,0.0031397174254317113,1352.981183115339,9.999346341463413,381.11008114648797,6600.085119429479,53.26037707500001,10.45968,0.019993823999999997,617343.6361777557
5.859649122807017,155555.0,19,0.0,801.2667672627359,8.754279166666667,517.509427883885,7734.557476549261,266.01016443000003,10.14183,0.022846380000000003,652949.829393802
7.647058823529412,184612.0,30,0.0015384615384615385,1308.957004217128,12.867328767123286,579.3789744282781,8573.8249426956,67.02572780550003,8.98023,0.013622699999999998,641723.3168623609
8.354166666666666,195656.0,38,0.0024937655860349127,746.1083359322789,10.581280851063829,647.324213094,7021.5685040396775,85.41902269350001,9.12048,0.02103188999999999,546133.1111962897
7.4393939393939394,188476.0,26,0.0,969.081298988085,12.106095999999999,427.2700302234,6873.80858640907,300.32082990000004,9.12198,0.020638799999999995,674033.7564976194
7.063492063492063,171626.0,19,0.008988764044943821,916.8481205746419,10.544851851851853,393.95661834121603,4907.659652732877,314.08903002,9.085500000000001,0.012386087999999988,808990.411743286
6.195402298850575,250746.0,17,0.0037105751391465678,1104.4962962962964,7.952221951219512,306.321075491334,5973.4990642932,81.89979585300003,11.228789999999998,0.023009855999999995,793131.0712002736
6.7936507936507935,160000.0,21,0.009345794392523364,938.731412031377,8.105875324675324,572.17317901947,11521.42132050744,56.51346125250001,8.69604,0.016495788,592262.2879996476
7.32,254733.0,16,0.007285974499089253,1235.5022933772168,11.643023076923077,483.41187921852,9167.838353163103,65.59795607400001,10.8489,0.02218410599999999,649534.1101108526
6.408602150537634,178909.0,42,0.0,1299.2555524277136,11.18464117647059,432.89969264768797,5445.014389375942,89.00202147150002,8.79846,0.012454748999999992,822632.3617746036
6.609090909090909,211994.0,59,0.0041265474552957355,1547.4817557110457,13.03446582278481,935.043336990264,12687.672171903723,107.67659218500005,5.101380000000001,0.018971819999999993,744432.0997850612
6.962962962962963,167471.0,28,0.008865248226950355,1230.9733365736006,13.074057142857143,665.4385355375521,8631.725895798596,88.71407958000002,8.566830000000001,0.011983919999999993,724259.4141701332
7.323943661971831,168100.0,23,0.0,1132.2436564476106,10.178434782608695,719.1460138651801,13527.593454905247,111.18450134000003,9.84849,0.03171394799999999,1012062.0418525581
6.7407407407407405,156958.0,27,0.003663003663003663,1140.39446366782,12.639466666666666,649.094354957552,9229.051806780457,228.13930454000004,11.084760000000001,0.016571520000000003,681029.0188593458
9.441176470588236,203414.0,32,0.006230529595015576,1358.0854936643816,11.617665789473683,770.1063994603142,16692.38307769902,230.64587371500005,6.527100000000002,0.028377261000000004,422546.3257238162
6.795180722891566,161538.0,36,0.014184397163120567,1166.7348224734126,15.971559183673468,724.536224442364,11608.098661903985,106.207256007,20.640700000000002,0.015755364,711841.2466191754
4.962962962962963,254837.0,20,0.004975124378109453,786.4472991689751,7.694279999999999,258.393600123945,5116.608356353343,49.635077895,10.56426,0.027057215999999985,559184.4801566488
7.326086956521739,129634.0,44,0.005934718100890208,736.0466646199727,11.704585365853656,926.1211829462401,7554.313459320516,94.83331581500006,7.374120000000001,0.013678872000000002,717182.5200603574
8.960526315789474,180000.0,47,0.0014684287812041115,1517.5104650695177,12.857658333333333,960.7448235149101,11618.534340838043,21.496401675000016,8.34492,0.027483300000000002,144805.1317276619
7.203389830508475,195440.0,18,0.011764705882352941,931.7939432783207,8.129923076923077,481.50549823858,9559.7086178314,54.215194632000006,9.30939,0.02702654999999999,522816.5485197222
6.388235294117648,193770.0,34,0.001841620626151013,932.8988141093938,9.351118181818181,478.698113592448,4904.132514883559,71.91287582400001,9.07191,0.02174686799999999,451910.0365630466
5.813953488372093,129634.0,44,0.008,1050.0518518518518,15.822222222222221,926.1211829462401,7554.313459320516,94.83331581500006,7.374120000000001,0.013678872000000002,717182.5200603574
4.509090909090909,193428.0,28,0.0020161290322580645,1015.5687023668281,10.329901886792452,271.51260055100795,7892.284194805122,361.22871488,9.18177,0.026249705999999987,882884.9373127756
7.735294117647059,239280.0,17,0.009505703422053232,1003.5988932719703,9.16681095890411,561.3558908195979,14005.472588694725,64.56214052400001,9.22254,0.036909096,492037.37499863893
6.931506849315069,208536.0,16,0.009881422924901186,1066.444347935867,10.414765079365079,492.221508916752,8506.882023153095,92.373369927,9.98676,0.02385973799999999,670988.5536056686
6.870588235294117,229253.0,64,0.011986301369863013,1021.0534167800453,10.16675294117647,365.127193240776,6351.314055537799,110.27749123950001,9.760440000000001,0.019453715999999992,882786.5004684444
7.267326732673268,177931.0,37,0.005449591280653951,1739.2772899631996,14.315975675675677,914.2579390203,12096.871715351983,39.432224362500016,8.35275,0.020528816999999994,289228.3868770213
6.147368421052631,192772.0,33,0.0,1186.872337414966,11.1398,498.14121282433194,6927.639738633592,112.89233985150003,9.77493,0.013968780000000005,883296.7641098079
6.407407407407407,111664.0,23,0.0,659.9577324263038,11.108374358974359,477.66024086748405,11442.292301290878,51.147187881,9.61446,0.03026033999999999,544950.3528441947
6.130952380952381,175260.0,44,0.001941747572815534,1093.5473281466868,13.622740384615382,797.014237353285,13160.647486389602,77.95102419300002,20.1732,0.019001304,545179.7033329568
7.053333333333334,172895.0,19,0.007561436672967864,976.1842306877271,8.973434246575342,516.59191068408,13701.057633157274,207.77102640000004,5.862990000000001,0.026442554999999996,557122.9395318802
6.205882352941177,105882.0,9,0.009478672985781991,475.64140716335424,7.084777142857143,417.506452830792,7386.116477137357,54.44472931200001,12.428130000000001,0.03707769599999999,553199.601059288
5.9,161843.0,24,0.006355932203389831,1115.8119650527572,9.384288524590165,597.3628611619841,12839.433589155935,68.83645029,7.131570000000001,0.030743375999999996,501181.6189506579
8.164383561643836,144687.0,24,0.008389261744966443,1290.9507160493827,16.28599215686274,516.7180030471679,12711.934673508033,78.315413778,9.712470000000001,0.021029975999999995,819086.8588238804
4.878048780487805,155624.0,46,0.0025,797.3534971644611,10.280784313725489,425.20330317768395,5027.793858745417,99.788318139,10.758930000000001,0.014058251999999999,854147.1640318186
5.808988764044944,145010.0,20,0.007736943907156673,1027.949132179931,14.195198039215686,766.3302188812381,16774.688255227196,63.808785535500014,9.00036,0.028280615999999988,497671.9232405223
6.202898550724638,179186.0,12,0.009345794392523364,1010.3833279932372,8.05655593220339,294.1548781509,1279.1061243804465,213.38478252000004,6.15951,0.00443102399999999,546281.5269473218
7.033333333333333,211994.0,59,0.016587677725118485,980.2902332721143,7.98524776119403,748.9872584723399,14897.12089817616,61.90778022749999,7.531140000000001,0.031248443999999993,448292.7805451776
8.487179487179487,164629.0,24,0.013595166163141994,1584.598253055994,14.3387223880597,719.318031537504,7502.638889054338,98.49852710249999,9.54864,0.011263823999999992,793226.5151285628
6.972222222222222,124635.0,23,0.00398406374501992,1113.9900407424175,10.773756666666667,858.761340269014,14749.027274379063,202.80869024000003,5.25951,0.028030643999999997,1198672.794289347
7.352941176470588,271788.0,15,0.02,986.1818148038049,10.661403508771931,409.03936143189605,5798.847916998397,330.7898892150001,9.00186,0.015146639999999989,853490.8466898113
7.117647058823529,129677.0,27,0.006611570247933884,1302.0714624881293,14.782526785714287,734.859320161824,11343.642125770497,117.90754232400002,7.08186,0.014329742999999994,917094.8307639643
7.581081081081081,140816.0,28,0.0,1203.0465573407869,12.278661290322582,562.4763002496,6371.149627346178,86.32879369199999,8.36505,0.013213854,651259.3611586282
6.1,193876.0,25,0.0036429872495446266,1146.0313495165997,12.055342857142856,715.8402900197401,12117.860429744158,212.573079975,9.77907,0.023205059999999993,555859.9774119717
6.285714285714286,177213.0,19,0.006198347107438017,966.0981878698226,9.521448275862069,551.67613459182,8900.528062583608,193.68942727500007,8.42271,0.03050071199999999,1423329.6285927827
6.397435897435898,162290.0,40,0.004008016032064128,1057.739792734507,12.00005892857143,718.8369307229251,13378.229418431429,58.89404084400001,7.321770000000001,0.02824539299999999,375981.881212314
8.0,195452.0,34,0.013888888888888888,1368.8687158862397,10.638583783783783,455.6869380220771,9235.631876181256,140.991256368,8.40408,0.023991299999999997,817260.0710502854
7.814285714285714,157617.0,35,0.005484460694698354,1137.511633860645,11.122854285714286,917.4679763772601,14968.324879064437,95.88216186000002,7.45347,0.022137569999999995,537215.3360694802
4.610169491525424,150696.0,10,0.003676470588235294,598.190781422994,6.993175510204082,478.8154825816501,9959.750017984406,62.17306375500001,9.27411,0.025195698000000002,614344.1073611036
6.075757575757576,190666.0,18,0.0,862.4568228139933,11.192562790697675,282.67049687882997,4301.625445949699,85.245923475,11.29569,0.015366011999999991,954149.9243007374
6.91358024691358,199877.0,34,0.0017857142857142857,1378.773727673078,11.027882352941175,671.258221227734,15395.929884497165,72.50162136600001,8.34693,0.027236046000000003,598512.8116424741
6.36,167926.0,25,0.0,906.8249108367629,15.543045,860.5989001140301,11620.725773042164,63.16510216500002,7.82358,0.025512360000000008,401798.42845829716
6.142857142857143,180442.0,21,0.01073345259391771,1129.767460463218,10.586163768115942,599.177350904719,8845.507712266262,337.64088739,8.25477,0.01711827,773926.6213994459
6.473684210526316,211994.0,59,0.008130081300813009,728.4698876148923,14.443094117647059,488.58441662109595,9148.935133833495,246.10158298500005,7.791390000000001,0.016175003999999993,736454.5888829752
5.12987012987013,211994.0,59,0.012658227848101266,835.4096474099592,9.949163265306122,587.040561765504,6200.067951192767,28.57799750400001,13.62135,0.038805054,293330.4566536437
6.189873417721519,170735.0,25,0.002044989775051125,1057.1126099318917,10.252137931034483,546.0632390592,8860.949202400152,218.42733588000004,7.91352,0.021533831999999996,578209.7403952928
5.407407407407407,159753.0,24,0.0045662100456621,960.1805686058688,12.50052,663.72727270563,7439.456932852198,116.035939908,8.54841,0.011286527999999992,819176.1759315497
4.988888888888889,158267.0,29,0.0,870.4134153514362,11.65750612244898,528.3558627387599,10818.242777775102,60.87696448500001,9.002220000000001,0.02631887999999999,564138.9202899776
5.7,147560.0,23,0.0,585.7335597847652,9.672283783783785,693.63710470626,7561.372374683494,44.94039751500001,7.66905,0.02480713499999999,268114.00857910095
6.15625,118046.0,47,0.0,721.0214431793898,8.52025,413.14411399378,9812.808627367349,60.31426173600001,8.794680000000001,0.03549130199999999,496728.03783891886
9.431372549019608,180000.0,47,0.012474012474012475,1241.8190741103813,9.275784374999999,587.040561765504,6200.067951192767,28.57799750400001,13.62135,0.038805054,293330.4566536437
8.929577464788732,134413.0,55,0.011041009463722398,1797.1232716761358,11.861146987951807,642.49482662904,8689.552257405763,312.6057030250001,7.873620000000001,0.02746992000000001,760482.2655463043
5.3247863247863245,205266.0,60,0.008025682182985553,1324.0046373365042,8.833129729729729,92.574585744872,2281.858811517676,33.144375102,14.49597,0.021618252000000004,1006125.8181092276
6.772151898734177,231920.0,61,0.005607476635514018,1426.7473970122226,7.90510843373494,356.99495938444795,8582.528097602097,70.143410736,8.10684,0.02210087999999999,679995.252290799
6.772357723577236,202573.0,59,0.008403361344537815,1887.4861300411524,13.059290322580646,687.0579536222999,8896.802380961422,114.19150101000002,7.66014,0.012806748000000001,689943.8341755717
6.131578947368421,227944.0,57,0.0,1893.4504727897906,12.365535483870968,570.828413531412,5301.496175578904,84.95068686750001,17.5435,0.009887219999999993,674855.5240782961
10.0,186733.0,49,0.007042253521126761,1600.5384610715196,15.042739130434782,664.9467302301119,8674.223967476759,103.870110816,8.34084,0.011511149999999996,788782.8171649002
6.88421052631579,177036.0,58,0.0045871559633027525,1464.150288395317,12.626805633802816,651.4016934921441,12227.2481613702,92.25906286800002,7.6592400000000005,0.022188167999999994,595997.4008205414
10.78181818181818,231221.0,47,0.0016863406408094434,1291.1414231652975,9.832581081081083,427.72029947424005,4842.34652082698,87.88829029200001,8.75409,0.014094215999999994,691904.5670110547
6.75,194200.0,54,0.00823045267489712,1130.1458792762594,9.649716923076923,594.4900905660421,8877.161209799859,240.20841134000005,7.485330000000001,0.019874909999999992,536375.998710271
5.6692307692307695,257931.0,46,0.0067842605156037995,1734.8800186333597,11.05420752688172,286.2953912416,4279.432174302879,95.28067467000001,11.25336,0.010211219999999991,1020212.704746978
6.7846153846153845,185573.0,59,0.0022675736961451248,975.9026760396976,10.053196363636363,316.411936985862,6630.893306708398,330.09329880000007,10.818,0.02379180599999999,765851.4715547785
9.71641791044776,251973.0,44,0.0,998.7337188454836,8.722668539325841,401.541314070375,9986.750192594951,245.49620301000004,8.712,0.028096691999999996,660976.583415139
4.922077922077922,199600.0,53,0.0079155672823219,748.618135219957,8.932509803921569,436.3923232347999,9235.976403960496,172.76825967000002,9.083250000000001,0.040111404,1109646.2657277456
6.252032520325203,220682.0,52,0.0,1402.7043066845697,12.69115172413793,775.4732879750279,6764.304499768407,49.560853290000026,7.69827,0.011607882,388511.64109956636
7.150943396226415,119492.0,51,0.010554089709762533,765.0703171475313,15.930261764705882,602.2777599641431,4657.3626058704,305.6915814000001,10.11474,0.010060361999999998,671083.9991023088
5.589285714285714,212218.0,52,0.004792332268370607,1243.2267673128488,10.302171428571429,257.0404347648,4328.340415430831,186.25666387500002,11.38692,0.01932981599999999,731026.2421557674
5.62962962962963,204097.0,45,0.0,764.0706459054211,11.601552,470.67336637356004,4211.194864129501,72.87887817,10.99749,0.015763014000000002,602399.961860633
6.55,138960.0,46,0.005089058524173028,930.402141006835,10.959682978723404,431.30323956248094,6733.100260438143,70.172072451,9.75513,0.015338127000000002,783421.5381172801
5.974025974025974,211666.0,49,0.006521739130434782,1122.4562595549514,10.090807692307694,153.17388962544902,4838.213748504336,220.27285518000005,12.75786,0.024925580999999995,1010482.6477483222
5.577319587628866,249613.0,58,0.0018484288354898336,1175.562805425667,12.62747213114754,837.6691833095039,11866.306994022098,66.61275008700001,6.25563,0.014464517999999999,542200.439637052
7.380952380952381,117240.0,49,0.012903225806451613,996.169982698962,15.05745918367347,810.85204817703,9951.357767031132,68.20463324250001,8.198550000000001,0.008455466999999994,577750.2672796373
9.323529411764708,215224.0,54,0.0,580.5857445987655,7.27198,196.586323285275,4047.2103640800005,312.86884726000005,11.07474,0.019136330999999996,968180.7166700916
6.571428571428571,138240.0,49,0.010869565217391304,958.8275796544999,9.062,613.703165712,10754.180515456419,100.94677425,9.146460000000001,0.020898773999999995,696889.1608617725
7.413043478260869,183089.0,46,0.002932551319648094,1454.1457454545455,14.833994202898548,626.616264078336,7016.406434413657,106.69491309600002,9.63585,0.010261319999999997,773422.3333982965
8.75438596491228,202693.0,41,0.008016032064128256,1282.9732398081405,12.91911,561.39874780581,10193.100055412107,364.9065007200001,6.480150000000001,0.01814637,753165.5614801238
9.144927536231885,191349.0,43,0.006339144215530904,1258.342630279337,11.61636891891892,655.6647993148499,8640.516118859758,101.5796993025,7.33812,0.013274111999999989,780120.8460916211
4.7,180880.0,43,0.0070921985815602835,844.1395833333333,7.7003625,431.30323956248094,6733.100260438143,70.172072451,9.75513,0.015338127000000002,783421.5381172801
6.916666666666667,177640.0,57,0.012048192771084338,1147.5060025337327,10.035849230769232,697.570172916112,16575.694806970638,59.83111656000002,4.20234,0.025843229999999988,439165.20462993375
7.218181818181818,184506.0,43,0.0025188916876574307,831.8021995438897,8.565094545454546,319.9523520748801,8736.024429104544,296.9718304,9.260580000000001,0.026329895999999988,782901.9221883675
5.119565217391305,137533.0,40,0.006369426751592357,841.6935228233307,12.600691836734695,612.7694917484041,7238.871868165393,328.37463828,7.06242,0.014780594999999999,638687.1975085499
6.4035087719298245,174300.0,42,0.005479452054794521,698.3721844293273,13.167375000000002,426.57249256128,6751.945505818803,82.89873430800002,7.9080900000000005,0.019334399999999998,676149.4815631894
7.8307692307692305,174287.0,54,0.005893909626719057,1010.6564171190505,11.130133333333333,573.5551482865279,8858.021535153166,243.72118337000003,7.9472700000000005,0.023114639999999992,524494.8824978741
6.322916666666667,185986.0,46,0.0032948929159802307,1580.6586357162432,14.287524137931033,721.8923360442241,13828.3553127174,65.42692696050001,7.298040000000001,0.021979331999999994,534513.5883177649
7.9375,158527.0,43,0.003937007874015748,547.1018991964937,9.02661081081081,502.1839451960099,10138.943726878317,351.66726707500004,7.29639,0.01777985999999999,818547.5945293312
7.878787878787879,184037.0,51,0.009615384615384616,987.3538518005458,16.334367346938777,877.4692355457598,10959.456010260295,283.4120525400001,9.044400000000001,0.011522280000000001,660176.963115352
7.191176470588236,160500.0,49,0.0,1114.392414080375,11.042435000000001,438.39808937803,4383.432643228389,107.89349780250004,7.70871,0.007528634999999991,908897.8074491513
6.696969696969697,174786.0,46,0.004524886877828055,1049.9612292912461,9.368073684210525,488.796151737384,10020.970583188458,63.897772105000044,9.46776,0.037446981,201209.17129550062
6.3375,196075.0,43,0.005917159763313609,1012.7807145334718,11.703106779661017,584.4235705300831,5319.860690495247,59.78813807100002,8.853150000000001,0.010405949999999988,611523.6463264287
5.383720930232558,194426.0,40,0.008639308855291577,1029.0096498269895,8.888956944444445,418.239335138104,3812.4022870541817,134.98348783050002,7.721250000000001,0.00556334999999999,1099695.8130842363
7.358974358974359,178360.0,35,0.0,642.2441770886263,12.402226666666666,369.99858464304396,6798.068024540463,194.05365034000002,10.01865,0.018794520000000002,662212.8909612162
8.109756097560975,224133.0,67,0.009022556390977444,1339.1816560232023,15.747833333333332,860.482916001036,13429.371634742936,49.26523587600002,6.49308,0.015382124999999996,388318.572839726
5.586956521739131,219820.0,42,0.0,1138.1331771560458,11.050196875,458.51989459775996,6070.777997610647,63.818753688000015,8.25918,0.009654794999999997,793066.0751363665
6.373626373626373,215817.0,56,0.008620689655172414,1191.3805970149253,11.484,518.450314208508,6102.785889420839,75.9614243085,8.495940000000001,0.020607257999999996,498352.7988466974
6.444444444444445,230400.0,39,0.0038314176245210726,1120.002082093992,11.652986440677966,695.707382652765,10061.230505843652,52.67202171600001,19.294000000000004,0.015421563000000004,506331.94225134334
8.69620253164557,275080.0,40,0.002911208151382824,1583.8804056683684,9.228933673469388,753.49613557548,14233.98555950575,152.73875776500006,4.663830000000001,0.026652482999999994,301036.43474412116
6.303370786516854,162037.0,40,0.0035650623885918,1233.151136829286,12.124037704918033,710.878161573761,13635.150136135291,63.85837570500003,5.247870000000002,0.02253857399999999,467183.27598199545
10.442307692307692,154695.0,44,0.01289134438305709,1161.2934941322806,16.104741176470586,872.3163068575199,12907.950910081383,214.94539216500002,8.7444,0.015065028000000005,525048.0651046297
5.112068965517241,211722.0,39,0.006745362563237774,1460.8614676168843,12.210788732394366,781.7595598159199,7541.693372558598,103.16642543550003,19.8097,0.008067347999999997,741639.5933106535
6.948275862068965,251715.0,36,0.007444168734491315,831.8082868380135,12.066233333333333,348.6023415076,8694.068243400721,202.51657262500004,7.700280000000001,0.020211074999999988,760671.0130981028
5.076923076923077,178000.0,65,0.0,534.7201888245996,10.767558620689657,280.697980754928,3642.5849585708993,161.2325484,11.633849999999999,0.015632495999999985,707953.3174443808
6.326086956521739,192588.0,45,0.010309278350515464,1541.2361488834672,12.518991176470587,761.157804051282,13623.51651380429,90.16647820950001,8.067060000000001,0.015961404000000005,729855.1982413182
7.024390243902439,188346.0,36,0.001736111111111111,1168.047520661157,10.805574193548388,165.5478181953,5199.928035045901,26.069001300000004,12.32724,0.030131948999999998,546080.5672560774
5.455696202531645,174283.0,45,0.004640371229698376,920.1795080823438,12.566460869565217,396.184651708104,7442.320063929374,98.29753671600001,10.32633,0.015608208000000004,1005372.0747420964
5.344444444444444,166208.0,51,0.012474012474012475,1044.3267641449459,12.122125,423.64001764625,3581.3269989199985,68.20880158200002,11.04819,0.01149746399999999,690219.8975367735
8.510204081632653,132453.0,43,0.009592326139088728,870.9605247092579,14.670060000000001,613.7364834277379,7308.557815817564,121.23370096200001,9.18102,0.005280386999999997,1178654.2736020293
7.722222222222222,93840.0,36,0.007194244604316547,628.4296180555555,14.06871724137931,742.9228769657881,7141.47172015151,184.64883288000004,7.69041,0.008853011999999992,554172.34252017
7.23404255319149,193333.0,66,0.0,786.8874784947014,10.894702702702704,359.8473970653119,4555.388520839731,367.5472692,10.813920000000001,0.016711560000000004,875248.4132806968
7.698924731182796,203133.0,35,0.0013966480446927375,1739.5629312603717,11.403194999999998,629.823944856876,7808.2056472712375,79.26638308050002,19.152300000000004,0.013283258999999993,656012.7558397487
8.337837837837839,191837.0,42,0.009724473257698542,1070.4515665278602,10.628681944444445,468.62964039044397,8438.978854747957,96.68622880800001,8.821200000000001,0.02037979799999999,792113.2415795635
7.303571428571429,140297.0,45,0.004889975550122249,871.2990397805212,10.679205263157893,644.477318086602,8118.331898071821,112.11758266200002,9.04212,0.010312508999999996,867992.0872558922
9.175,158275.0,38,0.01907356948228883,655.7293928965217,9.566987234042553,445.92332034700803,7988.77256655952,39.78215913600002,7.299810000000001,0.021020555999999996,421573.425509569
7.741176470588235,197213.0,47,0.00911854103343465,1420.7419269765921,13.560781818181818,732.2706216421501,10313.72153270378,56.35692494400002,9.07752,0.021010937999999993,473937.57055507466
7.142857142857143,187293.0,55,0.018461538461538463,1398.890538911846,12.834545454545454,787.383386878452,8213.389147709928,67.40810118900002,10.34838,0.011787479999999998,582016.3357017565
6.548780487804878,166208.0,42,0.00186219739292365,1109.9854219914264,12.234796721311476,635.820794253828,10106.23570370424,303.6622621800001,8.165460000000001,0.016179954,722814.8999557421
9.485714285714286,271725.0,34,0.0015060240963855422,1553.047839506173,10.265278048780488,472.175043564042,8148.781057630079,118.8316678995,7.186470000000001,0.01504255199999999,913522.914985183
8.39655172413793,216389.0,14,0.012320328542094456,972.5226180568606,12.025224528301887,481.224878455568,5669.094312775077,59.11314754800001,7.118189999999999,0.01126338299999999,601742.086322963
6.2075471698113205,203133.0,35,0.0,687.1579698307504,8.094071428571429,479.72429141210006,7786.419903595177,63.7720966575,17.255500000000005,0.016801316999999993,551743.6678279269
7.617021276595745,101355.0,0,0.008379888268156424,1650.8397160732825,10.651278260869566,354.10837193210403,2867.646578584729,76.617513888,9.992130000000001,0.00536507999999999,1039227.9957726983
10.145454545454545,184577.0,89,0.005376344086021506,936.9635669790135,12.957894915254238,554.9923869384601,7683.823815464158,84.73515380399999,8.919450000000001,0.015211154999999988,694072.7539397827
5.759124087591241,217524.0,0,0.0025348542458808617,1514.6843256267214,12.483352173913042,307.69015505903997,5483.937659192243,58.50572832000001,11.494620000000001,0.012227291999999996,799052.7504807488
5.861111111111111,171461.0,38,0.016587677725118485,982.8842420648543,9.752036363636362,522.44717903808,12667.166939019602,101.53346184300001,8.22033,0.025625664000000006,785018.9962433696
5.641791044776119,198912.0,6,0.017195767195767195,1678.2526156303106,13.731795,475.90234066385995,9050.96901905408,70.578770715,9.50952,0.013024007999999995,831054.3943014541
7.046296296296297,162782.0,0,0.00788436268068331,1502.022188992916,13.620088095238097,715.359673564686,14433.987161305475,27.337080951000004,8.69976,0.016438589999999996,354058.8150605041
7.016129032258065,231920.0,61,0.004597701149425287,2052.310501133216,9.111205128205128,287.35394549998,2747.885522872674,216.61159276,10.28433,0.026918430000000004,898241.1437348055
11.328947368421051,193933.0,58,0.004645760743321719,1432.9157926829264,12.494365625,448.58571354554005,10058.256118182999,75.45248808000001,9.132990000000001,0.014230097999999997,988794.4307290053
5.397849462365591,86656.0,20,0.0069721115537848604,2014.7151215277777,10.936961983471075,362.0592339175,3098.6301621993143,99.208640868,11.00226,0.007044477,1181279.928196307
8.151898734177216,155390.0,32,0.004658385093167702,1554.760001813874,10.527412345679013,530.0782029504,7723.685139420097,75.26982645000002,7.163820000000001,0.014391179999999995,654760.7674890902
6.296296296296297,300585.0,8,0.0058823529411764705,1785.6476124792084,13.350257731958765,340.46109685236,4186.195213893279,107.698760433,9.26922,0.004364198999999996,1227257.429262572
8.135135135135135,205266.0,60,0.0033222591362126247,738.3657824984267,9.23769,521.1055588808521,9536.622676046565,102.35345541300002,4.901760000000001,0.02030277599999999,612085.8632599108
8.03125,231920.0,61,0.007782101167315175,1742.8383691737126,11.485271590909091,241.57469792162996,2274.107968703467,83.1023528175,11.16165,0.006280665000000001,1080879.091569555
6.105263157894737,257931.0,46,0.017241379310344827,1266.5989297320675,8.78816,386.92053056078396,4501.3757637722365,89.556729669,10.93917,0.005963711999999992,1144566.660051079
8.016949152542374,304066.0,43,0.0,1074.2303977272725,9.186448333333335,784.56522686548,11658.308798211534,50.23119374250002,4.73259,0.023364774000000005,381691.6023421273
8.859375,231920.0,61,0.005291005291005291,1265.9396878152595,9.01207840909091,679.5690991671781,9560.130786149324,65.79448953,7.2825000000000015,0.01466068499999999,564760.7215121483
5.37719298245614,205266.0,60,0.008156606851549755,1308.4061697761938,9.444398630136986,198.61035781699505,3839.622456989663,54.76139380500001,12.5523,0.024993203999999988,689987.0320151128
6.2444444444444445,231920.0,61,0.0035587188612099642,591.7627346875961,14.99667931034483,435.87838657855804,6707.778639211627,33.741541116,10.6116,0.009436274999999994,541198.5762573465
5.054347826086956,186213.0,66,0.008602150537634409,844.4440237966469,7.762499999999999,202.96057689089997,2650.721809894704,82.426948488,10.31742,0.011755511999999996,903811.1299643026
5.739726027397261,190976.0,40,0.002386634844868735,799.893394585025,8.393145098039215,253.76243588304,5456.557660682519,57.05915435850001,10.19889,0.026754335999999986,631276.4573754414
6.44,294133.0,1,0.006211180124223602,1336.4479569468076,5.989199999999999,192.632022761472,4979.345945071679,74.86259289600001,10.14558,0.025406399999999992,741274.8925682744
5.666666666666667,211173.0,34,0.0,909.9912233324333,12.17021707317073,474.47704842469193,4954.894319044642,331.83580511,9.547830000000001,0.009925434000000004,819185.2268528994
5.694444444444445,183248.0,2,0.0,897.1504155124653,8.038016393442623,357.39815274609896,5615.285537012175,68.458011174,10.040460000000001,0.016357004999999994,824142.3340384328
5.930693069306931,220682.0,52,0.0,1102.7314352175235,9.880172222222223,380.63795752058,6714.458270083794,208.88333590000005,9.26967,0.02029745999999999,665525.6408801484
10.375,220682.0,52,0.0,130.6265060240964,8.094871428571428,750.146421659964,9040.819645020216,48.9179633895,6.932670000000002,0.01712997,371718.9139438807
7.888888888888889,234400.0,0,0.01609657947686117,1084.0668635181903,9.46995593220339,304.55568812545806,5314.380597277339,89.30799693900002,7.747890000000001,0.014134518000000004,885338.7166312379
5.852173913043479,220682.0,52,0.0,1217.5975252825701,11.642089156626506,775.4732879750279,6764.304499768407,49.560853290000026,7.69827,0.011607882,388511.64109956636
8.173913043478262,205266.0,60,0.0026595744680851063,748.304386312994,6.1951222222222215,268.3778376726,5398.068008934933,113.53253692500002,9.38184,0.015050475000000004,1028203.6140221537
6.153846153846154,188029.0,16,0.00625,946.1538461538463,12.684,779.0285046096001,12122.879324799096,109.54919811000002,8.05635,0.015440567999999997,686960.9072224564
8.25,174159.0,25,0.0025252525252525255,816.0844590329503,8.5668,489.171982605878,8166.00646365152,50.71533212400001,10.1793,0.03211197299999999,397729.35857650015
11.166666666666666,171545.0,36,0.0042643923240938165,1380.5444924000751,7.695117499999999,357.37427585436006,6399.974422722045,291.8033268,11.439029999999999,0.02208571199999999,737137.1046248428
10.11111111111111,176239.0,28,0.0,916.0147405498752,12.354875,739.3332958551,10030.016216147134,183.66810426000006,9.41865,0.013635239999999996,487065.2852511334
8.757142857142858,178119.0,22,0.0016313213703099511,1365.467523097393,12.019178571428574,480.3262869417751,12654.072836963998,65.99667538800001,9.64539,0.03017428799999999,521782.48592590186
6.6395348837209305,237624.0,28,0.0,1241.5234128328336,8.89586712328767,270.38748225901196,3673.9898458205694,90.86930506800002,10.287090000000001,0.015967529999999994,754328.9151550806
9.152542372881356,200971.0,18,0.0,1237.85652489476,10.11,493.08965059031993,9059.327042244862,87.99390803700003,8.559660000000001,0.025530647999999993,664580.0932152728
8.88679245283019,188318.0,22,0.0,1015.0427807486632,10.303331578947368,313.67025589652997,4891.011964458648,310.25630454000003,9.21297,0.016080075,699161.2685388362
6.137931034482759,190961.0,11,0.0,405.9734796524921,7.678392592592593,324.071605630688,7464.611387640967,84.27302002050001,10.75797,0.032756994,647507.0670349813
6.0606060606060606,241085.0,14,0.0,954.0414909765559,6.6405797101449275,415.66395335262,5680.0045582072,256.32909853500007,8.80266,0.01989527399999999,605695.3738289236
6.166666666666667,212727.0,18,0.002457002457002457,829.3533291325352,9.63318125,374.66597186928004,8351.393364889738,85.85218863000001,7.80477,0.025278719999999994,668985.1015416342
7.015151515151516,169772.0,19,0.008639308855291577,1030.245457199973,9.487796,555.6584907047279,10743.544916147202,73.91669877600002,10.02504,0.015735825000000002,591210.1744046893
4.752941176470588,211363.0,17,0.0,760.1801788711213,8.897549090909092,282.56912323008606,4229.806812301728,84.020984334,10.052819999999999,0.014326766999999994,815553.3159490267
5.873015873015873,174159.0,25,0.0,552.9237333715802,8.432035714285714,434.165541448032,6329.751415382472,57.571702263000006,9.52053,0.02140684199999999,477815.53384702315
9.0,98597.0,14,0.0,371.7098196619369,8.4915,359.42968912473003,4086.674341792562,91.19956770450001,9.59754,0.015753945000000005,681161.0063522737
6.953125,250721.0,15,0.0,824.5867478678927,7.590858108108107,477.35784650229,7722.641555327493,92.81992381200001,8.95104,0.020735937000000003,678826.6464537744
5.036363636363636,179791.0,16,0.0036101083032490976,527.196367405805,7.2063088888888895,423.84462622624403,9534.044332719595,236.11596596000004,8.66028,0.028777517999999985,606704.6625927199
6.270833333333333,173517.0,14,0.0033222591362126247,580.9901834636902,7.119904166666666,292.392170546,5482.42283312546,77.492880576,9.84093,0.019038509999999988,813217.4834613717
9.344827586206897,180264.0,14,0.0,640.061813526201,10.889683333333332,189.16278707149604,4407.213453279627,52.348477356000004,11.36199,0.028809300000000003,647075.1005790175
7.388059701492537,209894.0,12,0.0,1118.3752330360956,10.21784210526316,564.4346099193599,8135.0540050425,47.166900210000016,18.298000000000002,0.020127924,391840.7946986849
10.452380952380953,160000.0,18,0.0,768.1895316804406,11.671413636363637,442.09351784026796,7693.87266243727,98.40834898200002,7.913820000000001,0.02312269199999999,650200.633177141
11.066666666666666,164000.0,19,0.0,1089.9156327543424,9.787164705882352,360.806074059392,5023.24615352714,124.19919811200002,10.46409,0.012489659999999996,981129.8369496008
9.758620689655173,121986.0,1,0.0035335689045936395,809.6604242271342,13.20731724137931,616.1664276505101,13001.899602252706,40.366929042,10.180710000000001,0.03295593,363577.887886635
8.232558139534884,166442.0,8,0.002824858757062147,722.0634313411313,8.970648979591836,392.140800981888,2360.3786759470763,60.42179766000002,11.288490000000001,0.013679325000000003,434748.48972011864
6.426470588235294,189132.0,35,0.0,875.0014907440369,6.715233333333335,225.132950052725,3768.0297669928764,38.76169020900001,10.02135,0.015752225999999994,584207.8436057796
6.9375,228371.0,19,0.0,919.9405469678954,10.344255319148939,126.334289319,2484.364128589875,35.029094257500006,12.426210000000001,0.013575353999999996,880851.5860394767
4.337209302325581,222857.0,3,0.0,851.6099353976387,7.58290655737705,535.002188647412,13465.688550677993,71.5882995165,7.670640000000001,0.031811277000000006,547316.255532491
6.108910891089109,224483.0,9,0.0016207455429497568,1153.069711844674,10.549854794520547,525.905637691184,9348.137731680665,98.95166406600002,5.91075,0.018467022000000003,690911.2414477682
3.909090909090909,185557.0,4,0.0,779.0059006931383,9.189610169491525,403.76651186645097,5346.658906401027,317.75209687000006,8.55786,0.011907720000000005,888104.8610404462
5.256756756756757,189469.0,18,0.0,819.9082666666668,7.397483333333334,443.63433135861,5025.786983990223,77.51528757900002,4.80603,0.011643588000000002,631860.1860077131
4.869047619047619,212453.0,3,0.0,865.0630136986302,9.683484,501.144940235628,9750.70710237674,69.5624732595,6.73395,0.024747618,542500.0754220497
5.468965517241379,294760.0,15,0.0025220680958385876,1529.6701176509225,11.229060227272727,337.68736061293197,7168.272005688191,117.20870299500002,10.775820000000001,0.020791535999999992,625927.5881930242
4.593406593406593,207320.0,6,0.0,736.2392344497606,8.734110000000001,578.463281231346,8606.240818710832,42.916880737500016,8.017800000000001,0.020973752999999994,420771.50106244755
4.711538461538462,250427.0,2,0.0,1142.9112332933382,9.134222222222222,572.6619046310401,9675.077134902836,72.58411944,21.876600000000003,0.025984199999999985,485423.11221819575
5.333333333333333,170074.0,4,0.003289473684210526,603.0898088388273,7.639706122448979,478.35984390785205,7288.907285790723,305.79060314000014,7.80804,0.017160240000000004,729614.6569698981
5.114754098360656,184461.0,1,0.0,560.9438527036791,8.103860869565217,453.641799538112,6796.09033285997,89.7596168715,7.80993,0.017232503999999996,726246.0791142366
4.204545454545454,192531.0,2,0.0,902.1455482847514,6.448815384615385,525.2746780593261,9091.985214264469,274.36384976000005,5.148750000000001,0.021908879999999988,571827.6000764298
7.770833333333333,169665.0,1,0.002680965147453083,911.5021155294202,8.38504,534.678406219776,5112.061555749951,85.338975492,9.46893,0.012311927999999995,668892.2427594527
4.262711864406779,194120.0,1,0.005964214711729622,950.2746522521916,9.802494029850747,281.35032262722,6313.115850052174,175.04221261500004,10.599720000000001,0.018707435999999987,708114.150854286
4.774647887323944,272640.0,4,0.0,572.3240351725163,9.413951162790697,418.830967966369,4840.916189789347,193.37650411000004,9.480120000000001,0.019827908999999994,463448.5840183042
5.453125,192468.0,7,0.0,719.9176055839002,6.997132727272728,285.950834165854,5669.846721567269,61.60841022600001,7.640040000000001,0.017825108999999992,671499.52852313
8.094594594594595,203720.0,3,0.01669449081803005,1108.7568096957827,10.458067105263158,555.6469848909211,11739.879014104918,57.41197793100001,6.977160000000001,0.01845689999999999,629674.552327649
6.903846153846154,171875.0,59,0.002785515320334262,707.0118138182801,5.546037142857143,589.180732538848,4905.759405046502,175.85181026100005,1.6215300000000012,0.014652150000000003,504205.91309198865
5.204918032786885,234600.0,10,0.0,1344.2497096538593,7.638142857142857,491.53031294975995,6856.909722502278,97.06550112000001,7.035210000000001,0.014555045999999992,727634.6353758821
3.9705882352941178,232293.0,4,0.0,837.3359850747188,6.177564935064935,105.46823176983,2121.8439694946987,79.04743969500001,13.81713,0.016439747999999983,730472.7010978679
5.2625,192373.0,1,0.0,794.0466847246413,13.099370212765958,913.839489842304,17526.0151399047,23.42467581900001,6.21975,0.02029848,217235.083503223
6.115942028985507,174628.0,65,0.014218009478672985,874.6836161907208,8.90209,456.226853069286,5260.478419808288,60.9517563525,9.34131,0.016162358999999998,544687.3613351118
5.723404255319149,269626.0,2,0.0,352.8828650573803,5.6206055555555565,270.714665629737,4035.3791710529485,260.35305508,9.600690000000002,0.014987249999999988,779311.1264440357
5.190476190476191,286573.0,4,0.0,578.4220183486236,7.023582692307692,305.777728166148,4835.872019968001,57.70472022000001,10.033140000000001,0.02109735,593821.4553974564
3.861111111111111,244375.0,23,0.0,888.11153772444,11.36325,758.0769163593601,15383.1661787175,55.090985448000005,7.201200000000001,0.027243263999999993,453225.14521435613
4.240963855421687,293666.0,16,0.011363636363636364,645.9376141427423,12.2232,716.5405662681421,12314.486295975363,6.968990164500008,11.57154,0.01827657,117032.48057283973
5.867924528301887,294760.0,15,0.0,1094.9598391119368,8.171671698113208,472.07174345100003,6984.033571000674,100.95132993750002,9.411570000000001,0.013862099999999997,800360.7373796364
4.973684210526316,122448.0,36,0.005291005291005291,427.7956049149339,11.75251304347826,449.9671275568799,11742.618173489276,251.35052840000006,9.69834,0.015056027999999994,1052295.7907735822
4.046511627906977,262346.0,7,0.0,614.0603448275862,8.742775,515.2512150031039,8084.873446227342,89.04016909199999,7.69008,0.019014435000000003,712239.9187426516
4.623376623376624,196173.0,1,0.0028089887640449437,727.7422197830579,9.061683333333333,507.48851694214596,12290.18353815677,29.00616210300002,7.9383,0.03615969,275983.9157755976
5.484848484848484,245853.0,75,0.008287292817679558,723.9032376624679,10.888442857142858,385.3334767861261,4436.769397232171,314.16882430500004,9.92157,0.012411806999999993,845183.0312633865
4.102564102564102,217440.0,5,0.0125,608.4759305407223,7.865098039215686,351.61295394755007,7357.728950698946,68.37590091000001,11.494860000000001,0.02563866,746955.4030679438
5.613636363636363,217853.0,43,0.0,466.1524652777778,10.068835483870968,572.671303105748,6023.703888088685,240.27955987000004,9.66675,0.016653366000000003,614231.350972296
6.568965517241379,251133.0,1,0.0,634.9636239451825,10.830127659574469,799.5303857534401,15569.266706233097,45.72139923450001,19.222900000000003,0.026115047999999988,341345.2792481882
3.9207920792079207,174628.0,65,0.012626262626262626,808.8348609908735,11.7524,557.5889392316999,7937.900634045283,192.57339285000003,9.67296,0.017539157999999996,605132.5100599398
4.341176470588235,277853.0,2,0.0,1432.9549100014515,7.80162786885246,627.0415355707199,10001.905574024277,174.80359612000004,8.711340000000002,0.025709417999999987,1402338.117010991
6.5,220762.0,19,0.005917159763313609,363.7621951219512,10.709222727272726,593.25030097452,5514.66925691354,247.15747251000008,9.07296,0.009162866999999993,766793.2890061984
5.894736842105263,227746.0,53,0.002976190476190476,1260.7020163089783,8.861664,697.8096268369951,12181.121189867445,70.34271317100003,7.169220000000001,0.027557300999999992,415698.4841345126
7.865384615384615,212301.0,48,0.012224938875305624,1585.0231884057973,13.118457446808511,456.26165368605,7383.795707487629,75.40408337550001,10.55352,0.01179159,764349.3562343087
7.406593406593407,208866.0,40,0.00741839762611276,1482.7392119495555,9.808593258426965,435.572815310992,9527.498404599659,60.5280415905,9.57744,0.024395903999999993,612353.6246062673
5.539130434782609,224386.0,38,0.0,1257.1635796045784,10.943498734177215,424.3463101214999,6725.886456975361,119.35925325000002,9.01266,0.014165279999999997,848588.7677550918
7.315217391304348,150960.0,43,0.004457652303120356,1315.792476275381,12.78793472222222,697.1510687853462,8417.443146616208,56.7411953955,8.48037,0.014502725999999988,559951.5182232781
5.566666666666666,133880.0,40,0.0,693.0431894340661,10.992882051282052,329.256686646288,3882.5939658928814,386.03820264,10.953959999999999,0.010818743999999996,1070121.4598809944
6.053333333333334,156453.0,49,0.0022026431718061676,804.8451336830254,13.008991666666667,650.54389345686,14190.764463558377,231.91480170000006,9.757890000000002,0.027867690000000004,580222.4491279807
6.434782608695652,233813.0,37,0.0016891891891891893,1230.839993471603,9.365901298701298,457.740361717184,13207.140666300671,103.706791752,6.119100000000001,0.028487327999999992,681235.12726963
6.370967741935484,215760.0,44,0.0012658227848101266,1630.4544353796596,12.5531,384.6301782983729,2880.6758175554096,92.83692390000002,10.689750000000002,0.006415322999999998,859200.82573645
6.415094339622642,212301.0,48,0.004411764705882353,1374.2899063475547,11.369268292682927,332.46349513077,5122.738885631628,66.38771599500001,11.121870000000001,0.015178889999999992,702455.6806148307
7.517857142857143,205154.0,36,0.010688836104513063,1706.5218633606005,14.269212765957448,367.9957543863599,5167.612467505201,117.32376711600001,10.82991,0.004755054,1278327.11763088
5.531914893617022,211760.0,46,0.0038461538461538464,1010.6743050338093,12.663529411764705,208.71192547151998,6236.473850344946,101.6113490685,9.65859,0.013473035999999987,1302670.1675641353
7.536231884057971,189756.0,30,0.0019230769230769232,1073.0270655270654,10.903225806451612,218.457769621,3435.8189131650324,96.638753883,8.702250000000001,0.0074604960000000005,1045538.616232066
6.085714285714285,191487.0,39,0.0,857.687791495199,9.328580769230769,287.82321034896,11286.632010184527,94.39848132000002,10.2498,0.038614173,830894.87378749
6.876543209876544,182466.0,40,0.012567324955116697,1001.1434681440443,11.420240625,673.5672778665601,12797.577804192151,94.63915129200001,17.691900000000004,0.025763945999999985,476524.00622270245
7.145985401459854,270920.0,34,0.009193054136874362,1887.390338222434,12.591586915887852,948.0108671129601,16118.553693902395,44.70758400000001,15.245400000000004,0.02091418199999999,335101.28737240355
5.565217391304348,195133.0,29,0.0109375,1362.5404637532017,11.55855421686747,481.6983003837901,6931.563442983242,121.40987785500002,8.90469,0.008046695999999996,1041783.4616474366
5.553571428571429,218506.0,35,0.0,1081.0433887764118,11.081374285714286,687.4000915342469,15217.346312906035,54.313541820000026,20.589000000000006,0.03668004599999998,331599.33192925586
7.037383177570093,234880.0,33,0.010624169986719787,1537.999483017112,13.366767567567567,693.8866252060161,10217.90015580985,227.80745724,5.19768,0.01940027999999999,440832.34086369956
9.81081081081081,177768.0,34,0.006887052341597796,1421.1205803648647,12.70132405063291,354.92671299819006,5517.148982524198,113.57012754000002,9.69813,0.01103314799999999,976507.753633678
7.035714285714286,193920.0,28,0.0025380710659898475,1452.6580801743746,12.43155652173913,384.19481650640404,7130.887877487865,76.298135778,10.60572,0.012450899999999999,903539.7522151304
9.04255319148936,200820.0,31,0.01764705882352941,1875.815477474496,12.024666666666667,861.2156533816361,13968.014295307901,79.98116940450002,8.504610000000001,0.016417169999999988,624228.6143699872
5.40952380952381,179431.0,35,0.0,1072.4655029585795,9.825588571428572,275.70164246031004,2622.427645084,122.33405487600002,9.187140000000001,0.007807229999999993,945247.6436268225
7.610169491525424,199320.0,38,0.0022271714922048997,896.415987990242,11.02575625,309.97899177605103,4486.633969123031,112.70156598900002,7.655400000000001,0.011415077999999992,914273.1946158252
5.195876288659794,180600.0,38,0.0,1132.1261154074957,10.340172972972972,333.16784186125,5965.479959519088,63.13653343800001,11.49408,0.010216637999999997,856665.3859351187
5.805555555555555,171802.0,25,0.004784688995215311,928.2532692487748,11.10978431372549,329.14915669424994,5053.097372629084,85.7683086315,10.309320000000001,0.010415096999999995,1043666.7476376462
6.125,206586.0,28,0.00510204081632653,1035.3509076193775,11.898016666666667,488.4766253854741,6696.976028411515,96.76553031750002,8.423250000000001,0.009102374999999996,883446.4105179756
10.970149253731345,223973.0,31,0.00816326530612245,1069.1383693460616,11.893044303797469,844.4093767500511,16879.486908272167,48.895596054,13.2562,0.027900366000000003,333648.5330278704
8.170731707317072,155390.0,32,0.011940298507462687,1296.199389572067,15.073,510.40733756875204,7690.187130735835,102.56850138600001,8.79504,0.0077861519999999915,1070780.5716508897
6.1679389312977095,234173.0,28,0.013613861386138614,1603.7175974548952,14.876068292682927,537.08422252635,8146.790955074852,135.7962535455,8.300310000000001,0.008259147,1067462.146395119
6.053763440860215,180290.0,37,0.0017761989342806395,1132.801214063531,11.334773437499999,205.92147973482002,1947.4963097062287,145.52698574250002,10.716450000000002,0.004917347999999998,1323572.2033450643
6.8059701492537314,184266.0,31,0.0,990.0483533976719,10.80633962264151,402.2319566136,8760.714879133913,314.65033123500007,8.466690000000002,0.018704016,884078.3072866035
7.676056338028169,227746.0,53,0.003669724770642202,959.8237646475292,7.863308988764045,744.7443359958769,16874.423928371518,161.2614705200001,5.723910000000001,0.03416968799999999,1062057.9164395374
10.37037037037037,224386.0,27,0.017857142857142856,842.8684292481438,10.319044776119402,785.67500578448,9008.068972590327,58.36384071,2.490570000000001,0.014711544000000003,418573.2032063155
10.45,184880.0,32,0.01594896331738437,1326.5503522942086,12.269547761194028,756.6645284655099,16519.744244722988,71.70713513250001,14.658500000000004,0.030143420999999997,387602.3953903953
5.050847457627119,213293.0,30,0.0016778523489932886,1167.2422908093279,11.747915492957745,298.86043322142,6578.073281984512,377.6429220550001,11.9193,0.014500727999999994,1222466.887673287
6.576271186440678,206000.0,42,0.001288659793814433,1411.6335334754963,14.376369999999998,396.03963613730497,7654.363271254909,133.460805111,7.86312,0.007954280999999999,1179668.3068332674
8.275,88026.0,27,0.012084592145015106,740.8515555555555,13.099548648648648,753.058313764416,10307.93268592525,116.235953592,5.7732,0.010110962999999999,827434.4645230857
7.490566037735849,166965.0,26,0.007556675062972292,982.0358916840252,9.524824,399.31209958399995,6669.704797073514,98.11153920000001,7.238969999999999,0.016594919999999996,751384.8359171163
7.972602739726027,144097.0,61,0.006872852233676976,918.8398891966758,10.923816666666667,342.7755327182,8099.58456541853,57.949740120000016,13.31622,0.028653240000000003,812051.0670065272
7.864197530864198,172198.0,49,0.0031397174254317113,1337.8113425925924,14.086193333333334,395.450712370972,8126.078413901912,305.3151499300001,9.01185,0.016090116,897111.8798284692
6.197674418604652,198427.0,33,0.00375234521575985,1034.5496819794357,10.003206451612904,298.3600583568,5643.185593114216,114.20697816000002,7.171710000000001,0.011467943999999997,1127787.1615318242
8.142857142857142,185759.0,29,0.005263157894736842,1236.8770149063168,14.481166666666665,647.4573689106599,12980.056442407938,349.25561088000006,6.45648,0.020089875,666426.290670132
7.0144927536231885,155050.0,36,0.012396694214876033,1193.0146925796992,13.375823999999998,786.09314196945,11881.945033860555,58.48343647200001,7.018529999999999,0.021240648,399189.8892423923
4.857142857142857,184266.0,39,0.00196078431372549,1106.1421875,11.311448275862068,518.4684421570561,5826.509865482854,93.13535841600002,9.443670000000001,0.016977359999999993,633562.3744724595
5.723076923076923,146615.0,34,0.0,731.3850263544765,10.793443902439023,429.38677171046396,8070.672405104376,73.53975067200001,7.854990000000001,0.021609503999999995,640351.9032065152
11.030303030303031,151637.0,28,0.0027472527472527475,834.4473136193252,7.221418750000001,502.110444499544,9871.07854511203,66.05291995200001,7.72482,0.02148646499999999,604764.9643903499
5.160919540229885,165461.0,49,0.0022271714922048997,802.3581437476689,9.666103508771931,386.63788987376,4917.341987201872,75.33417137999999,9.72249,0.015197966999999986,717696.8980912673
9.823529411764708,197466.0,34,0.013972055888223553,950.3948497854077,10.433729032258062,654.5746059785758,8157.984132255279,76.68350818500001,6.580830000000001,0.019413455999999996,454561.4681753098
8.808510638297872,195053.0,33,0.007246376811594203,812.2540765081529,14.98585909090909,557.2325556559169,7230.746777894638,83.359928439,10.23804,0.008326175999999996,698521.6879031449
6.88,200693.0,38,0.005813953488372093,361.35831689677843,14.233505882352938,745.6051303356642,14956.349162574465,121.630228353,5.338590000000001,0.01952341199999999,657489.2118780026
5.176470588235294,219806.0,66,0.005681818181818182,350.4096385542169,11.981458823529412,163.308362987121,1775.5108711286389,43.082001369000004,13.45152,0.013608455999999988,729927.8274146579
7.82051282051282,166086.0,49,0.0,1237.7279557407282,12.340693548387096,488.7117731059199,8949.552908316302,323.32902336000006,8.77959,0.018439014000000004,899777.6894890913
8.380434782608695,191856.0,62,0.007782101167315175,1616.425326783241,13.777477215189874,604.429374625452,8604.62944764441,82.545791445,9.63831,0.015660083999999998,707699.5355213248
7.238532110091743,224150.0,60,0.0012674271229404308,1532.179231711865,10.745720388349515,525.4900446747,7326.255487986621,85.31678633700001,9.525,0.015425123999999993,664753.0093758131
9.59375,183797.0,68,0.0,1462.246612742382,15.084664285714284,446.54418415248,6448.908981677416,354.32048180000004,10.89507,0.019603038000000007,664657.1463948742
6.605769230769231,171200.0,55,0.005822416302765648,1355.5400892249525,14.03073043478261,880.7733522759601,9538.045691219773,64.9853537175,8.4876,0.016790867999999997,459779.85525410203
5.897435897435898,166299.0,54,0.0,838.7308692990512,11.484000000000002,466.802235231552,10799.0181343512,131.19433785450002,7.89489,0.027752159999999994,826098.8475978189
8.783333333333333,160051.0,63,0.007590132827324478,1104.6540360300378,13.204511999999998,321.33413744524796,2930.8926029376,396.84524538,10.33878,0.009212615999999996,931806.8106951897
7.861702127659575,148000.0,51,0.0040595399188092015,1625.6350907707968,13.559088732394367,531.0889681075439,8814.435802933798,55.891539528,11.57274,0.029988782999999988,515295.03437737556
7.348314606741573,163456.0,60,0.0045871559633027525,1723.6304713167497,14.240139130434782,925.47161831664,8874.837402839998,86.28815421000002,10.638120000000002,0.014804399999999994,562658.9158324262
7.623376623376624,193708.0,57,0.0017035775127768314,1103.6875835840017,12.802889285714286,555.290867332096,9977.137842001568,80.77267346400001,8.488230000000001,0.04103253,346107.21381418314
7.841463414634147,155825.0,46,0.0,980.9098515876161,13.167860606060605,508.71045804508793,10097.541236670391,100.374466608,10.37817,0.023180580000000003,784835.113083821
7.24468085106383,157200.0,63,0.0014684287812041115,1196.3337319378948,14.774404838709678,408.02166122368,6427.411619603716,115.9014481185,9.913770000000001,0.014678631,904463.7817855884
7.88659793814433,187178.0,59,0.00522875816993464,1911.849087704036,11.38745,705.8389115559359,11441.132240886913,84.73979642400002,9.55986,0.02445831300000001,620190.0159228464
8.650602409638553,207947.0,54,0.0,1286.1522854009045,15.229157894736844,563.6909082753,9700.775985283193,376.9721832750001,8.55612,0.02766014999999999,647246.7820286311
5.148760330578512,228454.0,66,0.0,1201.014043511515,10.63105,340.1360434953,3089.7919506105604,111.69153211500002,10.341690000000002,0.011086152,862254.2736480618
6.317073170731708,166214.0,58,0.0,920.1103017689904,13.701628571428571,826.8360882407341,13276.79870332788,63.972603304500005,8.70714,0.031975910999999996,402254.6024352046
7.5,171963.0,57,0.0,1142.7073909936673,14.88452830188679,848.08961401968,13229.517331063807,290.4593715000001,7.549800000000001,0.029466624,1466845.88981646
7.061855670103093,198145.0,62,0.0,1388.5743103771815,13.826461538461539,616.6121155392,8745.025114055159,103.79919874500001,8.01732,0.017684783999999995,709371.5868576594
6.9324324324324325,186249.0,49,0.003898635477582846,970.9104512024693,11.097619672131149,470.18873588240405,6507.637163964719,273.48648756000006,10.262610000000002,0.01885905599999999,650779.3891579233
6.957746478873239,191257.0,59,0.0,930.0371900826445,10.17891186440678,290.376852303475,4707.937569341118,139.453712433,10.843950000000001,0.015711705000000003,1034029.9335514009
10.166666666666666,149070.0,55,0.007285974499089253,1313.3531142606862,15.788791836734692,945.5017720909799,15521.235327105247,85.27263133500003,6.985380000000001,0.021239927999999995,539410.9634711277
6.1125,209962.0,71,0.002044989775051125,994.398126897818,9.320736486486487,554.1761981355601,7445.237316030352,172.49822601,11.901180000000002,0.019763171999999992,557760.1259796052
9.32,197280.0,47,0.00715307582260372,1296.306652244456,16.88275636363636,592.3612069530479,15283.093624946068,93.2394086325,9.47376,0.03090977999999999,709983.8781597365
5.818181818181818,226906.0,82,0.0,693.0689335914485,11.291290566037736,568.752686668746,10321.190186320207,202.12809671000005,10.304850000000002,0.029717279999999985,463713.60397269414
8.357142857142858,226906.0,82,0.008547008547008548,761.7168,9.539222727272728,463.51314929047805,7869.608774476572,93.426554085,10.22892,0.024476753999999993,771001.749168016
6.3478260869565215,131076.0,50,0.0091324200913242,937.8721622570177,10.228452631578946,586.262864348748,9676.125797898168,29.177160862500003,11.314020000000001,0.03695744100000001,244426.62890847182
9.825,170571.0,57,0.006361323155216285,1701.1111335572336,15.271325,517.58705439522,10052.159240344787,148.637729415,9.42075,0.019672169999999992,827305.5322202482
8.029702970297029,189609.0,55,0.004932182490752158,2030.045577084286,13.095469892473119,867.410958643206,9092.092270649217,110.781763398,9.52206,0.011301146999999992,785253.5492991403
7.619718309859155,166299.0,54,0.012939001848428836,1346.6484607282027,12.37808,677.4152680426561,10119.500593209192,104.61346713900001,8.82405,0.019490568,677883.3608255807
6.726315789473684,159840.0,57,0.003129890453834116,1422.7473409761399,13.077347999999999,968.080155442322,13034.35969723732,66.267256692,10.25958,0.01714257,480059.6927823866
6.208791208791209,171702.0,63,0.0,1167.8626430801246,12.913509615384616,325.3145480657399,5956.1041222156355,146.7126931485,9.1389,0.016450185000000006,1009518.6559856342
6.494623655913978,202576.0,54,0.0016556291390728477,1254.3085308072946,11.992755555555556,506.29540203977,6104.582669337598,87.90773151,8.47338,0.015848459999999995,668458.4464444234
5.702970297029703,174939.0,48,0.005208333333333333,1099.0243374797185,13.310481355932204,590.02880615556,10574.505767293664,208.07952039000006,12.240450000000001,0.03188537999999999,563113.1834119422
7.285714285714286,206000.0,34,0.00261437908496732,1439.337181060824,14.804935714285715,718.844620529472,13071.907612265306,39.87674508300002,9.845279999999999,0.03412511699999998,297777.64406764787
9.5,167804.0,55,0.005689900426742532,1507.8126126126126,15.161366666666666,717.98736571992,10023.406376007204,98.92320057,9.44799,0.010067472000000003,822794.289505186
8.636363636363637,162138.0,45,0.0017543859649122807,1047.8309472620892,13.097608695652172,543.765600945,7895.365304070797,406.80546,11.708400000000001,0.009362898000000001,1011371.9194018976
8.729166666666666,196000.0,48,0.0011933174224343676,1696.9024854997026,14.54363448275862,561.144069416385,7821.266003286453,95.35971041999998,12.18927,0.014176635,870622.7520219428
6.107843137254902,180461.0,39,0.0,1123.3943785955166,12.967026153846154,827.8495036017199,10405.176148871566,55.09719867000001,7.64382,0.020913854999999988,379649.29424884374
9.07792207792208,179818.0,51,0.0,1215.5409519542918,10.47667857142857,369.2349641825999,4700.800793086163,134.9897635875,8.0394,0.009605075999999995,1052481.9537472054
7.020833333333333,183321.0,58,0.001483679525222552,1375.9796244213467,12.268873846153847,440.11781883686405,8704.698996505591,116.7081731985,8.68293,0.025340351999999997,751995.8775449196
5.944444444444445,217422.0,48,0.005607476635514018,1144.6088435374147,8.055382716049383,517.34994444108,8999.010791700995,129.08932140000002,10.42266,0.033005016,1239544.1842752204
7.36036036036036,149000.0,52,0.0036719706242350062,1775.3169477381668,16.07985,695.915017821738,10418.640610730197,105.607134045,9.53493,0.013920731999999998,777268.449209778
7.646017699115045,266458.0,31,0.01273148148148148,1399.323873593759,10.4984,372.620786118053,7254.856753796423,94.51975614300002,9.55305,0.017225432999999995,844024.4232063881
6.164948453608248,205074.0,47,0.0,1195.9597289824871,11.990390163934428,618.3515555768159,12439.586525649122,72.553977165,9.617849999999999,0.037980023999999994,493173.77223688347
6.523255813953488,167921.0,66,0.0017825311942959,1028.7388572012485,10.737540000000001,466.802235231552,10799.0181343512,131.19433785450002,7.89489,0.027752159999999994,826098.8475978189
7.213333333333333,179000.0,31,0.0018484288354898336,973.495256780916,10.349415873015873,424.30214643579603,7465.880158792607,116.45685340800001,10.276019999999999,0.02518829999999999,780853.6169042806
8.082474226804123,250000.0,32,0.003826530612244898,1562.8924188567096,14.332266666666666,353.3085822222001,8440.66735318719,114.45985473750002,10.035150000000002,0.026762027999999986,911334.3564929378
8.8,198750.0,28,0.0,969.1711604938272,12.174023529411764,513.9106667234521,5537.733093220831,351.18846525000004,7.58046,0.013521587999999994,658722.8428513122
7.059259259259259,226872.0,49,0.001049317943336831,1738.2148795005198,13.512653488372093,363.10339123149,2064.4485175644004,211.77486026000003,10.176989999999998,0.008728499999999995,560726.7497123944
9.697368421052632,212160.0,48,0.0,1325.719566895225,10.9057575,292.09162534162795,3982.5148471114576,76.68188562600001,10.790790000000001,0.016925831999999988,718778.8431179007
8.31081081081081,195088.0,45,0.0,1355.1384194159004,10.633909090909091,418.0017008090699,7040.537463748572,62.029303605,11.49393,0.02409915,586835.0922649305
7.5479452054794525,208543.0,44,0.0054446460980036296,1115.418313603956,10.807001492537314,657.361945893888,10907.077921292337,58.20003187200002,11.127180000000001,0.03224734199999999,477857.78170430113
5.427350427350428,198516.0,52,0.0,1212.3779966053667,15.054203703703704,551.525665436746,10001.114023589038,154.37678991,8.30421,0.019992095999999987,927439.6080781316
6.694444444444445,136904.0,29,0.002074688796680498,1092.5515765569046,14.620357692307692,756.0219843294369,8852.59314219571,56.42320089000001,11.64231,0.014120184000000004,444993.36967014516
9.424657534246576,183896.0,48,0.0,1355.4537476717967,13.474375757575757,351.68211882364795,4620.840223546802,130.133497038,11.00634,0.011531364,1194018.2305746318
7.300884955752212,209192.0,43,0.0,1471.4083872468004,13.345813953488372,574.0920722755039,9330.441601031029,191.14212128000003,11.73297,0.02401056,582831.3791043982
6.0125,201000.0,27,0.0,904.5583719589324,15.181100000000002,260.74324220778897,3683.7937968855126,329.54045769000004,10.964160000000001,0.012949229999999997,939762.2304497482
6.638888888888889,182245.0,76,0.012552301255230125,528.4610470711084,15.610683333333336,562.336934152224,6708.415914840751,53.058624696,10.08231,0.009539207999999993,501710.4090391908
7.469879518072289,232793.0,21,0.0,1287.7982215276083,8.559690476190477,493.69750351742704,9802.312259948007,378.7312032900001,5.6703600000000005,0.02142112499999999,745533.8520053041
6.5625,112678.0,42,0.006349206349206349,625.1290684624017,12.476700000000001,491.35960698570904,13439.356689620861,135.87724029600002,11.58843,0.02863637699999999,991685.8669733958
7.576086956521739,282000.0,25,0.0028694404591104736,1375.2560399810288,9.42651976744186,690.0574547493121,12140.79551074657,292.42737176,5.2905000000000015,0.028844096999999996,489808.24959759787
8.848101265822784,182245.0,76,0.001430615164520744,1421.9288976503808,9.169482,647.984078986132,4207.882110244661,280.6013318150001,8.70777,0.01151001,529955.5891626416
7.275862068965517,274513.0,23,0.00315955766192733,1291.8826248513674,7.70081935483871,624.831914282304,10663.017198582173,82.779997752,7.465319999999999,0.03826836,400803.9872871001
7.576923076923077,197385.0,23,0.005076142131979695,826.2487947406867,10.003737254901962,573.744194209152,9307.728165673345,341.70585351000005,6.22443,0.019720259999999993,590321.0314039835
10.24074074074074,192096.0,72,0.0,1120.5182177078775,16.044213043478262,422.13073366557603,4032.1407410378565,23.221373331000006,12.550590000000001,0.016539006000000002,368187.1741729075
5.944444444444445,157588.0,2,0.004672897196261682,508.76584022038566,8.078194285714284,462.787017389928,6790.644639985847,75.95311726200002,10.578959999999999,0.018383819999999995,712895.5766405314
8.107142857142858,183797.0,68,0.011013215859030838,1131.7653665016303,13.832947619047621,205.724062909746,2842.3256025587993,71.07352284000001,10.25646,0.007828586999999993,991065.49714397
7.620689655172414,191856.0,62,0.00904977375565611,428.4845230744449,13.18928,473.08867263900004,6365.747466189539,95.56446487500001,11.055120000000002,0.010541663999999996,920809.055591222
8.392857142857142,149000.0,52,0.00851063829787234,936.83497917906,11.159142857142855,695.915017821738,10418.640610730197,105.607134045,9.53493,0.013920731999999998,777268.449209778
7.5396825396825395,206435.0,26,0.004210526315789474,1040.3555555555556,8.366613924050633,336.18138291891995,2921.191830954151,213.83950784000004,12.5328,0.011688129000000002,656527.9305544902
6.909090909090909,260970.0,28,0.0,601.7253086419754,8.147690322580644,616.5244753153919,6246.283435784278,304.64252280000005,4.652220000000001,0.023770091999999993,346077.0983912376
8.8,246726.0,2,0.004545454545454545,449.70588235294116,11.658240000000001,280.27144065024,6612.607990539577,88.54950936,11.430299999999999,0.016046232,1149953.6837434613
5.693548387096774,199500.0,15,0.0028328611898017,773.3879743941471,9.026714285714284,232.37449341175997,4487.455996767745,371.45169880000003,11.0661,0.014877672000000005,1014387.0245329749
7.673076923076923,200807.0,8,0.0,820.9722062625681,13.51356,419.992454145554,9729.192715360481,48.80516778600001,8.33037,0.03138785999999999,441740.7011966897
7.590909090909091,271426.0,47,0.0,770.111704442071,9.225030882352941,337.64110229188805,5536.664084829711,106.66683158400001,8.460780000000002,0.013259235000000001,899024.290318929
11.075,245945.0,6,0.011286681715575621,943.2976163083562,9.816691489361702,409.53786208122006,5829.935917795585,65.11666493100002,5.67516,0.018250295999999992,522861.85129982023
5.5,140177.0,6,0.0,482.21493770024915,7.15455,526.470023069298,7063.588430248489,37.49029634850002,6.41121,0.02441130299999999,293849.9728398241
5.15625,178051.0,52,0.0,674.2176870748301,5.042999999999999,297.799611985908,5899.408059035701,89.75911660800001,8.55849,0.027817319999999996,595226.5487564248
6.674418604651163,186233.0,3,0.0,564.8945636293734,10.268662068965517,149.774410759488,2233.784635930848,126.75782520000003,12.126570000000003,0.01929839999999999,529159.8092400074
5.891891891891892,140177.0,6,0.0,460.7469855896481,7.196725,271.36527069716806,3438.61113288,53.821037584500004,8.03058,0.013660379999999995,575073.7634930991
7.392857142857143,214029.0,5,0.0,749.5789543261286,10.292959999999999,376.65715748662404,9335.947962004562,105.753157839,4.983180000000002,0.020815236,783707.7260859136
5.905263157894737,258577.0,7,0.0017825311942959,1210.54824,7.365997590361446,590.4840037460481,10568.100600149624,296.56799104000004,5.23575,0.023737973999999985,633350.041696505
3.63963963963964,201853.0,3,0.007425742574257425,788.2308830246304,7.733932075471698,194.23196995254,3867.3392444591527,157.76852547500002,10.59678,0.025031579999999998,531555.428919052
4.678571428571429,179626.0,16,0.007633587786259542,889.7660551068126,6.564239130434784,398.8508195756,4418.467546513146,138.46432592000002,7.66068,0.017966780999999984,1158503.5416796603
4.305084745762712,169090.0,3,0.0,861.60864,4.291370967741936,208.48811805870002,5430.427685192984,275.025500405,9.981480000000001,0.024177152999999993,796999.8474653927
6.752688172043011,292038.0,3,0.0,1055.8399785004033,9.246897435897436,287.97533548018004,4895.917352909926,94.00867556400001,9.86922,0.015559730999999983,950799.4962262912
8.083333333333334,177586.0,5,0.003436426116838488,597.3229223003425,6.179781818181818,362.37564432819204,5954.963134898312,123.524544012,5.38152,0.016253999999999984,879570.7621060252
5.568965517241379,252124.0,4,0.0030959752321981426,606.7769671416429,11.379624137931035,94.35911652667501,2029.3058336276868,42.531070725000006,13.491450000000002,0.02026019399999998,761062.6412848403
5.705882352941177,201853.0,3,0.0,354.5817580340264,7.693592307692307,214.294792306392,2881.6519220826494,84.368747799,10.225500000000002,0.013350117000000005,845557.943237752
4.054347826086956,188353.0,4,0.0,964.3363816272463,5.684902564102565,431.019354563616,11043.722694049238,90.53273334000001,5.61366,0.020511671999999995,812358.2095812588
6.372549019607843,182790.0,1,0.003076923076923077,591.7828078943996,6.412090163934427,365.22605767404,12645.722294374404,131.665527792,5.51958,0.028221384000000002,739146.4013421735
5.010526315789473,166000.0,1,0.0021008403361344537,1252.678670091877,8.082318644067797,99.84429401495998,2783.5301221246254,28.9423242405,12.641670000000001,0.02261287799999999,673530.4209354317
8.719298245614034,193190.0,3,0.0,931.8696409778653,9.783052631578947,344.45784034794,8011.223530120078,56.709360129000004,7.84734,0.027333059999999985,525347.933809347
10.058823529411764,173871.0,5,0.0,633.5102614737234,6.234245454545455,480.17640108121606,8884.8033596064,93.72514977600001,16.0488,0.01631987999999999,748529.4117263948
6.056338028169014,189015.0,67,0.002325581395348837,945.202761341223,11.528479166666667,398.59929985104895,3328.081382960472,211.57246035,9.61395,0.009348150000000003,671511.8648591168
7.102564102564102,217957.0,4,0.0,454.8125026699893,5.883706122448979,483.64268590497596,7929.419661630721,243.00982458000007,7.3353,0.032374656,1427255.839638342
5.790322580645161,185016.0,8,0.0,689.0520322184917,6.538586666666666,405.1248999696,8736.955899651071,257.02979872500003,5.298660000000002,0.022731839999999993,611314.6027380654
6.0,205821.0,1,0.006535947712418301,628.800158677686,10.9323,407.627085115899,6803.676258561542,46.987463259,9.20796,0.026469102000000005,399792.6656082035
6.141025641025641,207274.0,2,0.0041753653444676405,934.0595751620235,9.527144827586207,355.005852942496,4798.45904036419,69.15018522,7.309470000000001,0.01307231999999999,690232.5922689107
5.803921568627451,153808.0,4,0.0033783783783783786,679.9096319999999,6.07578947368421,769.3100909325,17423.3626714656,196.50342875000007,2.089440000000001,0.030420767999999997,1287650.3089190829
6.485294117647059,264521.0,12,0.0022675736961451248,994.0142624939905,7.495702941176471,777.41452182002,16449.974827346254,148.08846391500006,3.58659,0.031859754000000004,1072771.3996407571
6.409090909090909,232611.0,5,0.0,650.903755805525,6.872541428571428,370.36361728012497,11251.965742665006,230.98674879000004,7.2066300000000005,0.03788838599999998,483968.2805793998
5.301075268817204,209536.0,3,0.0,1013.767628084821,10.516200000000001,958.91995458504,13641.201205961605,60.42388380000003,4.94313,0.03174368399999999,371474.0424266679
7.117647058823529,183818.0,2,0.0,600.2751757706869,8.20985,110.982883688334,2466.0455128458498,40.246804408500005,11.847990000000001,0.02384023499999999,541373.8430772693
7.034090909090909,197648.0,2,0.0032310177705977385,1048.4784378998988,8.750103260869565,364.388007951,4781.409072558156,58.3048927425,7.34538,0.010268181000000003,655611.6358946211
5.418181818181818,170155.0,1,0.0,626.9266975308642,7.361841666666666,605.13799814776,14085.830213432635,222.30422310500003,4.514940000000001,0.031221179999999987,435859.90972980374
6.890625,217226.0,57,0.009070294784580499,879.5628947368422,7.709717647058824,625.035148642,10915.21930853088,70.03735290000002,5.824560000000002,0.021220224,592760.7296989165
6.701754385964913,219196.0,2,0.010471204188481676,942.2710333790582,5.52644109589041,360.67538924835003,4167.548099062213,309.22301550000003,7.669230000000001,0.011406734999999998,895108.4574360577
5.7368421052631575,226638.0,2,0.0,608.5587387544763,4.954721917808219,392.04263013638405,11258.612522816398,105.97766515200001,3.6600900000000016,0.02213572799999999,799387.7719081959
4.69811320754717,208909.0,61,0.004016064257028112,957.3755880913847,7.0799,514.854560644004,13059.72794112,25.482954874500006,6.34674,0.028755581999999995,311541.1814859814
9.245283018867925,156781.0,2,0.0020408163265306124,636.8447261204163,8.895189655172414,559.888417591128,6660.096915489107,164.36448000000001,5.18502,0.02071009499999999,1191732.361176812
5.446153846153846,165957.0,1,0.002824858757062147,997.4067683714659,8.17339245283019,381.50603388353704,6650.043391260363,100.29355755300003,6.92094,0.013439985000000003,897559.9249785509
4.722222222222222,161239.0,1,0.0058823529411764705,731.5312499999999,7.251796610169491,664.8537626656641,9964.020634697647,66.70756708200001,19.981500000000004,0.020116079999999998,493953.67263636977
6.050632911392405,226906.0,82,0.0020920502092050207,1021.3702963379843,7.121630952380953,773.6053068868099,11905.42419575168,70.23680421000002,6.1269,0.022997243999999993,490240.6965080283
6.125,150787.0,40,0.0,983.1270957274202,10.7555,298.31451316535,5425.625964344213,88.418634846,9.64536,0.020447046,790167.4165125203
6.488372093023256,193937.0,1,0.0,761.3232709750566,7.513977272727273,534.0795294828,5829.156051441759,60.714179935500006,6.078810000000001,0.015100932,477193.73606755014
5.180555555555555,229584.0,0,0.0,748.9092153839913,9.187979591836736,500.86255811416,13492.072998912672,81.63137205600002,4.79835,0.02507610599999999,646514.5223447526
9.289473684210526,192096.0,72,0.0056657223796034,493.8662829793125,8.93633076923077,771.6971485159199,8570.446963091357,68.54918350500002,6.242250000000001,0.015472859999999998,491930.9488208332
6.025,208793.0,2,0.002074688796680498,976.3518934674262,9.15178064516129,719.299057935744,9880.669458009204,240.77226147000007,5.43912,0.024200411999999984,427952.0979915728
7.682539682539683,189500.0,0,0.0,978.4447592617748,6.638544,194.511006983304,2239.322803130357,65.78424435000001,10.50237,0.011921948999999987,739737.0335044467
6.243902439024391,189425.0,0,0.0,657.5113721740317,5.471418181818182,160.73210239514398,3658.8844218530285,54.6868475145,11.51805,0.028950599999999993,603048.4057427474
7.484848484848484,200963.0,1,0.0,544.2510917984104,8.50760625,361.51876002739203,9158.786783393061,186.63381107500004,6.612750000000001,0.027598014,522595.3625558151
7.5,218507.0,60,0.009523809523809525,478.7985445904805,5.817,452.37812635432005,7250.196326663496,36.66045817350002,4.3945500000000015,0.020880287999999983,325681.9403664221
6.837837837837838,196162.0,0,0.007905138339920948,1093.6936526827876,12.320196428571428,544.4115626899801,5401.62867109255,234.45867012000002,6.175770000000001,0.02757759999999998,668734.7598152177
6.371428571428571,154322.0,1,0.0,498.460061728395,6.604702500000001,385.739183800311,6524.006173967196,83.06697855300001,5.75394,0.014687672999999983,711851.3286840877
7.1395348837209305,176303.0,29,0.0,844.4893179559102,6.12772,481.75643133982004,6257.302624022592,90.72637282800002,3.7962600000000006,0.018826895999999996,524770.9723168141
8.91304347826087,157500.0,1,0.0,396.236572265625,5.242875,149.36524667625,2974.0945376021346,57.61419675000001,10.880580000000002,0.020665805999999988,607169.3198179675
7.360655737704918,204738.0,75,0.0022271714922048997,1040.703137064257,11.33725,544.4115626899801,5401.62867109255,234.45867012000002,6.175770000000001,0.02757759999999998,668734.7598152177
8.26086956521739,181590.0,0,0.0,832.9702163411048,9.739875,893.4821858380859,8964.27313789625,82.92392550000007,4.63224,0.026450649,414770.7874417372
3.881720430107527,167926.0,0,0.0110803324099723,929.775317082838,6.5753571428571425,611.9127054674998,13843.042628198404,269.502124395,7.17426,0.025133766000000002,661668.576928622
5.2,182117.0,2,0.0,535.6411040265525,5.0655913043478265,201.05872661342,2553.6844614817182,63.455606833500006,8.185590000000001,0.012937319999999985,580346.5601069917
8.05,158880.0,0,0.0,347.7156758039634,4.508519354838709,38.791174756464,1460.049130105758,19.667852964000005,14.742569999999999,0.030290009999999992,650069.0095497519
3.5106382978723403,172384.0,0,0.00202020202020202,1077.5111111111112,11.56485,682.5248461504439,12881.673091915423,92.007491736,4.90005,0.017867225999999996,567569.9832322365
10.526315789473683,140645.0,7,0.005,632.4776657135974,8.133090909090908,506.7773069506,10731.837342559786,96.2574264,14.477900000000005,0.02831506799999998,523778.2742389665
7.086956521739131,160495.0,0,0.015337423312883436,721.4382974088044,8.18653448275862,850.4243644669799,8433.388545107235,182.62479573000005,4.28202,0.026558940000000007,509319.0088259131
7.74,193026.0,58,0.002583979328165375,905.6038626678719,9.009798113207546,303.53463820715405,4669.783865486067,45.85318741350001,11.276069999999999,0.014460899999999994,811095.3883254393
6.203389830508475,205078.0,0,0.0,884.0431301652894,7.896111111111111,259.7975307994,2470.6294524759282,331.66598217500007,7.220850000000001,0.007175159999999984,804507.1963572546
6.647887323943662,226906.0,82,0.006355932203389831,1251.0938368004975,12.328454901960788,341.8910628188441,4116.018396468511,371.70374107000004,10.00821,0.010914902999999997,866811.6553722881
8.089285714285714,207880.0,1,0.0,1163.4908219782374,6.542946153846155,441.603738555,5118.957240235919,208.80764100000002,8.02776,0.023740289999999983,372807.3334829105
4.904761904761905,273973.0,4,0.0,181.82495086137126,8.462308333333334,327.478895746142,4288.817648481411,83.35272532000002,7.525620000000001,0.017293815000000008,334255.0872268781
7.857142857142857,294960.0,5,0.00202020202020202,1113.0353204892047,7.6099375,446.964400820919,4557.0045364057405,87.05100728000001,5.800080000000001,0.01693312499999999,777334.7921898196
7.27906976744186,207804.0,0,0.006389776357827476,883.9231567382812,6.1472120689655165,629.6351232076502,12362.398888418295,234.44380400000003,4.50921,0.030196223999999994,428199.6507633268
7.622222222222222,163600.0,69,0.0029154518950437317,806.1755147036307,10.91426,391.1306080661,8868.964057004936,49.601414625000004,13.68492,0.017842248,1041255.080420322
11.117647058823527,140545.0,0,0.0,889.046052631579,11.5389,751.2215631808322,11043.65264486803,111.04969560000002,5.2893,0.019887485999999992,992977.0299730416
5.907692307692308,173374.0,42,0.0,801.9386653917082,9.11284705882353,626.216207352372,14656.250418694348,42.786408537000014,17.700400000000002,0.03084047999999999,356885.8855144298
6.882352941176471,223009.0,75,0.014245014245014245,786.1446703445082,7.449205263157895,670.67307936003,8757.591598058461,294.7102852950001,3.8256300000000016,0.017505918,527335.675430107
7.0,279266.0,9,0.010025062656641603,619.265536389414,7.1720250000000005,912.1431145773599,15675.492144412583,12.24876996000001,7.4041,0.031137449999999997,72134.97316229186
10.071428571428571,236000.0,60,0.0,283.5936942296252,6.260870000000001,341.8910628188441,4116.018396468511,371.70374107000004,10.00821,0.010914902999999997,866811.6553722881
5.0,141426.0,42,0.0,841.3142332415058,5.3794375,104.81629576452599,878.9827740776008,78.100059729,13.86255,0.010601208000000004,815197.177814536
2.817204301075269,181846.0,0,0.0,512.2101901582231,7.8312439024390255,367.55500019589,12815.978118410114,92.58669874350001,8.99016,0.025225025999999984,1057297.4863950014
9.909090909090908,166905.0,1,0.009174311926605505,240.00655976676387,5.8974190476190484,437.025248982504,4992.970931003338,39.688072476,17.345600000000005,0.014236865999999987,377424.9689781474
6.590163934426229,271426.0,6,0.0,822.718023011674,8.082925423728813,765.928557634588,15906.220602526697,276.46656585500006,3.192990000000001,0.030976613999999996,1483545.0501733948
6.853658536585366,176772.0,67,0.0,930.9560140233812,8.834492105263159,607.283839631118,6299.63052976085,146.97429796500006,3.4308,0.011712140999999987,415271.18439624575
6.944444444444445,187053.0,46,0.0,876.8061172029066,7.983686440677966,607.299980341095,4393.7091448680985,125.46194745000007,5.582160000000002,0.011368896000000002,983305.0907255848
4.2,261466.0,41,0.007326007326007326,747.7716083506763,6.541762499999999,814.5577690135739,10271.510905576015,40.86525600000001,2.0524799999999996,0.023403786,294224.9929847353
8.825,176175.0,1,0.0028328611898017,742.0782859457584,7.731378846153846,306.653220732607,5079.291565334672,127.48785479700003,20.4446,0.012152969999999994,913847.8556803701
8.647058823529411,160282.0,67,0.013605442176870748,344.2865550022634,4.9371,695.3113873154599,5794.585552684034,27.623838504000013,3.266580000000001,0.016264692,177935.14295281723
7.272727272727272,193243.0,48,0.005,909.3725172339076,8.021960784313723,600.7664428360799,2931.2814846460233,264.36284527500004,2.610090000000002,0.008587908000000005,422089.90649704944
6.414634146341464,185000.0,69,0.008871989860583017,1688.2663685479688,8.426801785714284,502.28989877635803,7753.376918623103,39.428506194000015,8.51097,0.02916225,308963.4413601425
4.622641509433962,213391.0,1,0.0,573.2489583333333,8.976625,183.11569176855403,2810.9677293593295,54.128518036500004,10.35732,0.018075120000000004,562696.5867913911
3.7313432835820897,201754.0,0,0.0,622.1270624667343,5.608510638297872,257.006625150288,6350.214191150702,101.245667886,7.13619,0.0199134,816480.179257878
5.0638297872340425,154285.0,1,0.0063025210084033615,1189.127183364839,6.290132038834951,754.7477002139881,6968.507666551199,132.15574728000004,6.910650000000001,0.014454887999999996,1012266.2320705516
8.553191489361701,222000.0,46,0.01990049751243781,1137.4059418145957,7.031758064516128,376.87865085647996,3901.992555490385,37.390327758000005,7.30956,0.018272825999999995,304644.1255205516
4.833333333333333,91466.0,24,0.0,542.8965517241378,7.096905494505495,958.91995458504,13641.201205961605,60.42388380000003,4.94313,0.03174368399999999,371474.0424266679
11.05,154566.0,0,0.0,109.90045248868778,5.373164814814815,271.109406778788,3252.894539183523,153.09624752550005,9.00072,0.0069624900000000035,1124928.027757721
5.42962962962963,239426.0,35,0.001364256480218281,1487.1362106543886,9.843375555555554,302.09166710228993,4803.86474296494,198.28973775000003,8.45916,0.013672571999999997,693638.9747322093
5.860927152317881,280720.0,43,0.007909604519774011,1599.0243203425161,12.261355670103091,265.152848962351,8720.726422405467,38.00635148100001,11.34069,0.022205144999999996,747011.9381753282
6.677685950413223,304773.0,29,0.0,1480.1689070219127,13.556690410958906,395.882706513784,8146.200820658853,67.346618625,9.58947,0.021940991999999986,737512.5240624141
6.064102564102564,185573.0,33,0.014799154334038054,1012.1435658358736,10.920387499999999,296.16142562067597,5905.083942268353,276.00784527,9.85584,0.015150315000000003,884891.698357505
6.253731343283582,268720.0,37,0.002386634844868735,1691.4542406311637,9.944522935779815,345.288791250975,5169.68651522637,64.91756601000002,9.69384,0.013809812999999994,733200.9872386578
7.477272727272728,232826.0,33,0.007598784194528876,1412.5523803359333,10.176152777777778,349.0799548538,6145.193878532349,163.23531150000005,8.390460000000001,0.019691627999999985,580065.4836435443
6.373493975903615,228118.0,33,0.005671077504725898,1117.6104160066488,9.807492063492063,375.97286792159997,5611.58064959915,80.96273084250001,7.297980000000002,0.016255080000000005,650531.2097483744
6.009433962264151,227826.0,31,0.007849293563579277,1168.6264953556015,10.641166666666665,270.34288505115995,5105.616881135426,46.83204345600001,12.703560000000001,0.023587200000000006,631866.6855936181
4.965753424657534,262493.0,30,0.004137931034482759,1435.1496228277854,10.485833333333334,487.38360709561994,5134.817730569941,203.4217452,7.94886,0.011692340999999998,628695.5456190091
5.470588235294118,185946.0,46,0.0,1092.8057253059474,11.119257142857144,251.183577931968,3133.68831476948,83.794288248,10.021020000000002,0.009006689999999994,944422.780630189
7.72463768115942,195000.0,39,0.001876172607879925,1158.0491040499892,9.189404545454545,238.19477661957598,7668.3133904112,312.28679128500005,9.670050000000002,0.023476439999999998,983622.9412332419
7.086956521739131,216642.0,17,0.011042944785276074,1789.724006311075,9.738015151515151,588.10056577437,11535.505416305605,62.18791977750001,18.138000000000005,0.03091132499999999,383019.20960049477
6.691588785046729,216373.0,33,0.002793296089385475,1399.8892394851014,12.191616438356165,817.0855003951201,9837.58196370505,85.94102173500004,7.82988,0.02972597399999999,173275.19834368976
5.840425531914893,256941.0,26,0.0018214936247723133,1072.8769632653061,9.91323620689655,199.28309629013097,3482.0261780875353,125.95585510000002,11.22339,0.022166457,528917.3736956269
7.2,283440.0,28,0.010416666666666666,1786.8031549354434,10.160172972972973,336.31111790922296,5141.65040642837,82.04204030400003,9.46083,0.011239518000000002,946315.0682773548
6.370967741935484,211106.0,18,0.005063291139240506,824.6637803776413,8.7295,569.956719576582,10207.361605117427,52.51662264900001,8.029470000000002,0.03268839,370951.7552295478
5.923913043478261,235294.0,32,0.0,1017.5699519139752,7.2031789473684205,110.99502819736,2635.512572662024,22.59376968,14.136780000000002,0.021239495999999993,638546.2462637449
5.419642857142857,226133.0,26,0.004942339373970346,1298.4339173726962,11.11121282051282,665.5165694544401,10622.7462803145,251.73184527500004,7.608360000000001,0.015320213999999999,618878.9333511788
6.333333333333333,185946.0,46,0.004784688995215311,765.4926077382823,11.096,196.62495734719997,5601.1454871936485,264.72923345,10.78236,0.020671199999999997,936772.5020335157
5.791304347826087,180137.0,75,0.013513513513513514,1327.7980310018902,9.8459775,423.4640212677,6888.583371358875,67.7334546,7.090890000000002,0.020718278999999996,519175.99341653043
8.861702127659575,279866.0,21,0.009603841536614645,1513.3847736625517,11.640269565217391,543.16102909904,9219.961144129804,41.004370012500004,9.553830000000001,0.02681884799999999,388568.9674166857
5.612612612612613,242962.0,11,0.0016051364365971107,1110.5640526740124,10.828629999999999,709.686913824241,11554.517860310349,139.55287378000008,7.37472,0.031507758,298644.9357130771
5.823529411764706,187946.0,23,0.0,1164.6768763746081,14.0976,320.44465886428804,2988.667755034894,149.281913925,11.196420000000002,0.013753295999999986,482213.1897405567
7.088235294117647,174146.0,35,0.0,773.0350008484118,10.492641379310344,293.18553816699,3501.369766969343,65.96530957800002,9.99858,0.011167799999999993,734827.2581282809
6.275229357798165,294093.0,21,0.0029239766081871343,1601.0828444840479,11.195711999999999,607.44597229206,9662.168486155606,138.68078962000007,9.053400000000002,0.027393444000000003,387397.7212849601
8.786666666666667,205186.0,23,0.0015174506828528073,1123.5088049940548,13.3045921875,480.74376880788003,7757.592331142749,76.61754103500002,7.67562,0.018022523999999988,603677.4415877133
5.757575757575758,226266.0,23,0.0013157894736842105,1364.7453703703702,12.848053333333333,426.964594042971,4229.274984055965,196.52170035000003,7.35192,0.009176894999999987,647777.508763809
6.526315789473684,148162.0,19,0.008064516129032258,658.1506543723975,9.866706382978723,330.1005022822919,6800.2342164043175,361.45895016000003,8.05689,0.014856335999999989,951617.500064675
6.089743589743589,244626.0,18,0.0,1062.7705708952049,9.007379032258065,379.76764651963197,4130.383931148797,76.9766875425,8.04099,0.01113659999999999,749972.8104183743
5.065693430656935,240680.0,25,0.005763688760806916,1562.6141458801449,9.394302083333335,361.82204870301,6881.932468187417,93.43833366000003,8.95356,0.012679338000000002,1073879.2257390753
6.154471544715447,246626.0,28,0.013210039630118891,1442.4320365718602,10.788895652173911,223.951843395192,4854.438817790725,311.11876103000003,10.132530000000001,0.010886495999999994,1154925.7975566664
7.291666666666667,256160.0,46,0.002285714285714286,1308.1601183924402,11.536037234042553,124.07127593680801,3236.4813011601764,13.3766186475,13.643220000000001,0.031057844999999997,332153.07870561635
5.870503597122302,262960.0,15,0.007352941176470588,1640.8947677836568,13.81344,463.714525425162,7784.163682643043,326.74302636500005,8.80386,0.01051569,987879.7922698664
5.528301886792453,285333.0,16,0.009101251422070534,1841.4422534721768,11.852168478260868,432.26382146691,5952.956566359956,237.69967466500006,8.20152,0.013509620999999989,748854.03082957
5.608247422680412,221520.0,20,0.012867647058823529,1064.1332975006717,11.204524137931033,328.3490654249521,4760.404082332798,199.52110748000004,8.91276,0.014251247999999985,687006.5979170759
7.720588235294118,202680.0,18,0.0038095238095238095,1148.1732374002993,8.76318493150685,585.2092398088349,9928.997825444878,212.26885261000004,6.682680000000001,0.026969397000000006,1389800.699403423
6.01123595505618,232914.0,19,0.0,1067.1513873958615,10.540323076923075,507.34026890954806,7764.450950448194,80.86588711200002,6.13896,0.016153872000000003,600029.4963532275
5.333333333333333,165248.0,45,0.0,758.6657191706125,10.11063829787234,441.28101905712,6381.534651633791,74.05105752000001,21.571200000000005,0.018191999999999996,530303.3312773734
6.037735849056604,243120.0,44,0.0,1286.7560765539536,9.367414634146341,624.691387985684,6712.221210966185,61.8118349505,5.5181700000000005,0.014332104000000005,502757.2067926134
6.352941176470588,206480.0,18,0.007407407407407408,1222.184788246216,9.41812048192771,687.23819530366,15794.65032716172,99.43683402900001,7.2908100000000005,0.018009324000000004,773330.3090565619
7.475609756097561,202546.0,22,0.0065252854812398045,1302.1641649312787,15.31374081632653,383.30510898052796,5409.35015347125,67.992728118,7.78824,0.013293692999999999,699785.7826127287
9.405405405405403,144112.0,45,0.0028735632183908046,604.4539332224431,11.541999999999998,403.84743726912,6269.780640714676,96.67131313350004,21.416700000000006,0.014535684,753193.7763142773
4.914285714285715,264266.0,52,0.0029069767441860465,1132.0628930817609,9.849632653061224,519.46448343912,13074.708811761406,63.124507386,10.42098,0.02267380199999999,751197.6685835402
6.766666666666667,252306.0,85,0.008210180623973728,1290.8497542533082,10.224953846153847,633.208899711232,10088.941835358293,169.20678762000003,8.48025,0.024986591999999985,400831.875652699
5.128712871287129,269640.0,20,0.003861003861003861,1151.735804632528,8.196055,477.17790254188,6393.334770345597,190.08797896000002,8.77218,0.01319385599999999,729346.1532060093
6.789473684210527,141090.0,35,0.00904392764857881,1661.0411519999998,10.5570375,311.53560581450995,5196.317338182347,43.479038883,10.32687,0.011348999999999996,854697.6440882225
4.292207792207792,222093.0,20,0.007564296520423601,1447.700617478977,11.919437837837837,448.93474390656,9329.429966732074,56.228329777500015,10.603050000000001,0.023528999999999994,635257.588799806
6.693181818181818,240860.0,32,0.001697792869269949,1061.6274234693878,9.37467125,241.318341310424,5099.810980395709,177.80673169000002,10.855260000000001,0.017805986999999995,713502.8304306912
7.323076923076923,189436.0,18,0.008403361344537815,1184.9928463196275,7.5684000000000005,428.326320194124,5997.950222321341,87.52434421500001,7.762440000000001,0.016617320999999997,608000.0854813468
6.639344262295082,165730.0,19,0.0024691358024691358,806.1270491803278,12.987710526315787,687.3094853476199,13027.814748356044,180.9973055000001,5.430689999999999,0.03373612200000001,310412.60172408895
7.4576271186440675,215573.0,8,0.00909090909090909,915.3308595735201,11.411265306122447,443.23937611919996,8372.21485334696,66.344606334,9.021600000000001,0.020828807999999994,653123.2277358623
7.515151515151516,293957.0,31,0.014112903225806451,909.2847106874144,13.69913846153846,354.056439108592,4780.902223143218,228.72371005000002,12.46041,0.010488096000000004,1064682.083344278
6.202127659574468,282915.0,11,0.0,1081.4306292516428,9.357149999999999,490.1542191025199,10317.203630682048,102.34382403000001,5.484780000000001,0.026522975999999993,587686.4771154954
6.3,178588.0,26,0.0,1278.3255504633578,12.255782608695652,327.241133078208,4354.707189659209,257.46140568000004,10.32615,0.009914552999999991,948739.9109695811
5.790697674418604,235374.0,31,0.002008032128514056,1027.4205287073435,10.688447058823531,149.99111097859202,1777.5500621698873,64.51286810550002,12.46491,0.010727933999999982,921984.1706504597
7.807228915662651,240000.0,15,0.0030864197530864196,1307.816608230731,10.815119999999999,633.215120255168,13559.442943343618,162.65829279000005,7.56522,0.028984704000000007,374948.4142506323
8.96774193548387,201293.0,14,0.008992805755395683,956.2142818992683,9.86469295774648,767.4857526915539,9679.163871926808,185.35712386000006,5.3649000000000004,0.019746470999999998,382786.22419366834
5.681481481481481,267000.0,34,0.001303780964797914,1617.554862165252,9.031017021276595,682.335373523232,10004.720330363762,6.7568812740000075,8.482200000000006,0.029683692000000005,47997.69649790131
6.680672268907563,242177.0,12,0.006289308176100629,1499.918351800554,11.832994382022472,714.30439699632,9373.924591804114,56.16689899500001,7.248720000000001,0.019995129,406486.8957450249
5.791666666666667,164839.0,17,0.002398081534772182,734.5389239332096,10.551874468085106,366.725704672656,6876.691902311109,85.713148857,6.9343200000000005,0.017681021999999987,700081.7765285784
6.32183908045977,200053.0,34,0.0036363636363636364,1005.7056010202996,14.480543478260872,163.62919498450802,3644.910430360498,88.56901937100001,11.970059999999998,0.013911705,1149199.3484701163
6.2631578947368425,193613.0,13,0.0021008403361344537,1111.9581395348837,10.610961290322582,773.136578966652,12928.31140807593,48.630434364,19.841500000000003,0.020631491999999987,366677.5439272847
4.985714285714286,218226.0,22,0.0,730.6601738278415,9.656748837209303,509.7074833502281,11186.794694929782,217.97217240000006,6.108060000000002,0.026009891999999993,528562.173894928
6.592307692307692,263373.0,15,0.003500583430571762,1636.9718490198554,11.447767045454546,478.7525850208599,6318.023490349837,184.19719160000005,6.232410000000001,0.01880837099999999,421306.4549793491
5.5,199900.0,14,0.0,661.2922748309005,7.524717391304347,289.366695417492,4454.445634638496,76.243150611,8.5449,0.021000734999999996,559817.1800948234
9.295081967213116,180906.0,16,0.012345679012345678,1325.3329863176677,9.336599999999999,801.9837875985,16683.303055565608,175.66180645000009,7.277280000000001,0.019587479999999997,1456414.9628693243
5.256410256410256,275840.0,20,0.008130081300813009,1350.9161150896991,9.574781250000001,527.825083184775,9402.4837837728,190.00848945000004,8.42028,0.022839728999999986,548133.1265316131
5.860869565217391,216133.0,11,0.002967359050445104,1289.0734991776314,9.694111363636365,390.67862226954,9245.061583553064,61.839621855000004,8.87325,0.018176705999999983,854743.1507136329
6.654761904761905,165252.0,30,0.007155635062611807,1059.6497067146418,12.048668253968255,223.65138322625603,3247.993426103298,96.50436316800001,12.61581,0.010790280000000001,1102760.9731486582
6.592,252706.0,9,0.006067961165048544,1865.938435776846,13.521660869565219,407.439805071516,4436.220609886482,186.19936545000002,11.890110000000002,0.007985835000000002,822826.0092315471
6.801418439716312,207506.0,37,0.0072992700729927005,1792.9002969691674,11.845046601941744,345.901781189952,5952.176402102499,54.980282196000005,8.78121,0.014005403999999987,718933.4648505768
6.640449438202247,175613.0,8,0.00676818950930626,1056.4304015785171,11.242231343283581,360.07742235825003,6447.541141244828,63.44727669000001,10.357770000000002,0.01628326799999999,846184.5940062336
6.235294117647059,200917.0,10,0.005390835579514825,1551.6993541112436,11.803770114942528,875.67428481936,13751.076414793904,68.977610208,5.86659,0.027935928000000002,303198.01774628076
10.16216216216216,143528.0,45,0.010638297872340425,718.1687925170069,15.432855172413792,433.74994586288994,7010.036386184453,83.72508391050003,8.54049,0.020642097,663584.903567733
6.2100840336134455,178500.0,23,0.008119079837618403,1489.7108975921526,11.690640229885057,255.61424388753,2527.843322741885,108.90737376750002,8.97375,0.00400121699999999,1271417.3911826578
8.447058823529412,246373.0,16,0.002785515320334262,1074.8628653692542,7.767269811320755,530.9980234198121,8562.152111083129,30.234472428000007,6.771420000000001,0.027805761,259504.80044589468
6.273684210526316,259120.0,9,0.018456375838926176,1227.2116240402954,11.100688607594938,517.570753613592,14067.162806399805,40.803022521,10.06962,0.019757909999999993,588238.9374478648
6.625,215133.0,13,0.018867924528301886,1077.9473544731502,12.941644262295084,318.55558014892705,4323.58839684681,271.94796289000004,9.81204,0.010025630999999993,865013.5898843127
5.573529411764706,216906.0,8,0.010554089709762533,1443.4780707507978,16.79343661971831,576.27468337868,9195.696727346378,55.266148233,11.09412,0.010447866000000002,709390.3999663937
9.247191011235955,228573.0,17,0.0,1223.6600010742702,12.225207777777777,403.59265991221497,6606.995627938753,378.1873516500001,9.14427,0.011776049999999998,1086283.1600364922
7.583333333333333,163653.0,35,0.004395604395604396,1006.8708466867753,10.150491228070177,490.025435921208,6971.715309797785,66.75762960000002,8.710230000000001,0.020389199999999996,513503.31872139557
7.803921568627451,150243.0,43,0.005025125628140704,775.5627071066116,13.830499999999999,424.18615880241,4669.193116356122,78.154622817,8.605260000000001,0.012943788000000006,662600.1974736076
6.5,240986.0,9,0.013675213675213675,1324.983364366167,12.623000000000001,283.84683898199995,3213.5486989544574,303.87631173000005,9.92427,0.0061857,1142107.870150509
5.3,154750.0,22,0.0,806.825429880407,10.348370454545455,275.918824157718,3492.0349395381295,246.51956448000004,12.13428,0.012861827999999997,1013237.7336461147
8.083333333333334,234951.0,5,0.015463917525773196,1159.3433559960424,9.438908333333334,226.93033075382098,7529.183021369523,69.18327526000003,10.542,0.04200143399999999,955620.8926197675
5.89908256880734,182000.0,9,0.007776049766718507,1250.5229717291256,11.06928904109589,357.413984868054,6599.374723784207,195.90059414,8.27163,0.017857017000000003,598846.462909701
7.223214285714286,248426.0,9,0.0012360939431396785,1271.5686223621155,11.87992705882353,689.121280321278,12679.41884926245,132.79341327000006,6.60477,0.029937221999999996,302940.97968412907
6.691176470588236,206203.0,44,0.002197802197802198,701.976813317479,9.369008771929824,332.8421464368,4412.920981083656,92.78241687,7.149719999999999,0.012327101999999987,734723.2219665041
5.766666666666667,218173.0,11,0.004335260115606936,1402.1757130793771,10.619209876543211,285.03822339860994,4394.507305029119,91.843542744,10.47516,0.01257191999999999,1006625.9619752079
7.4375,189586.0,7,0.0,816.2898912103602,13.293093333333331,279.577649055225,6132.794098079998,40.476556923,11.24874,0.022067207999999987,624779.4724745627
6.3478260869565215,184010.0,40,0.00228310502283105,818.1021836094501,12.065439999999999,401.62215837064804,3597.7242362374996,323.3812255800001,9.63624,0.012283271999999994,691251.0144828209
6.857142857142857,291289.0,8,0.001736111111111111,1077.785034602076,10.127699999999999,485.008997418561,9781.207241173915,68.297590779,17.239900000000006,0.024408767999999987,524049.7048536264
6.977272727272728,158000.0,56,0.006514657980456026,602.5568570623517,15.464613333333332,487.99821062106406,7579.260381428179,42.525296814,12.11157,0.01494446399999999,574293.7717397836
6.55,259146.0,12,0.0,1023.5159048335989,8.866388235294119,722.89965732446,15012.985354931026,145.97494411500003,4.8496500000000005,0.03992203799999999,858799.0562974307
5.852941176470588,233853.0,9,0.006700167504187605,1301.9360766782256,6.468365217391304,368.47496601215994,7996.313346109199,176.74818582,10.06995,0.025286723999999993,588098.0662637082
5.75,237146.0,14,0.004207573632538569,1388.0230976251737,13.220697647058824,575.4692036317321,5913.712399247741,125.13604736250001,8.27538,0.0040603799999999945,1206986.7798716545
8.098360655737705,212906.0,12,0.010121457489878543,1082.7736598914278,8.8673,585.74637601498,10257.645215538354,39.6206256225,7.03665,0.022554578999999995,342450.2835088574
6.587301587301587,141090.0,35,0.0,904.5414783496136,11.749010869565218,529.6247706807719,7678.223665529931,282.80337293,8.95236,0.01852756499999999,658016.9663135885
5.280898876404494,162958.0,19,0.002127659574468085,1077.6254325259515,11.347258620689656,436.1267717468641,5212.668236161793,64.13921508150001,10.507380000000001,0.011657477999999999,719206.1519709738
5.393700787401575,239708.0,11,0.00145985401459854,1637.7519783423572,7.602254545454548,357.870214415392,7911.344884892168,41.671232446500014,9.66975,0.02398795199999999,551280.3493744751
7.394736842105263,235733.0,43,0.014234875444839857,660.7024784629593,10.515822857142858,505.72261006909207,9565.916149684797,30.79131931200001,9.772140000000002,0.028523555999999985,320477.54110500275
6.9361702127659575,271920.0,2,0.009202453987730062,743.4947554161357,8.199526923076924,677.2963758234521,13689.58310273747,17.853003756000014,21.733000000000004,0.03216737999999998,147711.9060098776
8.64864864864865,86687.0,15,0.0,578.8444444444444,16.51641379310345,372.832461777,4453.697141745707,239.20151682000002,10.74528,0.0068745599999999974,947960.93446002
7.466666666666667,237000.0,28,0.011904761904761904,786.9238738226445,8.841323076923077,520.159217634,9416.01219707453,83.84639772600002,7.268129999999999,0.014956109999999996,740690.3523093972
5.584415584415584,157669.0,41,0.002325581395348837,865.5168417536421,11.944851063829788,541.7908787166721,3553.877066767999,85.853107275,8.983740000000001,0.00803587199999999,748105.3455772126
5.590425531914893,254072.0,14,0.0028544243577545195,1935.9470707003804,13.431216964285714,685.541794613208,8318.803408936645,274.9954640050001,6.53286,0.010555316999999998,674265.66760072
6.666666666666667,138151.0,10,0.0,574.9449035812672,8.7912,620.8934221169459,11163.97851506826,28.244282538000007,17.0792,0.041458755,162214.57539314346
4.53030303030303,170437.0,8,0.010033444816053512,1165.6735785325577,9.140464367816094,548.7844208862481,12610.239248502001,18.360841536000006,9.96399,0.034454735999999986,212684.13583911254
7.723684210526316,174103.0,16,0.013628620102214651,1057.263079667063,10.684944736842105,774.938922984044,10118.280287511981,62.50987764000001,5.9491200000000015,0.0151659,475327.057470167
5.525252525252525,164776.0,67,0.007312614259597806,1063.5809733700642,14.29353076923077,649.7318932268761,9813.278591507664,78.38560512000004,9.55302,0.023888303999999992,825672.3336487744
6.544303797468355,186408.0,38,0.005802707930367505,1043.2710970464134,11.301269491525424,405.752394491397,3274.880037721048,357.5684527300001,8.28489,0.006934577999999992,915897.3202956745
5.769911504424779,229750.0,8,0.006134969325153374,1336.5412077949575,10.238785365853659,400.70962515506005,7791.55643950684,44.69067288000001,11.633370000000001,0.023287931999999997,664561.7726734153
5.782051282051282,280720.0,43,0.019955654101995565,1958.3356061183451,12.705591397849464,357.64056296229995,1753.7097517326783,22.833956349000005,13.193579999999999,0.0074113199999999895,510523.79003600817
5.961832061068702,174103.0,16,0.010243277848911651,1600.5723768822559,11.419335714285713,253.7880089892,3924.8386772330177,62.91887884799999,10.656419999999999,0.012654570000000002,869564.1050429014
6.333333333333333,187946.0,23,0.001697792869269949,1172.5835331794424,9.762478666666667,667.239107657934,9172.1761233337,46.82332139400002,5.1272400000000005,0.020524898999999992,342440.5753623654
7.413793103448276,239560.0,9,0.0015503875968992248,1595.5166293827613,7.460056701030927,510.512224863108,11297.240660880305,152.78390141500006,5.5790700000000015,0.029717775,1310501.9371327152
9.408163265306122,240080.0,14,0.0,868.1885469243298,7.567492307692308,418.22786728272007,7328.506266719045,52.08862840200001,9.753570000000002,0.02188098,535852.4374925443
5.008771929824562,238000.0,9,0.010507880910683012,1261.3357413656322,9.424586486486486,369.2158900312481,8811.684781202403,56.89775832000001,6.72342,0.019252799999999997,644917.3136533147
6.861111111111111,247500.0,61,0.006747638326585695,1340.6554045239297,11.072003703703704,239.39414701074597,3622.1131734255755,69.0457388625,8.54127,0.010338569999999991,807533.0547310052
7.428571428571429,246626.0,28,0.01201923076923077,912.1872288009854,10.474048,278.60411158076994,4983.003351995425,41.635028418,12.74079,0.019454715,795051.1159563997
6.283783783783784,294624.0,8,0.004301075268817204,1782.2219288097515,9.976629921259843,496.7395385967041,9126.475466942966,35.9242498815,9.780120000000002,0.017845919999999987,533481.5051077383
5.619834710743802,236600.0,15,0.0014705882352941176,1282.007983583726,12.152820512820512,350.9822547745799,4565.85156063491,272.55042399,12.255090000000001,0.013333320000000001,888723.9714976675
6.698795180722891,227880.0,6,0.0035971223021582736,1084.901912303563,9.566519402985074,298.4627555306321,5760.349775606018,53.053964208000004,9.311010000000001,0.023251584,535194.8413818928
5.7819548872180455,191306.0,15,0.007802340702210663,1373.7972890751755,12.503370370370371,706.66794867564,9139.8471545342,60.38184574800003,6.125430000000001,0.016498943999999995,472004.25712763646
6.047619047619048,204746.0,8,0.001968503937007874,1135.632725933063,10.83564,305.613815342112,6057.012536463379,162.80343924000002,10.88436,0.01935925199999999,675426.9102055241
5.7190082644628095,280720.0,43,0.014450867052023121,1372.9307458614917,14.200678787878788,286.17503983232,3695.420005994547,221.27832416,9.98568,0.008355600000000001,890705.8127031712
5.931506849315069,170382.0,24,0.013856812933025405,1783.0199834984514,11.784892631578948,486.9488966848,9301.143292132165,66.90757728600002,7.94379,0.018177984,690305.3743645659
4.454545454545454,192954.0,8,0.0,1043.5286440645075,7.0416585365853654,309.235870845648,5488.564729864591,39.91895799750001,11.130840000000001,0.01997688,657353.2483249536
5.608391608391608,248106.0,17,0.011221945137157107,1878.333521035336,11.44002298850575,222.15900333151998,1499.2571059760396,84.74899204,13.271519999999999,0.007587113999999992,677749.2622874875
6.024390243902439,226440.0,6,0.0020242914979757085,930.8972782980691,10.798016666666667,640.13387079651,8239.883066970131,183.48999424000007,9.32304,0.022469336999999995,1423971.9590837974
6.589041095890411,168888.0,5,0.002079002079002079,964.5419688536573,12.20653870967742,290.1288182331,6570.37636729124,33.0605478,13.07118,0.011310780000000001,744945.2257268218
7.065217391304348,259972.0,41,0.007692307692307693,1436.8058821426312,11.933287671232875,311.696264675628,5068.61967853766,177.86936972,10.18551,0.013244471999999992,707910.4173267704
4.764150943396227,280720.0,43,0.0039603960396039604,1222.7733333333333,10.473539682539682,809.75146436982,6682.829331802498,7.20908912500002,8.67624,0.01659495599999999,24274.255808387923
5.934210526315789,211360.0,5,0.0022172949002217295,988.1003683654906,7.22697027027027,513.384772838784,7703.022538760485,93.62453570100001,6.723960000000001,0.0209967,580721.2321500888
5.922580645161291,222529.0,16,0.008714596949891068,1847.8412375330754,8.183770434782607,76.16161303344,2382.0550042745413,41.945112333000004,14.51361,0.02275293600000001,1144392.206577735
8.4,228573.0,17,0.0,916.8513580246913,8.280403278688524,210.60132562731596,5085.794091279841,45.647806216499994,10.18734,0.030708180000000005,454365.955637226
6.5625,92080.0,6,0.006349206349206349,598.2566575917967,11.354823529411766,699.044225148096,10160.911491779796,66.06741499200001,4.38675,0.020186711999999992,446899.4871535118
6.341772151898734,210440.0,6,0.003992015968063872,910.492585269402,9.366351562499998,394.367888864775,7503.773036673825,368.18963965000006,6.747330000000001,0.01619711099999999,866755.9732420266
5.2890625,197533.0,5,0.005908419497784343,1174.5114657430545,14.15993857142857,534.697749233648,11101.91962316346,152.02857684000003,11.16879,0.018192924000000003,652651.53873364
5.891891891891892,158000.0,56,0.016055045871559634,956.5673806712766,10.141037037037037,337.712784822,7756.3948479463115,50.748380550000014,11.32656,0.025051752,703283.9610095812
6.038461538461538,212000.0,4,0.0031847133757961785,2017.5419134596468,8.698070689655173,473.80471018079396,5236.761220462747,78.95334469500004,8.23113,0.019290410999999997,273509.6896491642
4.769736842105263,193340.0,16,0.0,1688.1356369484265,10.3675,333.64638333598,6271.614692979325,64.191328725,10.276350000000003,0.01965765599999999,683522.7396353517
7.971830985915493,260626.0,15,0.0088339222614841,781.42822265625,8.885464935064935,292.272805815936,5390.839262890801,65.69995564,10.530240000000001,0.02758176,267565.8269013522
5.901639344262295,209124.0,5,0.013888888888888888,1549.8592606492773,10.2256,290.5595445984,6006.14990127555,42.23488698000001,9.33501,0.01706557199999999,594734.5731631526
5.982758620689655,152142.0,4,0.011527377521613832,741.461251834845,11.263620000000003,267.37408112551503,3769.7711291510414,65.25930411000002,9.751590000000002,0.019512011999999995,956906.9439630184
6.082089552238806,276280.0,1,0.01717791411042945,1630.827070339133,10.665633333333334,129.93598913777302,1268.5351916641794,74.35506497000002,15.62247,0.032867459999999966,1062412.011459644
5.767676767676767,210800.0,7,0.0,1245.314600399076,10.569649230769231,559.9817370304,9863.585109851025,56.54230909500001,20.0606,0.022542455999999995,471207.4870796111
6.072463768115942,283440.0,28,0.0,844.8812945296462,7.706852459016394,267.24016158840004,6490.625748860417,68.71179388500002,9.5151,0.02178575999999999,800184.1375948214
8.558823529411764,226906.0,82,0.005154639175257732,1013.6361043941553,12.6585,969.8472208637099,15831.97348525676,17.198578624500016,20.751800000000003,0.027837536999999992,131530.9368236761
5.517241379310345,196013.0,5,0.0015625,1226.5527172945403,8.95578021978022,637.00843333383,10212.809851791304,11.876412915000014,8.0238,0.026774189999999993,128335.27887823828
5.380281690140845,223146.0,4,0.002617801047120419,1564.478251490635,6.969616901408451,414.53744070679807,7003.40934590111,72.802015575,10.05486,0.017799329999999995,764469.7975735605
7.852459016393443,247426.0,8,0.0020876826722338203,934.115617933368,9.272303389830508,236.914878058074,3173.5131351052787,235.74282472500005,10.104569999999999,0.013306919999999991,739912.3593142407
7.32258064516129,180874.0,5,0.00881057268722467,984.3623565490886,12.274677551020408,574.4805082986239,7297.444861220897,50.4374771295,9.70032,0.017793143999999993,513271.71013459424
7.75,286586.0,5,0.0,1121.7883817427387,8.364335802469135,360.21974254089605,7105.319001324649,72.93365461200003,10.09332,0.01833206399999999,811697.5457437612
6.227272727272728,283440.0,28,0.0024330900243309003,1510.4416009380388,10.825651612903226,425.549489023792,6996.535739919672,145.87481920000005,9.44679,0.020420159999999982,529441.7825547815
6.574074074074074,247500.0,61,0.007042253521126761,1453.332997192836,10.07949411764706,310.42510490252806,7992.5129170199025,81.10009120000002,9.57942,0.03314627999999998,306383.7221902484
6.6,212000.0,4,0.010101010101010102,597.6489941604244,8.907927906976745,418.09906904192997,6498.158800451145,19.956174444000013,11.93667,0.028101695999999992,277360.95247166837
7.272727272727272,250040.0,10,0.0,1055.4447646589051,9.100061538461539,717.4717149570749,12642.71949126749,69.09229479000003,7.57413,0.027385511999999997,521528.9487843746
6.444444444444445,226293.0,5,0.0,1109.5027262583203,8.998985915492957,212.74890285398396,5015.057115675456,117.982980675,13.1193,0.028702704000000006,745370.1129506374
5.891304347826087,205186.0,23,0.0,1068.6353147637997,8.864787341772152,480.74376880788003,7757.592331142749,76.61754103500002,7.67562,0.018022523999999988,603677.4415877133
7.7,199999.0,8,0.00927643784786642,924.7619245501935,11.580547540983607,246.30455908441596,4278.916531351082,62.48700225600001,11.579970000000001,0.017518398000000004,670226.9618757054
7.676470588235294,158000.0,56,0.011494252873563218,569.4545454545454,11.285481818181818,578.931072846286,6041.925316515203,94.47092028600001,11.24565,0.011962124999999988,887594.9720364923
7.627450980392157,200280.0,28,0.007712082262210797,754.0132480203149,7.870277358490567,257.19185111571403,5558.980177298687,127.19419408000003,8.13138,0.019994948999999988,539215.0600524916
5.590163934426229,197813.0,20,0.008797653958944282,745.1247945430638,9.863643589743589,507.28173064812506,9950.280718993055,94.17934725000002,7.71642,0.03777920999999998,231857.5861932082
10.571428571428571,226906.0,82,0.005067567567567568,681.5004115226336,7.657617582417583,496.459710722038,9720.44532290871,69.91451660550001,6.202950000000001,0.025593257999999997,503280.9183588401
6.64,218226.0,22,0.0,645.8932034845498,10.696681081081081,592.604033532784,6033.847484577723,219.08353261000005,5.667210000000001,0.01595492699999999,438575.54738948366
6.448717948717949,266332.0,18,0.0,917.8487274930746,11.084443333333333,365.72471962452795,4322.783406135774,183.03479130500006,11.656920000000001,0.011814444000000002,853784.7806664817
5.666666666666667,247500.0,61,0.012867647058823529,1064.1332975006717,11.052579310344823,309.235870845648,5488.564729864591,39.91895799750001,11.130840000000001,0.01997688,657353.2483249536
5.75,283440.0,28,0.005434782608695652,770.7249149659863,9.44615111111111,226.14220592512797,4814.42253200131,35.055442791000004,11.29992,0.024472403999999986,532044.911190821
4.666666666666667,245666.0,19,0.0,1094.9620986920334,7.65184,429.30913868908794,9677.799270505462,112.99685860000005,9.275400000000001,0.03268060799999999,1280889.406260874
4.7384615384615385,235733.0,43,0.0016233766233766235,987.1754582865693,7.583315384615385,451.01779649791195,6702.888753785795,131.50983342,10.72413,0.024136994999999994,417753.9002528153
6.905263157894737,256160.0,46,0.012195121951219513,1445.1034291267529,8.998013186813187,689.121280321278,12679.41884926245,132.79341327000006,6.60477,0.029937221999999996,302940.97968412907
6.234567901234568,223834.0,79,0.0019801980198019802,1145.489239069262,9.167634328358208,123.730843033692,2833.8432878177773,21.693668197500003,13.995000000000001,0.027401940000000007,492598.00944620447
6.15,283440.0,28,0.012775842044134728,1615.3852298535514,11.259169444444446,541.8865423461381,6117.8282592484,238.78513354,8.48424,0.012036149999999994,577408.0429616342
7.780821917808219,226266.0,23,0.0,1164.1376339111453,12.816814814814817,585.2092398088349,9928.997825444878,212.26885261000004,6.682680000000001,0.026969397000000006,1389800.699403423
5.6875,226906.0,82,0.01098901098901099,578.6483829461175,8.127497368421052,267.17508108244795,5628.408191275177,42.48651109500002,10.62081,0.034275639000000004,635086.062987986
8.964285714285714,214588.0,67,0.00796812749003984,432.98155238426733,11.420499999999997,294.63055388312,6369.887792402177,45.68420538600001,9.740879999999999,0.02023122599999999,661076.926762774
6.239130434782608,163653.0,35,0.0017421602787456446,1342.2530056810674,8.14134588235294,288.37642474256,7723.562918772513,17.148546943500005,11.13021,0.031123968000000002,337563.9982598727
6.576923076923077,222093.0,20,0.0,449.63368055555554,9.432204545454544,204.56104802822998,2826.1099153934983,226.83678936,10.44879,0.010090232999999992,862011.5740053289
5.757575757575758,226280.0,9,0.0013157894736842105,1379.8456790123455,12.187,393.43967469416395,7922.537234767983,56.360274048,10.526130000000002,0.02502567900000001,659497.9317354579
6.666666666666667,158000.0,56,0.0038461538461538464,451.3445557212869,8.67442105263158,262.91446166609995,4915.064950068466,36.8420962125,11.312669999999999,0.017140829999999985,651155.3131815862
7.247706422018348,163653.0,35,0.01139240506329114,1636.2553858351837,10.395019417475728,535.5090589077449,6509.988349052849,96.00304225500001,8.10369,0.012922712999999995,707318.9409609076
8.820512820512821,237146.0,14,0.005813953488372093,757.6727116366569,10.7242,306.62798361312,2404.890466191027,222.87417243000002,8.5977,0.007242102000000003,672830.3283023947
5.577464788732394,174291.0,67,0.005050505050505051,811.7617175427122,8.741542857142857,573.3759207427739,14261.587483018176,67.34247343200002,8.42271,0.025239324,561925.7776304506
5.0,218709.0,46,0.0,679.3981989094045,8.41425,274.741964292614,5969.856130573821,77.01565933950002,9.632430000000001,0.02146619999999999,782191.6511082813
6.494505494505495,159960.0,18,0.008460236886632826,1130.3348120334902,12.697119047619045,392.2760414699,9969.64752743076,114.34857112500003,10.214190000000002,0.026824356,1444732.4784062488
5.314285714285714,160855.0,52,0.0,715.3453714285715,8.480884615384616,213.62711441568,4246.694988033747,85.85155128000001,10.40202,0.012293691000000004,1144987.425002043
5.389830508474576,141062.0,53,0.0,602.0726643598616,7.759199999999999,505.15628558886397,9980.626723424813,60.908898099000005,8.30541,0.026537544000000003,488536.80310044956
5.63768115942029,174291.0,61,0.005141388174807198,761.5290898838075,8.64026393442623,593.3678998547849,12780.029503070635,71.069685555,8.04597,0.026462294999999997,504341.54370174307
5.653061224489796,253240.0,24,0.0,1187.749233820083,8.086942105263157,328.682115504,4300.685413764686,84.17139996,8.29593,0.013747949999999991,763896.2634560858
7.373737373737374,193746.0,19,0.00410958904109589,1628.219999033396,13.387441558441557,859.2703608469318,15322.684833306965,64.22464203450002,8.346060000000001,0.02390139600000001,474166.5825043602
5.233766233766234,222000.0,20,0.0,728.9495332108968,5.939801298701299,384.545772475605,6770.131545229753,99.2402217,8.76549,0.021486510000000004,758786.6534959951
6.232558139534884,189666.0,22,0.007462686567164179,546.5709992486852,10.568388571428573,269.96180726515,3323.728094340112,102.22271377500002,12.38826,0.009679853999999995,1113458.2120940846
4.982456140350878,227840.0,38,0.0,1134.0318378397965,8.02797,247.90019548348502,2269.843661400418,67.447800555,9.834090000000002,0.011548379999999987,583277.7503716801
5.872093023255814,187454.0,58,0.0019801980198019802,856.5173979700752,8.471698717948719,511.37477139603004,5587.734532283591,316.1849800400001,9.876330000000001,0.015349580999999994,698891.8983356655
7.774193548387097,189666.0,22,0.012448132780082987,466.5949160101085,10.034929032258065,306.43222069627996,6785.939778693406,33.20631573000001,12.56361,0.03338868,439485.8850710559
5.5,166600.0,23,0.006993006993006993,968.7667808424976,10.382594444444445,398.73359270682005,14990.865776346003,145.0108489485,6.96408,0.022551750000000002,1063364.0586365336
5.583333333333333,135818.0,18,0.0,514.9189791670082,8.356388888888889,503.79916963159997,12748.902082674818,87.192460848,9.14652,0.03983023199999999,634109.3774863394
5.597222222222222,207973.0,29,0.0,786.3718637992832,8.996382352941177,250.46608720319998,5266.440736090688,388.87545506000004,7.322820000000001,0.03909163999999999,1133324.824490014
5.32051282051282,185306.0,19,0.0024096385542168677,747.6430377628061,10.000701923076925,418.62466808718,7072.8805071040315,368.84614660000005,6.919020000000001,0.01412792999999999,861983.6029080237
6.435483870967742,141750.0,42,0.0,795.0242495751481,11.907300000000001,691.6778606653501,14233.765317697525,89.37709860300002,7.101210000000001,0.036079289999999986,446540.9670299498
5.147540983606557,188125.0,30,0.0,587.1942620004572,9.507063636363638,506.23099812188,8816.311079534189,109.31606976000002,7.397880000000001,0.01641734399999999,765762.5115320453
5.76,251120.0,24,0.013888888888888888,881.1634670102891,10.5957,504.61246991591196,7887.544548521611,310.38951029000003,7.9215,0.024159464999999988,583574.4312931938
6.732142857142857,164160.0,58,0.0,736.9374213033486,7.7027383333333335,704.0007018578821,11306.965358145602,49.233150790500005,7.4309400000000005,0.036446535,270218.30680119863
6.02,167719.0,53,0.0,470.0130996839988,8.66683695652174,467.1164728019249,10742.356119676977,65.93543946,8.445630000000001,0.024867108,554863.580556339
8.653846153846153,161071.0,69,0.0,747.73125,9.456532258064515,567.942044700087,8931.536791085162,77.622489378,7.23939,0.0188736,576985.1239612696
6.211111111111111,222120.0,14,0.0017889087656529517,1010.6070232739304,9.592259677419355,414.85367297160303,7250.833331447371,279.8044353,4.840920000000001,0.01959200999999998,610023.7866519792
6.983606557377049,205636.0,13,0.007042253521126761,957.3546607618048,9.582676363636363,524.097717043428,11360.453457380303,120.178504413,8.22414,0.026461427999999995,767806.6815593004
6.6,153043.0,15,0.0,546.2633341549864,12.711049999999998,710.472628757584,15067.00071034343,76.50168993600002,8.489370000000001,0.019693908000000003,609895.3732102704
4.839285714285714,218709.0,46,0.0,1083.9462408252332,8.12260909090909,224.99145603295202,4452.663089799765,143.33025251850003,9.3678,0.008075687999999998,1392292.999843841
4.8901098901098905,153964.0,39,0.0,658.2425329200307,13.57043023255814,633.9414713008321,13087.168163582364,231.69689100000005,8.17875,0.035667273000000006,1266560.5933104577
6.12,152038.0,35,0.0,863.638724319658,11.857236206896552,632.2499869533899,11848.715278284557,80.69595984000001,9.47955,0.016779986999999996,645824.7242859672
5.274193548387097,172727.0,47,0.0,696.9079365079365,8.323636363636364,251.5527002016,2980.1426314975242,362.478367665,9.359010000000001,0.011107367999999987,864621.8871345128
6.697674418604652,157846.0,62,0.0,507.22516910164325,9.560880000000001,473.3007219454501,10252.122245965758,63.63783326250001,9.1887,0.025190999999999984,553653.724016892
4.709302325581396,209516.0,18,0.0024691358024691358,767.7094638788462,7.545728571428572,582.3097293387881,13336.340500343757,76.787620206,9.577770000000001,0.03208849199999999,585977.6834871931
8.50909090909091,155044.0,47,0.0,944.8555774465508,13.125528000000001,613.3087711025,9790.678879160589,78.96556500000001,9.126570000000001,0.015009587999999989,789964.2659754521
7.788461538461538,183000.0,14,0.0024691358024691358,620.5906381954059,8.07975,213.40246638984001,2883.775123142399,105.62098344,11.15274,0.015192989999999988,896732.6039495596
4.951612903225806,181646.0,41,0.0,680.0397491763206,7.447569387755102,319.863817832517,7084.486283847402,282.40156119000005,10.21521,0.030781673999999995,589609.0111228328
5.444444444444445,157933.0,66,0.01020408163265306,540.6855955678669,10.56195,734.95852666068,10562.571441225218,57.67448954400001,7.38603,0.019128047999999995,370849.3057984146
5.64367816091954,194000.0,13,0.008146639511201629,897.5685797247822,10.199255172413793,419.433987900624,7285.1246379387085,95.64791165700001,9.037500000000001,0.022658327999999995,685356.0492980757
5.487804878048781,189666.0,22,0.0044444444444444444,389.0174278846154,12.362142857142855,277.466171109192,5686.639006161001,31.702738296000003,11.868,0.040684506,326944.9043254359
7.309090909090909,163308.0,59,0.0,691.020485516978,8.83914827586207,686.20788588222,9191.494178592646,220.565345,8.33529,0.022627568999999993,479086.4317600786
4.907407407407407,123789.0,29,0.0,527.0723991542231,8.009115384615384,327.68836109758803,8832.56188261274,118.25390596500002,9.798900000000001,0.02973831,803946.3361711688
6.981132075471698,227840.0,38,0.005405405405405406,656.7635918367347,9.980749999999999,372.37879655308797,5673.055220213525,108.139502988,6.96468,0.010881288,876390.4973465186
5.434782608695652,177700.0,40,0.0,538.7673512775351,10.055113636363636,220.67327506454998,5378.813204546885,63.024025050000006,10.791330000000002,0.021166824000000004,783200.8182882835
5.835820895522388,260000.0,10,0.0,734.5356582962402,8.084623214285713,531.9409314981239,16221.805244096244,93.23829675600003,20.494600000000005,0.041798955,524855.6935579912
6.586666666666667,149680.0,13,0.006072874493927126,925.5089377319442,9.7546,420.78538892329,7277.342193868464,99.21203954400002,7.079580000000001,0.013150565999999995,888614.8778968094
4.698630136986301,168093.0,12,0.0,687.9374725285003,9.857485365853657,449.6800370081609,7792.36851617088,124.16441435100002,13.7686,0.014767916999999997,812790.7054677956
7.120689655172414,180525.0,51,0.0,857.4538606403013,10.743559615384616,712.9325945968919,9303.567518206835,60.53867703300002,7.639080000000001,0.017663582999999997,477782.08710859396
5.838709677419355,191640.0,15,0.0,668.6162345679013,10.69078604651163,385.415568290088,5293.231246092389,315.12141857000006,9.01122,0.012808290000000003,855712.8015444045
5.569767441860465,211440.0,13,0.006263048016701462,1462.8524296216606,6.691468539325842,287.84886075879996,10158.070293648001,128.925850125,6.820740000000002,0.018516959999999996,1062404.3908463044
11.333333333333334,164160.0,32,0.0,127.76931292274828,8.13552,605.33500489704,8043.712845292959,31.664206620000016,8.21382,0.0282555,245842.16397404714
6.024390243902439,200933.0,10,0.004048582995951417,1007.6366285119667,10.567871698113207,622.3364980672559,12195.787513971602,61.77392634000001,17.263800000000003,0.027784836,463554.32920490234
5.9868421052631575,175159.0,21,0.0,826.5987906386982,10.61267543859649,389.8543025994749,8270.16262192026,68.72321149500002,10.309529999999999,0.021631797000000005,697678.683806315
6.476190476190476,210000.0,12,0.0,755.8733114505744,9.048184615384615,207.89676373319998,7302.854992466813,159.62892552,5.73801,0.01308047999999999,1290744.5110844637
4.822784810126582,174493.0,12,0.0,759.4803200000001,7.318428813559322,239.09270700472499,3726.00625990889,81.98865036000001,8.68767,0.010372659000000003,988813.4514148551
7.619047619047619,123789.0,29,0.00625,290.1404216605356,7.543680000000001,327.68836109758803,8832.56188261274,118.25390596500002,9.798900000000001,0.02973831,803946.3361711688
5.0,96686.0,20,0.0,435.6037180712505,10.955,285.68769438132,5847.058266749138,274.94073825000004,10.10106,0.015516732,852814.6949031777
7.743589743589744,157846.0,62,0.0,629.9112426035504,12.152296969696971,473.3007219454501,10252.122245965758,63.63783326250001,9.1887,0.025190999999999984,553653.724016892
4.87,188257.0,14,0.0,930.8914780419899,9.61405172413793,457.2893661924,8876.062964302455,95.76683531399999,15.9469,0.02267704799999999,579420.2163836041
5.652173913043479,158218.0,36,0.0,588.5573159954552,9.69922641509434,384.864101450101,7846.83063834875,187.29306050000005,10.946850000000001,0.028063595999999996,506238.73646924406
5.6415094339622645,165269.0,21,0.0,577.07085866973,7.69795,302.27662978613097,8491.163609356696,192.17301894000005,11.09793,0.03592878900000001,600925.5956762441
4.8125,143443.0,18,0.0,417.2112047296347,7.250833333333333,257.718969372,5816.0259773737625,313.3239432150001,11.402220000000002,0.025413299999999993,882322.7973733797
5.217391304347826,197453.0,12,0.002777777777777778,798.2238520408164,11.2788,483.302621188452,7937.722277033611,248.78642554000004,5.644410000000001,0.015489143999999986,636308.2798233883
5.592105263157895,208653.0,11,0.004705882352941176,665.5752894829658,9.786666666666669,480.96736562406403,8196.983012260138,308.35725547000004,6.162300000000001,0.01768859999999999,736655.6978227341
5.666666666666667,189666.0,22,0.0,343.21178571428567,14.49216,145.040000776704,4052.441791202433,12.329779365000004,15.053999999999998,0.028244159999999994,453301.49295068183
5.474358974358975,193050.0,8,0.0,977.3486856760971,9.56785,547.845886213832,9884.536906747537,258.5855725,6.802110000000001,0.021368160000000004,589697.8152877548
10.089285714285714,148363.0,52,0.008849557522123894,1210.7215934812132,11.051243055555556,436.83793559252,9665.296023162486,131.58387396,9.122520000000002,0.014860988999999991,1047691.1865595365
10.919354838709678,200400.0,40,0.01772525849335303,1318.1946349641821,14.35572950819672,543.6395471292501,9935.692102657727,86.270315892,6.78159,0.015462782999999994,834333.0070147045
6.2,176479.0,53,0.002304147465437788,1100.188902007084,8.413400000000001,432.413483569128,6679.540330961592,82.43962387200001,6.70263,0.01445931299999999,730695.1496742406
6.703703703703703,96300.0,60,0.013259668508287293,1710.379808807235,13.65406842105263,962.764170864188,11746.50633925947,47.915057575000034,8.57955,0.020875190999999998,414911.8365997081
8.162790697674419,187680.0,44,0.0,681.2989460151978,7.7219999999999995,201.96168699564,2455.1963593193414,308.30593248,10.37475,0.012181607999999998,839508.7361192509
5.56,175923.0,58,0.002398081534772182,818.1371741454456,10.019015094339624,660.2876634328801,12051.37746256987,88.30405713600001,19.213500000000003,0.021928889999999993,596980.4490006603
8.891891891891891,134874.0,33,0.0,787.102616782007,9.555883333333332,401.23606390906497,5312.811031689276,119.46527082,6.5495100000000015,0.012512609999999999,780600.231052532
8.653061224489797,200820.0,48,0.0023584905660377358,762.6319277868956,8.653319298245615,432.82600125494804,4600.480708238173,317.26617401500005,6.68517,0.012230717999999998,690416.2593772989
5.875,195480.0,51,0.005319148936170213,766.777667235604,8.3425,420.57308439545,5903.494801203647,81.8273043675,9.71739,0.018692853,667435.2126999487
7.671428571428572,159304.0,29,0.0074487895716946,1123.7534662932862,14.010989473684214,607.5008727421921,11113.49646756547,66.99119443200001,10.311030000000002,0.01519718399999999,746972.4871014546
7.602409638554217,216813.0,42,0.006339144215530904,1355.1779355368885,12.477516129032258,628.99728723902,11765.83083642867,108.03490693800002,16.601300000000002,0.02276441999999999,634076.4596239654
7.245901639344262,145706.0,36,0.0,927.659487179487,10.587667999999999,547.74660610614,10083.330289806683,55.325244889500006,7.008540000000001,0.023951538000000005,497620.7462902512
4.901234567901234,188766.0,43,0.0,743.7276196910778,9.639497872340426,318.02418822455996,6897.60783988893,296.3074022,9.16344,0.028277027999999996,604309.7827213631
10.638297872340424,181973.0,33,0.006,1180.759173525377,9.65625,290.75221126368,5229.866331686637,138.89448397800004,8.58675,0.011944176000000006,1093897.6267121558
10.309090909090909,173960.0,25,0.012345679012345678,1142.4,11.650541538461537,734.8853737743839,10407.380239012824,49.54362582000002,6.606150000000001,0.018347412,416783.60125384503
5.425,234066.0,41,0.0015360983102918587,1253.4633602264128,9.554382352941177,454.50156337370004,5084.878209377851,46.89651039600001,8.34939,0.016718732999999996,406826.52442458924
7.569767441860465,258880.0,61,0.0,1345.5975561436671,8.479943835616439,218.201665228908,5268.963914987502,187.71064912500003,10.485840000000001,0.03104923500000001,608872.9903274016
7.5,198536.0,64,0.0,803.8739655937557,9.043382352941176,817.5159522563602,15174.23528164578,64.35155610150001,4.146,0.03326034,324538.77378385095
11.186440677966102,210729.0,7,0.0015151515151515152,1249.991949442499,12.241428571428573,518.468697488115,13941.046524970512,102.13123205700002,5.488860000000002,0.04108407599999999,448224.8878763442
6.333333333333333,197250.0,33,0.0,622.6403421852292,7.8202509803921565,473.5374326126079,5441.619180992719,331.97987537000006,6.554910000000001,0.01592975999999999,644955.413348358
7.016393442622951,184235.0,36,0.011682242990654205,842.5850322066538,9.319490196078432,309.33948592272003,3245.789664412679,344.17292778,8.911290000000001,0.012474335999999992,745882.9549139941
5.6454545454545455,241760.0,28,0.00644122383252818,1177.4916403332377,9.051074999999999,617.6531918549521,8656.870533716026,110.15511373500001,6.692970000000002,0.019100375999999995,609053.4036943015
8.125,145846.0,26,0.0,1175.8661157024794,15.454173913043476,696.0295627803001,10160.741669744995,83.81340103500001,8.23185,0.018061971000000003,630054.7660144086
6.567901234567901,182426.0,23,0.0037593984962406013,1137.2260678958905,12.859504,629.3605387292899,14792.51443241772,107.45789289900002,4.2665700000000015,0.029629764,567819.4647521097
5.691358024691358,179186.0,25,0.0,1020.6385301318478,11.680474509803922,430.78095664931607,9298.276956741338,244.0879258450001,8.06541,0.022945517999999995,586971.3458123854
6.233766233766234,182338.0,45,0.008333333333333333,945.096,9.044459016393443,419.69298402248,8106.558518402996,133.75103061000002,11.065800000000003,0.015518699999999988,821580.4685586101
5.6875,187680.0,44,0.0027472527472527475,735.8049410161711,9.758933333333335,294.04482633660007,5161.937005353958,307.5657172500001,7.360469999999999,0.017342207999999984,745975.706824764
6.493827160493828,209000.0,36,0.0038022813688212928,1191.74768,9.594991428571428,442.62814075476,13390.904290173923,71.17900555500002,7.71051,0.0332235,522715.9672888118
10.98,226013.0,42,0.0018214936247723133,908.5248353610892,8.558300000000001,404.13708367300006,8259.374238578606,60.200370000000014,8.554170000000001,0.02634911999999998,583786.8632348174
5.545454545454546,179439.0,28,0.0,709.3019738147193,8.013712765957449,327.27240771339603,3015.8047686499212,134.2551181725,7.91508,0.007116839999999997,973542.1624104166
6.703703703703703,86979.0,40,0.016574585635359115,402.3365200045165,14.316238095238095,629.0162196186001,6441.803642492932,84.64314389700002,8.589300000000001,0.002857428,1009904.391741607
5.069767441860465,192230.0,27,0.0,830.7657092441917,7.867650704225351,645.921372888876,9830.838634368256,89.93933558400002,5.222189999999999,0.020522868,503719.5532727504
7.2,196363.0,26,0.007575757575757576,774.38818359375,7.149119999999999,495.113308556544,8276.968738697931,243.34192224000003,8.19585,0.03296411999999999,452396.6457540671
6.755102040816326,183213.0,28,0.004531722054380665,1231.6271136658172,9.335037974683546,543.2435536363201,5227.349456766252,78.30324306450002,4.958010000000002,0.017615555999999984,404769.04427890235
6.163265306122449,160986.0,22,0.0,603.6768724279834,9.054966666666667,288.303649009236,6283.739210113296,98.37921555000001,7.920240000000001,0.021557249999999986,748776.490868773
5.636363636363637,203721.0,35,0.002304147465437788,767.1687836165752,9.238213793103448,482.0186512702079,7721.59285021955,376.13128878000003,5.668830000000001,0.01227641399999999,966899.4325403727
7.576923076923077,192733.0,29,0.01692047377326565,1223.2858419366323,8.71134,803.7364335904641,13295.55286085241,279.295162755,3.6970800000000015,0.025432367999999983,481775.04989313864
7.754385964912281,205687.0,26,0.006787330316742082,940.9781412280248,7.7041939393939405,437.27837144,5316.565642548882,291.8503625000001,6.86121,0.015282119999999988,628328.8227948939
5.5625,98813.0,36,0.0,479.936449704142,11.091548275862072,473.59831551011007,6067.119593191803,73.16927259750003,7.53594,0.018345566999999997,522288.6287084258
6.62962962962963,175217.0,31,0.0111731843575419,289.71098265895955,6.5266153846153845,176.14448860584,2957.969089252799,169.83595394500003,12.03231,0.022649663999999986,662013.3632828571
5.26530612244898,200626.0,26,0.013565891472868217,1002.6215289920963,15.869345454545456,456.1157044044,4922.742925173527,341.32192222500004,8.7714,0.010734395999999993,769640.5852973118
6.406779661016949,185280.0,22,0.005291005291005291,717.9783333333332,9.561131999999999,335.61283567486504,6201.02068914468,87.70739859000001,10.097700000000001,0.018449451,798444.7798462571
8.452830188679245,146746.0,23,0.002232142857142857,788.460843307104,11.915008000000002,479.09802778095604,6148.397743215721,85.96107308250002,9.00153,0.013032030000000002,776832.7390033188
6.754098360655738,173640.0,22,0.0,1138.4266972094958,9.464964285714284,665.3787600634901,11253.64022995047,92.54738836800001,4.213710000000001,0.015480792000000004,722492.3188520004
8.098039215686274,185320.0,21,0.004842615012106538,620.741893483787,7.634692187500001,667.982131292496,11590.8711786909,85.84222424850002,5.17545,0.02371232699999999,567622.3018757864
8.08695652173913,215600.0,26,0.005376344086021506,819.7328422958085,8.78695,368.09479354622,4456.862513253689,83.72839980000002,7.60764,0.012663701999999992,744591.2099932338
6.7936507936507935,171786.0,22,0.0,1073.9944234287034,10.075120000000002,682.2614348534161,10615.030432714862,131.62016193450003,5.23581,0.012262199999999996,828637.8198570381
7.536231884057971,213946.0,25,0.0057692307692307696,1012.6704694970629,10.09625396825397,483.317533666528,11876.266907360772,108.085981647,5.576430000000001,0.023801904,711190.6033566744
5.967391304347826,228493.0,18,0.00546448087431694,1102.6943027210882,12.154670689655172,261.52015668771,2844.5928832698423,94.18844313450002,9.44553,0.007975988999999987,871736.8030457239
5.794520547945205,188173.0,27,0.002364066193853428,860.2929208804283,9.3248,546.0886293407999,9650.015939977002,62.74632682500001,19.625800000000005,0.022432560000000008,500380.45661423967
6.051948051948052,258880.0,61,0.008583690987124463,964.0063490769378,12.122213333333335,374.94599692013395,3340.133817269618,81.43283078099999,9.45057,0.011022545999999989,750524.9461383737
5.970588235294118,186800.0,38,0.0,782.1918254537352,9.388308695652174,260.028274988229,4054.1568380926074,41.226229467,8.49945,0.014599385999999997,598964.0273754913
4.978260869565218,219706.0,29,0.017467248908296942,876.6900574536204,10.065630188679247,408.5402944896,6608.640463958401,76.114384857,6.897990000000001,0.017546951999999994,642799.0804903473
7.133333333333334,186960.0,22,0.004672897196261682,928.2692233756248,9.770988235294118,345.8659641302339,6279.30051004984,65.8355904135,9.499830000000001,0.021057941999999993,676485.2186669012
7.4,183826.0,25,0.0036036036036036037,1092.0402920497568,12.966444444444448,977.4769021512,17156.502721750534,47.43197869500002,4.284420000000002,0.030225743999999985,287179.1643087293
5.8375,192746.0,27,0.0021413276231263384,1081.780791922001,7.592797333333333,704.612267670402,10527.366770440649,79.11706398900002,4.95648,0.024443249999999986,431919.9003643976
6.0,124840.0,19,0.01092896174863388,877.5513043478261,11.526072000000001,723.403024119792,10890.8595319225,67.792913802,7.16853,0.008644734,620993.0899642698
6.584615384615384,176785.0,52,0.007009345794392523,856.0814753123141,9.793647058823531,341.76757346004007,4452.00190299552,103.42017831600002,7.962840000000001,0.013702415999999993,746881.7531230304
6.666666666666667,175466.0,20,0.0016129032258064516,1335.2967513688877,11.084714285714288,792.58504847865,9379.37917703503,68.65787439,3.0472800000000007,0.019186085999999998,361049.0212157465
6.273809523809524,244306.0,12,0.0056925996204933585,1137.4236123236137,10.50784406779661,596.758255815016,6600.436579598579,66.22459081650003,14.124400000000001,0.015128640000000004,461358.853961445
6.096774193548387,187853.0,14,0.001763668430335097,1321.843617920541,9.94251176470588,741.5262394927199,12498.506226505073,29.021144872500017,16.5131,0.02941973999999999,216424.4027034715
5.493827160493828,209546.0,22,0.0044943820224719105,815.6714937512398,11.4488085106383,585.3067762695999,7128.7009796327775,228.312508,6.874410000000001,0.023788379999999987,1240234.296405899
7.915492957746479,199906.0,20,0.010676156583629894,873.4290898533894,10.060706451612905,653.8399270268801,15084.808704079634,92.63526559500002,4.47741,0.038051355,464101.1329442679
6.05,221320.0,20,0.004132231404958678,1063.430813896039,12.173074509803921,223.758205275303,4930.526377260198,108.81595917000003,11.405249999999999,0.019234802999999998,577930.3847809805
4.974683544303797,186693.0,19,0.007633587786259542,701.5472750945502,9.43724,491.86238325449995,10626.912857348256,69.06594168750001,19.179700000000004,0.03175696199999999,466371.0518160052
6.984126984126984,199760.0,21,0.011363636363636364,783.1595723487616,8.301586206896552,567.043422571808,16568.20790946945,90.66712636800003,3.208590000000001,0.04051478699999998,463783.5862547107
11.052631578947368,94053.0,12,0.009523809523809525,386.5500254798709,12.149000000000001,631.6680091859481,10548.464591609567,256.8255772950001,6.304980000000001,0.022444034999999994,564365.5272385923
4.990291262135922,200160.0,17,0.007782101167315175,1331.1878678134906,10.854918518518522,663.8357442660081,9853.107433854559,236.72359204,3.9062100000000015,0.020738339999999997,487574.1638067763
7.013888888888889,199693.0,17,0.009900990099009901,967.6189399265489,9.770848214285714,787.15031441046,12118.537478675134,60.230110941000014,1.7818200000000017,0.031649267999999994,278610.84690606006
6.148648648648648,184146.0,13,0.002197802197802198,860.6042922409489,14.36435,734.5734053260679,9419.199979424333,27.184080309000002,5.973960000000001,0.021944447999999995,217211.23830080254
7.050847457627119,276124.0,40,0.01201923076923077,773.2049146189088,8.677003636363636,861.1155398782561,13105.2531256892,59.55957972900003,2.975820000000001,0.028192031999999995,325776.6658378973
6.1265822784810124,158426.0,14,0.014462809917355372,986.3277568383699,9.92917037037037,768.0319944396118,13519.790794368675,54.04572955350001,3.8215200000000014,0.030485040000000005,345568.7884347268
5.925,248080.0,2,0.002109704641350211,925.2145623256052,6.8878125,545.2492604355001,6893.963284954365,103.82002560000001,11.815000000000005,0.01000929599999999,928648.0596672115
5.965986394557823,266173.0,59,0.0034207525655644243,1725.8621239119082,9.708124242424242,484.419203606286,3964.6872059552134,218.09943314000006,4.547250000000002,0.008843010000000002,605759.8066011799
6.090909090909091,223834.0,79,0.001658374792703151,1366.9882450271282,14.547933333333333,624.260783656944,10942.680585810738,327.7115111250001,5.045640000000001,0.019246139999999995,601968.8272559217
6.440476190476191,181000.0,8,0.0018484288354898336,1026.3768179925032,10.743427692307693,665.071107256416,7380.513809788824,295.20910506000007,6.05073,0.01395979199999999,602131.3623331145
6.555555555555555,186964.0,97,0.0,784.0737264552038,12.66565348837209,895.2524801022599,6404.660911832397,210.4888765050001,6.803280000000002,0.012729731999999992,417656.4151634868
6.841269841269841,195706.0,38,0.016241299303944315,876.0816397755642,10.196598,378.75479526412204,2346.029655477693,78.78910728150001,8.499,0.006989445000000003,726467.1070354569
6.425925925925926,175923.0,58,0.002881844380403458,1492.2386452688158,12.096683544303799,688.52565512109,11570.567711359125,326.92027197000004,6.150120000000002,0.017317925999999997,642981.5443284815
6.569444444444445,176965.0,94,0.004228329809725159,951.6242568370985,11.187359615384619,646.40465978466,13385.069418512223,309.1261668750001,5.082840000000002,0.023522715000000003,643248.1875416255
5.791666666666667,166791.0,9,0.01079136690647482,1254.6272309356407,10.163680000000001,387.52266503613595,3615.074202953928,361.7341102200001,6.234330000000001,0.009124607999999994,834767.0096564428
5.276315789473684,222973.0,90,0.004987531172069825,781.3631978990429,9.529597916666667,572.27097176623,4514.831040334899,289.07405387500006,6.037860000000001,0.010864493999999999,636698.743083738
10.078947368421051,226906.0,82,0.0026109660574412533,772.3278403729016,9.125613333333334,691.019299128704,6927.22663944309,103.17734739900001,8.45739,0.009740159999999998,827858.5512248188
6.3088235294117645,175923.0,58,0.004662004662004662,785.5511865804325,7.5940271186440675,174.9216964068,1737.8180179672188,301.40294535000004,9.769710000000002,0.007492499999999999,911864.0643842662
7.052631578947368,225866.0,61,0.005597014925373134,1079.2039808891923,11.358012903225806,330.002696741148,4357.160362862408,124.80404248500001,10.15077,0.01271667599999999,555054.963943245
5.76,201973.0,58,0.0023148148148148147,765.976321672231,13.576390243902441,103.4016557283,2382.2866226317137,26.377759875000013,15.24831,0.032524310999999986,1077544.8113260753
5.964285714285714,294013.0,40,0.0,327.5659981804517,8.763523809523809,246.70931726720002,3903.668139371727,332.96088502000003,8.20866,0.013065587999999989,837997.5216631655
5.037878787878788,175217.0,31,0.0,1313.9447040498442,10.681442028985508,282.91956747224805,2925.143636984668,105.59085684000001,7.21092,0.009035936999999987,804963.3218732071
7.1,173538.0,53,0.0,1026.2487918998177,9.701119354838708,183.726989419434,2341.252045825343,47.72125718700001,11.981190000000002,0.010708385999999988,814280.4120759995
5.853211009174312,230922.0,67,0.001567398119122257,1113.9144197768517,13.56504,278.60961754454405,3405.3345972925463,104.8461188775,10.45536,0.012450000000000003,920616.2044003257
7.257731958762887,212316.0,58,0.0014204545454545455,1289.7940083175802,12.848558730158729,489.0687972271799,7425.719207723699,349.0342867400001,6.882630000000001,0.023282951999999992,568147.950209597
8.567164179104477,156714.0,60,0.005226480836236934,1182.1165705759913,15.527262745098042,593.019933197904,8291.338674060638,97.21070449200002,7.9731000000000005,0.014920356000000003,690381.7525767083
6.9523809523809526,255449.0,56,0.0027397260273972603,1366.5129786893124,13.773382352941175,503.8062646478399,7138.594844562664,362.2868480700001,8.33088,0.01664606999999999,746495.3629989035
4.864197530864198,221631.0,62,0.0,792.955170595156,8.008259574468084,176.88810568059,2697.9630410629343,104.65608921000003,9.28557,0.01074887099999999,1041009.5507679656
6.333333333333333,200214.0,68,0.0,907.945414684899,10.218133333333334,325.717526813616,5058.6602072678415,124.00319743200004,8.05434,0.017545968000000002,774079.7445552377
9.27027027027027,218367.0,66,0.0,1280.096398689377,10.840536708860759,430.20981288038394,8217.430955488166,138.103594713,8.444790000000001,0.01711709999999999,1018493.8461246409
6.787878787878788,245197.0,63,0.004464285714285714,1772.9813043832776,10.09993846153846,426.666824618337,4732.791498827338,125.70997677300001,9.47067,0.010906451999999994,833658.5227679634
6.593023255813954,210839.0,50,0.001763668430335097,1137.787296295166,9.952469999999998,343.3689633071389,4633.361698534924,96.92902067100002,8.91063,0.013084640999999992,811215.0882010455
8.720430107526882,202339.0,49,0.002466091245376079,1637.4607705662393,16.062125333333334,599.19229701611,6276.846245285195,115.46477877000002,8.18928,0.008166869999999994,821908.0308690051
8.105263157894736,210183.0,60,0.01948051948051948,805.1086005830903,8.337609677419355,364.168659692781,6758.01534220626,103.09585317,8.02092,0.021582224999999986,729198.5527756881
7.91919191919192,230093.0,59,0.011479591836734694,1850.0759224125195,10.014747826086957,564.25040920482,6037.945383653035,328.98187321500006,7.1389200000000015,0.02121607999999997,939742.9238082981
7.734177215189874,177522.0,56,0.0016366612111292963,1347.984169475841,16.240619607843133,524.090166795456,9022.78874343469,346.8188529300001,9.478950000000001,0.021088728000000004,687402.246992489
6.6375,185685.0,49,0.003766478342749529,969.586378456708,12.840641999999999,471.00723054666696,9492.582228877733,104.00854524599998,6.793260000000001,0.021562452,725501.9410929038
7.786885245901639,195560.0,58,0.0,806.8367451659836,10.809642857142856,240.82858478826,2994.2696178012943,119.69685850500001,10.15578,0.011616029999999987,959864.1256286922
7.881578947368421,272280.0,61,0.00667779632721202,1550.431034240907,8.70477816091954,638.149984122879,6547.574583265716,84.068049258,5.90952,0.013517549999999995,569122.7025672583
7.931034482758621,219213.0,52,0.013043478260869565,1088.5358780848844,7.97743661971831,392.54577079081,7590.3124882626025,143.12874295199998,7.34346,0.015321950999999999,1004603.754922636
5.257731958762887,223009.0,75,0.0,1047.1199910394744,8.891274193548387,290.207900952,4633.773616610251,138.99865095,10.22229,0.018986235,922141.535014665
9.63095238095238,272280.0,61,0.004944375772558714,1974.2122379313807,9.930278640776699,638.149984122879,6547.574583265716,84.068049258,5.90952,0.013517549999999995,569122.7025672583
6.365591397849462,188842.0,49,0.008445945945945946,1330.1803581840898,10.9944,420.24364580879995,7254.969283351652,116.284800366,8.9856,0.012817250999999998,974144.5311297666
8.868852459016393,201000.0,64,0.0166358595194085,1157.907253269917,9.116669696969698,448.253769412584,7132.268784779907,94.642487073,18.322000000000003,0.019463165999999987,613530.401350171
7.449275362318841,241824.0,44,0.0,1234.0640711879844,9.776903030303032,477.43788490221607,10052.564775419878,86.59760544000001,10.30296,0.030431939999999984,663853.372278518
6.1,175626.0,63,0.0,972.5794392523364,9.707133333333333,357.8000090126,5935.937920857125,146.44663210500002,9.10947,0.014944382999999995,1079610.5748007242
8.456140350877194,192688.0,65,0.0,1002.8422811068463,8.661294915254237,218.78843084064002,3499.036780323062,116.74269511500002,9.581850000000001,0.013303704,979178.9044875328
8.727272727272727,226808.0,68,0.001736111111111111,980.3253946139092,10.084363636363635,397.09163205293993,8790.344505825631,340.53616881000005,6.279059999999999,0.02133287099999999,741994.5264134813
5.752688172043011,204720.0,42,0.003738317757009346,1163.5869081523674,13.138071428571429,417.56380514207103,8021.271671491222,264.25744341,9.19329,0.02477300099999999,650038.0674505976
6.891304347826087,197181.0,64,0.007886435331230283,1536.4146688191215,10.783617721518986,632.5395888923999,11962.529109433892,117.90883893000003,6.219270000000002,0.018199265999999995,761836.6347872445
11.153846153846152,178761.0,65,0.0,1015.1916650930617,9.93891346153846,378.19729225663997,5116.611947665401,95.66726604,10.24599,0.017825219999999996,788160.6850197414
7.086956521739131,166174.0,46,0.0,1050.1621257384156,9.929663636363637,493.64528146788393,6346.0932798081385,125.28997479600002,7.179630000000001,0.01001511,959665.4791645237
8.282051282051283,215133.0,39,0.009287925696594427,1470.2530905879078,10.933744578313254,639.2265058483841,13599.311928211038,316.4494005400001,7.921530000000001,0.018104711999999988,810968.937349649
7.450980392156863,187866.0,47,0.0,790.365751928518,7.382363636363636,379.42229788164,5195.92209077172,109.11889404000001,7.2555000000000005,0.014764805999999993,835527.5623660792
9.353846153846154,247500.0,61,0.004934210526315789,1410.6146499797135,10.1448,492.19253556543,8972.454129758025,149.61690819,6.172080000000002,0.014683769999999995,990760.9810028758
7.461538461538462,200189.0,49,0.003436426116838488,1096.9361197916664,11.1780375,543.2622783330961,12038.684248910089,86.71821265800001,8.193060000000001,0.028062179999999992,666302.1631105558
7.64,195799.0,62,0.002617801047120419,790.4566405929118,7.676701960784313,169.622114573372,3390.813847990838,379.11989464000004,10.840829999999999,0.017359919999999987,938134.8831900222
6.478260869565218,206805.0,68,0.0016778523489932886,1318.9168446482965,9.551893333333332,563.9910430566999,8939.361701066247,49.03250814000001,7.27584,0.02518292399999999,390095.87617078173
5.818181818181818,194210.0,71,0.0,1070.961704949437,9.743283582089552,427.837397325,7733.493879206852,133.09953072,8.07981,0.01661041200000001,897093.9574647172
6.910256410256411,201010.0,42,0.0018552875695732839,1194.5678793409202,9.43857323943662,598.045578785239,15848.15718482955,86.468982444,5.63925,0.029924729999999986,588619.8065924675
6.801724137931035,302173.0,37,0.0,1654.610744039069,12.647377777777777,538.1913650705279,6629.3881232557815,303.95612910000006,6.062250000000001,0.011799839999999989,711591.037297648
7.071428571428571,299106.0,41,0.0,1612.7818386559163,11.502418604651163,470.26842373575005,7138.393416037797,279.18755825000005,8.74854,0.016591067999999983,778142.4965184442
5.75531914893617,236666.0,61,0.0036968576709796672,1133.8208668386183,8.497861538461539,279.62620706591997,4652.416922657791,128.84585499,10.648530000000003,0.013780331999999998,1114214.7992557453
8.18421052631579,219040.0,35,0.003215434083601286,1424.4825642352364,9.806597402597403,472.17399627604,6107.381345488269,109.8830576835,4.0934099999999995,0.011056620000000001,774404.0000996251
7.610389610389611,216240.0,58,0.005119453924914676,1131.3440828402368,10.432474285714287,514.262627411184,7601.263682168822,371.3793538950001,8.42613,0.019488509999999987,721600.884166026
8.00909090909091,284106.0,39,0.0170261066969353,1878.0472901094595,11.800713829787238,561.76090954389,10254.803023908142,82.85032119000002,6.053460000000001,0.019286858999999993,647855.6628104199
5.218487394957983,238866.0,39,0.0,1266.7594471289171,10.873454794520548,474.576634108038,6496.964669061598,321.51322521000003,7.19961,0.011366724000000002,900631.7475940516
5.166666666666667,244746.0,36,0.0016129032258064516,1280.2436363636364,9.733173333333335,781.74855985814,5773.542574778166,233.75958652500006,5.116410000000001,0.012642330000000005,465296.63715843676
7.8125,230506.0,57,0.0,747.2197518689076,9.596874999999999,489.72527740265997,12442.189738845602,406.90727060000006,9.16674,0.029765940000000005,854567.8908076433
8.661016949152541,225087.0,60,0.0019569471624266144,1324.139924901166,8.551654054054053,466.618369523904,6352.995898736833,102.27893842800003,7.92363,0.01579596,732789.8217384894
5.669724770642202,240013.0,47,0.0048543689320388345,1256.067405355494,11.124824,617.8468376025601,13306.363337297524,190.62768576000002,9.03084,0.025644995999999996,543034.2633296167
7.17948717948718,217839.0,37,0.0035714285714285713,1363.0179323604686,11.760861538461537,428.86823102244,2994.0357514901843,237.30685473000003,10.19511,0.0065296529999999955,833790.118852717
8.05084745762712,207084.0,56,0.0,1052.0523589888942,9.690863636363638,349.00484465784007,5571.04091502504,97.33845127500001,8.120190000000001,0.017930240999999993,738462.730641984
6.634615384615385,213880.0,51,0.0,1414.4188846785976,12.156710526315788,173.49383581179,3420.127664578095,19.251433008000003,13.38771,0.01715947199999999,549884.6581717053
7.954545454545454,226808.0,68,0.001142857142857143,1913.387779289481,8.146527777777779,472.203997078723,6755.66508481,61.00228825200001,6.12174,0.01435202999999999,636040.7045944248
8.643564356435643,240080.0,49,0.012600229095074456,1728.7235707200955,10.673297999999999,678.180260693,15140.353978650566,96.06066720000001,3.7581,0.03194074800000001,458683.8645415931
6.769230769230769,190026.0,30,0.005681818181818182,1182.775,11.988533333333336,319.333397911494,5392.515173733325,159.30602520000002,12.20268,0.022521729,685951.8446367865
6.476190476190476,221881.0,59,0.0,1073.8735346444391,9.663837288135595,198.270256573664,4711.608753140646,64.49785052700001,10.65033,0.025366736999999986,683496.9637003599
6.987179487179487,213760.0,32,0.001834862385321101,872.8610527668563,10.45855,342.545247369468,7774.294806793821,149.33408630399998,7.100130000000001,0.019752959999999986,902514.9908727005
5.78021978021978,234764.0,39,0.0019011406844106464,1182.6070307190937,8.61929189189189,652.90758412059,15697.540700067226,61.200682725000014,5.889390000000001,0.039358769999999994,358067.7902616413
9.2,206805.0,68,0.0,250.414201183432,12.9697,405.22762065086994,6712.192552475594,178.30551885000006,5.65251,0.028397160000000008,304194.4487793849
8.052631578947368,217040.0,34,0.006535947712418301,885.8354340071343,10.660274999999999,584.347702296512,10380.095366764865,66.304959036,9.591000000000001,0.028383624,499301.4163788134
6.926829268292683,130546.0,34,0.0,639.6224015503641,10.01970322580645,234.53722682366998,1704.8086586883471,377.5874752750001,10.13979,0.006327321000000005,1038159.6392652412
7.78494623655914,215760.0,43,0.004143646408839779,1581.5275412700773,10.779934117647059,823.942332445344,14753.070850083766,115.50141819000002,4.857000000000001,0.029078712,502083.16771221504
7.125,255946.0,35,0.001949317738791423,1035.3550345288481,9.82628181818182,373.74016999935003,5765.722951896864,105.1791571215,6.39486,0.01751487599999999,717521.6167634876
5.803921568627451,257440.0,45,0.0033783783783783786,1285.2708023400571,10.217381818181817,418.29203008362,7393.289729138392,94.69415161500001,21.403600000000004,0.018223893,736313.025895593
5.6796875,263613.0,50,0.001375515818431912,1403.3535901171258,9.95271975308642,411.62760377611596,7613.002233272678,122.54491680300002,3.827280000000001,0.01616409,793362.4557346418
7.666666666666667,265840.0,40,0.005434782608695652,1262.2902415458937,12.874888888888886,663.93655781772,9409.489011480786,250.70701086000003,6.241410000000001,0.017057960999999986,611053.8947665603
8.593406593406593,236840.0,37,0.0038363171355498722,1718.459614859689,11.950088659793813,788.3996841463048,7974.823043517052,69.70338243000002,7.715370000000001,0.009700068000000004,589780.4334592039
6.838235294117647,222280.0,34,0.0,960.3532171112513,8.298198529411765,539.2403612196001,10296.363878495216,91.79243175000002,5.93784,0.021365501999999988,658640.662427168
9.56578947368421,206480.0,40,0.005502063273727648,1517.2745863748028,11.741915476190476,830.98283855112,14247.4703504656,51.07391413200001,5.549010000000001,0.025434746999999997,316653.14039245714
6.333333333333333,253160.0,37,0.0014619883040935672,1542.2411569144022,9.714319999999999,624.7544827523999,16023.693857541757,89.75722869,5.35794,0.027859313999999993,590869.1731401274
8.493975903614459,236426.0,29,0.0,1487.6503607113923,8.420385714285715,357.30651649492796,6886.76112447874,124.04212770600002,9.03237,0.016063118999999994,992561.3490918898
6.159090909090909,233040.0,31,0.0,1010.9573088015687,10.286326153846154,629.868277592064,15781.42214778679,59.421084408000006,7.59243,0.04042807199999999,396046.35233389185
5.9,247200.0,35,0.0,725.7052010456106,10.890962962962963,561.09612602736,15014.970030560895,275.82049937500005,8.74185,0.030205871999999998,759029.8486961911
5.573248407643312,280960.0,36,0.006857142857142857,2049.053895292111,11.904807692307694,440.2549699485,6148.2484783754135,367.33270952000004,7.208850000000002,0.013000730999999996,850763.785838468
7.646341463414634,226400.0,37,0.0,1205.8414456780813,9.519146153846153,347.70110775653995,8130.1928365286685,133.89664733249998,21.691700000000004,0.018013103999999988,909985.7967711957
5.483050847457627,216053.0,39,0.0030911901081916537,1181.7113658532219,13.980683050847457,640.4132296716,12038.99754419208,268.32078927500004,7.244759999999999,0.024748979999999993,576460.9176915401
4.780141843971631,292120.0,30,0.002967359050445104,1623.0780807024512,8.732202105263157,511.11957742384,10804.085781989028,115.81832724000002,5.820960000000001,0.01577516399999999,1040406.0475239976
6.03030303030303,230693.0,44,0.0,1159.092910863908,10.970068831168831,574.262149841862,8778.564305918126,105.60886135950003,8.39211,0.013422914999999997,823808.7626886909
8.881818181818181,212066.0,45,0.0040941658137154556,1675.3062710232205,13.546746464646464,211.47669694474402,5373.457263722099,25.8715688385,12.70299,0.02008978799999999,589840.4883047156
7.209090909090909,265840.0,40,0.005044136191677175,1355.5864334506539,11.892201176470591,835.3963988135009,14670.525071656586,197.96037471000008,6.30861,0.026442335999999997,432467.79547393974
8.34020618556701,213493.0,34,0.018541409147095178,1571.4578075305221,15.095301315789474,754.9322702517691,15323.629297179805,108.60594687000001,6.79791,0.02201355,610845.387952656
7.203389830508475,249973.0,36,0.007058823529411765,1700.2348048280783,12.564545454545453,944.234671692192,12728.522581687315,166.55081602500002,7.339260000000001,0.021767760000000004,410344.8901203363
5.348148148148148,203040.0,34,0.0013850415512465374,1430.2718344560242,13.048761538461537,728.25543729495,9928.945286084783,62.74051301250002,10.105020000000001,0.018523305,572960.5617379112
6.257142857142857,235173.0,46,0.0045662100456621,1445.4818868012442,9.306793548387096,260.31675976936,4168.172547755955,153.10090032000002,7.145700000000001,0.007341030000000003,1107456.448153592
6.395833333333333,215853.0,32,0.0016286644951140066,1557.134897866514,12.126958208955223,641.481867674472,16399.23988982912,240.09630774500008,7.56906,0.027474552000000006,612520.596643384
6.714285714285714,165200.0,34,0.0035460992907801418,1126.2652825836217,11.421420895522388,686.05567236096,15270.024305029165,243.91244440500006,9.03819,0.030863928,522708.2567360054
6.987179487179487,237626.0,36,0.007339449541284404,1162.5104717813051,11.449467213114756,696.2565651529952,12144.370588810429,204.26269086000002,6.6514500000000005,0.024942327,1482575.5456968704
7.681818181818182,175200.0,61,0.009861932938856016,1052.5203332672088,12.8947,513.248759663682,8077.4726418339715,45.60675286950001,10.01073,0.014591151,552361.7113793987
5.377777777777778,241626.0,34,0.0,1079.6163401180252,8.324066666666667,362.285579750002,4595.250924006391,343.3371078450001,5.893680000000001,0.011175134999999998,799103.6319868186
4.96078431372549,239106.0,32,0.0,1093.4933003504432,10.941459374999999,482.514261221643,11115.395262599483,371.75620383,8.370750000000001,0.017228685000000007,918576.9529445759
7.493150684931507,227373.0,36,0.005484460694698354,1246.5927626248988,10.59470625,441.4344908626081,7168.71119722865,225.01097311500007,7.8819300000000005,0.02396736,444889.08880822704
6.618556701030927,234413.0,29,0.0,1278.0216997484654,9.39872530120482,669.6420615797641,15738.940688433478,320.84382421000015,5.615939999999999,0.034810136999999984,508187.4467693118
7.114285714285714,215760.0,43,0.002677376171352075,1648.2764461247639,10.62250786516854,823.942332445344,14753.070850083766,115.50141819000002,4.857000000000001,0.029078712,502083.16771221504
5.663793103448276,229146.0,32,0.0030441400304414,1363.5334381727237,11.748911999999999,727.2117047364959,14405.563622026564,72.89315450550001,6.587700000000001,0.024771912000000007,501695.8596395347
7.623376623376624,293466.0,26,0.0034071550255536627,1305.2724609375,13.363054999999996,414.68909953625996,10396.066374156697,152.37350259000002,9.618450000000001,0.019899539999999997,655441.9014260441
9.283018867924527,159920.0,25,0.0020325203252032522,1122.6190476190477,12.945388235294118,715.0111923791341,15391.982498237185,246.89577088500002,7.05411,0.024787949999999993,569318.9702314077
8.676767676767676,299106.0,41,0.0,1655.4029195910541,12.079448888888889,823.942332445344,14753.070850083766,115.50141819000002,4.857000000000001,0.029078712,502083.16771221504
7.354838709677419,281680.0,23,0.0014619883040935672,1422.8785888534433,11.251367088607596,760.1128043304251,14139.648062671298,204.65533287000008,6.53046,0.03100053599999999,1201110.3811625184
7.340909090909091,217666.0,22,0.0,1128.9554107084155,11.120674666666666,639.918460330725,12227.634876084465,64.150489335,7.35321,0.028008645000000002,440356.25620273146
6.490196078431373,228000.0,20,0.0030211480362537764,1382.0905,12.189434782608695,563.37677545149,6206.680308495076,135.71270378250003,19.6081,0.010436088000000003,894282.5618086243
6.5,223009.0,75,0.00641025641025641,805.6193114364858,9.238470967741936,770.0555385867079,12335.213109687034,179.44971368500006,6.122550000000001,0.027983024999999995,360200.70008276304
7.0,276000.0,18,0.007288629737609329,1399.6126245316832,8.400275213675213,686.4970980149001,11257.317360437226,46.672211625,10.32549,0.02212518899999999,441038.7193909229
5.490566037735849,187951.0,59,0.006872852233676976,1700.2442996939308,8.828749180327868,655.777067463144,8815.037794934235,51.888696372000005,6.51807,0.021375678,388533.5337946114
8.39240506329114,188573.0,35,0.006033182503770739,1633.259381348107,10.438566666666667,953.0470518812101,17452.281455971723,99.26699478750001,3.0861300000000007,0.03175334699999999,394262.12731941976
4.796296296296297,216000.0,22,0.0,1075.4889995473065,9.102883582089552,781.74855985814,5773.542574778166,233.75958652500006,5.116410000000001,0.012642330000000005,465296.63715843676
7.1875,130434.0,58,0.008695652173913044,689.364463176575,14.710191176470587,513.248759663682,8077.4726418339715,45.60675286950001,10.01073,0.014591151,552361.7113793987
7.384615384615385,204853.0,30,0.0,325.64614372730125,12.627199999999998,431.814507861174,6730.81725951971,15.661756767000004,7.53135,0.018501179999999996,239646.3099569423
4.123076923076923,292000.0,15,0.0037313432835820895,1315.0144664733905,7.970058536585365,375.770604267754,6895.450372324111,134.83479138450002,7.19595,0.01223237699999999,1164700.9162623107
8.375,236000.0,17,0.004070556309362279,1663.0624817087473,9.898420792079209,436.6927853340301,4906.431616445753,102.00926207250001,9.926430000000002,0.009787065,989161.3998991987
5.016666666666667,248330.0,24,0.0016611295681063123,1235.737747899381,9.38011052631579,556.6997194087999,8813.771867012605,100.65479112000003,4.706430000000002,0.015248897999999988,790179.202718793
