id,id_artist,num_samples,sr,duration_ms,bpm,centroid_mean,centroid_std,rolloff_mean,rolloff_std,flux_mean,flux_std,rms_mean,rms_std,zcr_mean,zcr_std,flatness_mean,flatness_std,spectral_complexity_mean,spectral_complexity_std,pitch_mean,pitch_std,loudness_mean,loudness_std,silence_start_sec,silence_end_sec,silence_middle_total_sec,silence_middle_count,silence_middle_mean_sec,is_silent
TR597348,ART25707984,1323000,22050,60000.0,103.359375,1829.6346961717372,513.6330850155438,3632.3655355825513,1251.7027887660106,1.9132565,1.6351025,0.25654116,0.08218829,0.07586556543875773,0.0374091037230043,0.0069751963,0.012899312,2133.886541786456,353.1908013948635,166.05629487495307,82.76820766866861,-6.0999584,3.400751,0.0,0.0,0.16,6,0.03,False
TR745549,ART07024718,1323000,22050,60000.0,184.5703125,3104.8695920738,865.2680633825477,6785.379803069974,1396.2111325141843,1.4767947,1.0513371,0.24021448,0.06572293,0.14253844270027088,0.0757199482282571,0.059145395,0.057763472,2936.6651508530845,311.7367812438291,94.28480274025594,53.9553316668584,-4.7821245,2.4062088,0.0,0.0,0.0,0,0.0,False
TR324941,ART25707984,1323000,22050,60000.0,161.4990234375,2681.050055634929,830.1109644102336,5994.026254943281,1533.4351982673647,1.7234597,1.8796427,0.14166005,0.049479235,0.11201803012529024,0.06441551634291968,0.03335136,0.033335276,2762.948751192542,377.00385225472905,123.37362446442712,88.47487070739459,-6.1703067,3.5631723,0.02,0.0,0.35,3,0.12,False
TR496653,ART07024718,1323000,22050,60000.0,92.28515625,2433.401636185147,914.6931052304196,5803.939904369437,1797.5813882768714,1.5094491,1.4509109,0.29250598,0.08692997,0.07622572954963236,0.055373841920325136,0.017404854,0.022723978,2856.9409336389076,428.2942856997471,91.4591758917577,76.26511337401375,-7.3536553,3.4449854,0.0,0.0,0.6,2,0.3,False
TR910855,ART25707984,1323000,22050,60000.0,95.703125,2960.5504097159464,864.2895782955336,6550.868721126403,1524.2162761004943,1.8082018,1.6220832,0.271711,0.08331055,0.1173492526122291,0.06519389217419144,0.0360838,0.039837778,2912.308380122804,394.2203218759213,135.25530418053026,89.03671770965029,-5.228243,3.0219407,0.0,0.0,0.02,1,0.02,False
TR686371,ART25707984,1323000,22050,60000.0,107.666015625,2641.528627654206,877.0761367042807,5902.514308303503,1498.711536967063,1.9616818,1.9919199,0.078365885,0.0363608,0.10925746480746903,0.07916593447270244,0.034148447,0.044480994,2730.325993886872,374.76715668480324,119.74167062956069,88.88974557945116,-7.3501067,4.2587233,0.0,0.0,0.09,4,0.02,False
TR944243,ART07024718,1323000,22050,60000.0,92.28515625,2851.4732113675127,982.4551017717607,6195.504203300358,1751.866311606528,1.644871,1.4890735,0.2610413,0.064314075,0.13097804397252322,0.08520964202200804,0.04383814,0.054212507,2804.890826558577,404.23455753553424,122.10013406772109,94.2705827935476,-4.6762013,2.3966408,0.0,0.0,0.0,0,0.0,False
TR808663,ART07024718,1323000,22050,60000.0,89.10290948275862,2507.7268120203325,1074.470517796809,5490.200134844234,1922.6955926519342,1.781707,1.6351051,0.109577924,0.04893374,0.09788243910845588,0.0890121808595997,0.027265504,0.03809134,2684.885751700174,445.54490217129506,113.66333597633465,67.37543887615203,-7.1505175,4.1474586,0.0,0.0,0.07,2,0.03,False
TR475897,ART25707984,1323000,22050,60000.0,161.4990234375,2855.6723758307066,936.27590791798,6529.189685549898,1617.3104053905117,1.9621801,2.2032433,0.19425225,0.09806176,0.1037471050817531,0.07162828475341931,0.032177094,0.04237394,2943.667633203185,390.71439175679177,137.9887190250417,92.3410218119162,-9.168788,5.4364347,0.0,0.0,2.11,27,0.08,False
TR735029,ART25707984,1323000,22050,60000.0,99.38401442307692,2356.10627991688,732.0012425439636,5588.362041272615,1482.6596780908915,1.9221705,2.4404447,0.26030686,0.10325725,0.07762745954672988,0.043253661924351025,0.01936984,0.02536859,2754.3265527198046,377.1218033324512,91.56867903160787,78.33935043145499,-6.5856905,3.7837014,0.0,0.0,0.14,5,0.03,False
TR788528,ART07024718,1323000,22050,60000.0,172.265625,2327.0602645700396,1153.752589872767,5316.8803495519305,2328.898094859091,1.4130591,1.5639045,0.30894318,0.13847615,0.07425540888641641,0.07576963984331697,0.01798334,0.03410198,2651.0210663542516,634.9087388191716,146.49734369655354,104.95851142428238,-6.086783,5.992777,0.0,0.0,2.04,2,1.02,False
TR831827,ART25707984,1323000,22050,60000.0,89.10290948275862,2890.312932947017,975.0216013410433,6366.56983555655,1542.7251012014215,1.8735455,2.3336277,0.26634702,0.13512348,0.1325579663917376,0.09315586633494304,0.049544215,0.056041386,2864.8022056349664,350.6867279160665,123.27817166747317,81.5778966021443,-7.9077306,4.817044,0.0,0.0,0.46,16,0.03,False
TR273414,ART25707984,1323000,22050,60000.0,123.046875,2096.6107550791944,971.9903507532682,4890.2662625622825,2312.255627797286,2.0477579,2.340491,0.28963283,0.08518774,0.05254276618130805,0.04678439712407129,0.011284302,0.022781715,2612.4357696946167,584.2525558658616,98.21561245044293,74.0607062604667,-6.0181775,3.4123254,0.0,0.0,0.77,8,0.1,False
TR946148,ART07024718,1323000,22050,60000.0,123.046875,2712.4872734076785,1482.189729308083,5857.78124546488,2935.457611345334,1.2976577,1.4278833,0.10422885,0.101792395,0.12730950984423375,0.11218102978293476,0.043935448,0.06508687,2629.9161397621465,932.161663699803,119.15905271809022,102.40482180193577,-22.217966,13.598003,0.0,0.0,26.73,21,1.27,False
TR148805,ART25707984,1323000,22050,60000.0,95.703125,2700.3561629543497,969.0310119041958,5837.4688682910455,1717.41265556429,1.893165,1.8877119,0.08031238,0.04050035,0.1203029384553986,0.07853220177948678,0.034215283,0.04334379,2629.207680843798,504.44689372340207,195.31079726764878,104.6250898413046,-8.25178,4.5758414,0.0,0.0,0.53,17,0.03,False
TR705159,ART25707984,1323000,22050,60000.0,129.19921875,2505.986137697585,1121.2732413029614,5344.871846957842,2063.3970208037726,1.918635,2.2260382,0.22962002,0.08321074,0.09586884584220201,0.09125319823523415,0.0289048,0.049390927,2556.5262983158063,568.4655457633953,95.46794081962477,48.05979855466078,-6.559166,7.376566,0.0,0.0,2.88,7,0.41,False
TR903036,ART25707984,1323000,22050,60000.0,99.38401442307692,3109.3286398368123,808.092597731827,6436.015248962969,1329.8786038404612,1.5814621,1.704329,0.07111908,0.029093755,0.15733635019591719,0.08391996893953228,0.061497886,0.061270278,2812.0829885891603,337.9110209278317,133.79841224545657,102.36372384093397,-6.14773,4.448361,0.05,0.0,0.09,2,0.05,False
TR402241,ART25707984,1323000,22050,60000.0,123.046875,2885.929260880228,559.7625839693595,6392.573844980529,856.1901176526027,1.3973763,1.0137849,0.13935223,0.038343374,0.12496768727022059,0.048503082190222126,0.021932717,0.018287262,2823.7777856860216,208.16999346388693,162.03363928146504,114.80600990610647,-5.2880535,2.9085808,0.0,0.0,0.19,4,0.05,False
TR943904,ART07024718,1323000,22050,60000.0,103.359375,2629.7987242125914,1141.2802389617455,5807.073218756047,2142.484711985507,1.7936143,1.9857707,0.2736248,0.09427901,0.09480630502612229,0.07652057971170298,0.024713088,0.033647753,2787.895190026699,508.82726534566973,122.73726232930561,124.82034658673075,-6.734028,4.103057,0.0,0.0,1.0,4,0.25,False
TR300734,ART07024718,1323000,22050,60000.0,161.4990234375,2760.350655761045,1026.068849744719,6539.685455416748,1838.6655347893757,1.6557904,1.5058903,0.29111877,0.0872373,0.1011082321497678,0.07904448516485145,0.03139646,0.040900517,3017.357521229229,435.87311679278616,127.55325468933184,76.49526575633982,-6.1778727,2.9091034,0.02,0.0,0.14,2,0.07,False
TR368909,ART25707984,1323000,22050,60000.0,117.45383522727273,2431.5608255106918,802.904708511598,5447.612892363462,1647.4457382451506,1.7914748,1.8289694,0.22701138,0.11217716,0.11177596809694272,0.06313724717561685,0.033365928,0.044548206,2608.90710743681,435.3940447842586,125.23627577191526,87.34925119450816,-8.823743,4.2054734,0.0,0.0,0.28,7,0.04,False
TR503521,ART25707984,1323000,22050,60000.0,117.45383522727273,2034.366897647446,812.5814981382134,4491.114509511658,1716.9969055859665,1.6485325,1.6912364,0.21855542,0.042887464,0.06647352094620743,0.04171413789319555,0.011862132,0.015391385,2345.099575975007,491.949983225526,82.66687026456086,52.27819241699921,-6.077685,1.6517125,0.0,0.0,0.0,0,0.0,False
TR539870,ART25707984,1323000,22050,60000.0,123.046875,3559.20819477846,813.1457740429527,7011.6951012389945,1093.2581564320262,1.6189322,1.5231808,0.29663703,0.07753829,0.17675403323335914,0.0801297505655655,0.0690221,0.05116278,2920.4217738989887,300.48307576754223,140.32411634794914,95.89151370488513,-5.060561,2.8291423,0.0,0.0,0.05,1,0.05,False
TR955916,ART25707984,1323000,22050,60000.0,99.38401442307692,3127.589973936687,705.0625946697378,6532.535498651558,1033.7618402870523,1.5553832,1.7121707,0.31472722,0.07816156,0.14303295974022834,0.06424777184370573,0.047889438,0.04006741,2867.402117743583,260.5852043659845,113.5259825171494,73.53246355150476,-5.522183,2.4098532,0.0,0.0,0.05,2,0.02,False
TR636326,ART07024718,1323000,22050,60000.0,92.28515625,2328.346471664297,1034.0179482909482,4945.936759263738,2209.8214613418013,1.8938619,1.9597802,0.21546733,0.075226784,0.08737324339686532,0.06333254484391176,0.020289889,0.029880561,2579.6749472386427,551.2393856767585,90.22317960699777,58.208866621604656,-7.050507,3.201196,0.0,0.0,0.0,0,0.0,False
TR403288,ART25707984,1323000,22050,60000.0,103.359375,2284.3222832212973,665.1825602148467,5086.506742589614,1521.63884953256,1.607586,1.4579737,0.30579978,0.0772406,0.07958795411667957,0.04922125651349939,0.021505617,0.028907342,2505.4174519146313,421.5352357893802,118.37208074793061,104.82629430180829,-4.6677966,2.3596203,0.0,0.0,0.0,0,0.0,False
TR480259,ART07024718,1323000,22050,60000.0,129.19921875,2888.459623468466,985.0612442382818,6258.170491032556,1882.9975479089471,1.623044,1.8259892,0.36225665,0.16993484,0.13304454697174922,0.09049885257279794,0.058803923,0.06399914,2787.8251120986697,554.0872823109794,107.51389581819866,78.86144655251923,-7.614733,5.774883,0.0,0.0,1.67,7,0.24,False
TR609770,ART25707984,1323000,22050,60000.0,86.1328125,2507.3246623267587,916.7865702333135,5686.4989478521675,1798.076364841759,1.7591387,2.3159232,0.26468718,0.116071075,0.07951841561048761,0.05181977027816187,0.021522986,0.027438076,2711.111323431149,476.87883679719664,84.5046929605574,29.58539562711707,-8.0106535,3.963243,0.0,0.0,0.63,5,0.13,False
TR224256,ART25707984,1323000,22050,60000.0,92.28515625,2439.377428458142,1307.7113726501782,5409.396456786353,2598.0755467133918,1.9668286,2.3527052,0.23670757,0.15186743,0.0886400535748839,0.08713147890633878,0.023894625,0.037007328,2650.3511023399346,740.7491466118797,142.24034920191016,87.26388668758497,-9.715712,6.293677,0.0,0.0,3.81,21,0.18,False
TR961564,ART25707984,1323000,22050,60000.0,86.1328125,2823.8139901863747,1006.0539860305762,6368.598989953198,1688.450917154573,2.013934,2.2061265,0.366839,0.11916616,0.09524847922310371,0.06854244436775198,0.03054797,0.03936202,2903.908769779893,392.62805864201124,106.21421152407291,70.89967087408615,-5.6818113,3.2715168,0.0,0.0,0.12,3,0.04,False
TR250056,ART25707984,1323000,22050,60000.0,103.359375,2943.9648374190515,790.8381972727777,6836.346161550044,1256.8388576898633,1.654024,1.6148832,0.20355806,0.07477609,0.1139242922189435,0.05613290626095104,0.034277286,0.028771471,3040.699710330811,316.05070263776946,126.67748436305507,91.43993664852633,-6.435079,3.1444097,0.0,0.0,0.0,0,0.0,False
TR803061,ART25707984,1323000,22050,60000.0,161.4990234375,3150.7012851443083,700.245788419015,7010.003444801543,1178.1949416118382,1.5119208,1.4458315,0.26787338,0.0802379,0.14378711239841332,0.0596083443412908,0.052165076,0.042237587,3032.0093565335133,308.3487116994414,112.4161768087791,94.03308640607334,-5.397611,2.6959262,0.0,0.0,0.0,0,0.0,False
TR660156,ART07024718,1323000,22050,60000.0,184.5703125,2108.2828395304796,744.8320490932913,4953.524213383442,1969.8627402560974,1.7860032,1.6944661,0.27366,0.10842596,0.05396792763157895,0.0446991040226044,0.010753405,0.016303485,2645.568056546733,518.2731297161,81.69219635696749,59.326046976855835,-5.673873,3.919496,0.0,0.0,0.02,1,0.02,False
TR174989,ART25707984,1323000,22050,60000.0,172.265625,2529.4927773278496,966.316545397817,5617.1827003313665,2089.287006132325,2.0707183,2.5751574,0.12696494,0.04052271,0.09255612966815016,0.06874330572628634,0.02920074,0.046900664,2763.7233421492892,511.3136636462663,118.79812041140865,79.93327994186568,-5.261731,3.3168397,0.0,0.0,0.23,6,0.04,False
TR357474,ART07024718,1323000,22050,60000.0,184.5703125,2665.122489308999,880.3373715869868,5999.56788810045,1896.179116919938,1.729543,1.6489382,0.32569984,0.10061295,0.09921444163602941,0.061081940424302344,0.028338972,0.035899315,2826.688023943362,444.8205988622239,139.17797308459254,110.87387692255624,-5.20208,3.217559,0.0,0.0,0.12,1,0.12,False
TR253898,ART07024718,1323000,22050,60000.0,123.046875,2421.498340535052,839.1234650656685,5780.4275465454475,2054.7021589772908,1.4629426,1.3556881,0.29147115,0.088037364,0.0830318108431695,0.04923971989854436,0.018655252,0.023991743,2724.6461609374405,537.0275716590362,107.2182570711879,82.22789996220689,-5.8000736,3.3976898,0.0,0.0,0.37,1,0.37,False
TR802307,ART07024718,1323000,22050,60000.0,103.359375,2470.677668944362,883.865678429084,5470.321088383442,1724.358282239157,1.7917045,1.6937346,0.387743,0.07989802,0.08059664038312693,0.05825475181607615,0.025796784,0.03696861,2647.737815125296,475.22039974241824,95.93636424930304,45.665593595071456,-4.46472,2.0013084,0.0,0.0,0.0,0,0.0,False
TR198241,ART25707984,1323000,22050,60000.0,107.666015625,2503.849319036531,926.8163145147613,5506.108371982634,1889.9082810177292,1.5529728,1.4927455,0.2552643,0.09907846,0.09359429421439629,0.0663527443451313,0.01886785,0.027263615,2597.5819956655396,558.9140262795809,136.19371811900672,104.1751581086124,-8.203633,3.9434366,0.0,0.0,0.86,15,0.06,False
TR958743,ART25707984,1323000,22050,60000.0,151.99908088235293,3000.743711546527,817.0141596398944,6478.164994089227,1404.8957427694775,1.530774,1.1950539,0.25486055,0.06109819,0.12507539636948528,0.07380946028061676,0.04674394,0.044506073,2863.1068956808713,351.7357979661368,98.48283374480883,68.04502845126763,-3.3559577,2.413489,0.0,0.0,0.0,0,0.0,False
TR414333,ART25707984,1323000,22050,60000.0,117.45383522727273,3060.9003558901777,802.8752269759268,6540.902114726441,1113.3066985410926,1.6973314,1.6560078,0.24959888,0.083290964,0.1353943060057082,0.07304833005289788,0.039887156,0.037038486,2897.3839949057924,306.5012345600845,132.5666454301401,84.63893589898306,-5.8912206,3.1292543,0.0,0.0,0.02,1,0.02,False
TR988738,ART25707984,1323000,22050,60000.0,151.99908088235293,2886.0811837508554,796.3442574714458,6291.57862235149,1306.9082136940108,1.6943,1.5074809,0.34642687,0.09847692,0.1170641069441757,0.06974178867593328,0.035152614,0.03966998,2847.8536429567066,331.3595804219833,123.58535741066882,88.85464837829615,-4.6282516,2.841014,0.0,0.0,0.05,2,0.02,False
TR234738,ART25707984,1323000,22050,60000.0,89.10290948275862,2431.8236797606155,858.2134174283801,5517.566636029412,1745.3813967252188,1.8644859,1.797781,0.112619795,0.054445274,0.08874908541747291,0.05317491538125027,0.019063657,0.027029783,2681.9918681849363,448.47179796360865,163.7767863598699,86.12831653593182,-9.963673,4.6925573,0.0,0.0,1.56,38,0.04,False
TR532822,ART25707984,1323000,22050,60000.0,99.38401442307692,2265.918177926919,741.0176418288969,5121.55653064834,1656.027319321146,1.484905,1.4170097,0.28044283,0.11291286,0.08980992556356424,0.053570290551072416,0.02062304,0.027531203,2548.6243220787583,410.12335484073515,106.10294565820563,78.44074192725114,-7.1051254,3.9018712,0.0,0.0,0.09,1,0.09,False
TR975112,ART25707984,1323000,22050,60000.0,107.666015625,2900.9271029526926,696.2915998804797,6488.419098750725,1162.9736445952142,1.4421735,1.0957195,0.29418117,0.083076194,0.12523261386174536,0.07028520955348735,0.04243442,0.047053546,2863.8167461560124,295.1053377945945,123.40288267963516,105.21489573882346,-4.3208184,2.848618,0.0,0.0,0.02,1,0.02,False
TR576460,ART07024718,1323000,22050,60000.0,123.046875,3271.109753726877,655.5070010407954,6977.032810837122,996.3244370163222,1.6003847,1.5766747,0.31025743,0.08732973,0.1504159460864938,0.06179690533078992,0.053034704,0.045593064,2957.038424710725,243.22937583313848,148.00909044214163,114.09165149221697,-4.70524,3.0702085,0.0,0.0,0.05,1,0.05,False
TR265400,ART07024718,1323000,22050,60000.0,123.046875,2634.4504122620524,984.9117723225575,5904.185131533596,1792.4068713516215,1.6135393,1.5584183,0.3461124,0.06752353,0.08407526636271284,0.05103303489762433,0.020288728,0.027289107,2780.5632295755486,425.8433024866249,88.21927791849993,35.10069084774777,-3.3840094,1.9025226,0.0,0.0,0.0,0,0.0,False
TR703446,ART25707984,1323000,22050,60000.0,89.10290948275862,2723.668888645426,832.8131798362683,5329.430273664256,1566.0108443284182,1.9117526,1.667753,0.13591729,0.07444526,0.14903519101925308,0.0751481963355208,0.035656642,0.047150806,2395.0566406680714,411.99004086086524,226.6291028317733,72.68264513595544,-12.121129,5.747806,0.0,0.0,6.8,89,0.08,False
TR253127,ART07024718,1323000,22050,60000.0,123.046875,2501.7068325857176,1150.3250219783054,5665.453241779339,2382.103887244946,1.5386069,1.4387151,0.20744352,0.08000087,0.08475194405476007,0.06764297873546163,0.017454987,0.027912354,2797.763818655393,609.4795504645629,125.53361221158474,80.62572578132884,-7.0488143,3.8162231,0.0,0.0,0.02,1,0.02,False
TR226814,ART07024718,1323000,22050,60000.0,123.046875,3046.552366996663,856.5435150553387,6396.2988224561,1401.6741015104626,1.68575,1.7275646,0.25095978,0.08673928,0.13868472450657895,0.09014556190789738,0.05226232,0.060586575,2794.89642102932,353.0346210313586,99.150242404343,79.7794879260903,-5.6319404,4.083756,0.0,0.0,0.07,1,0.07,False
TR232256,ART25707984,1323000,22050,60000.0,107.666015625,2906.412615726002,784.630070204866,6792.288094629814,1374.8258714096462,2.1212585,2.4178183,0.2797213,0.11975854,0.09799430540102554,0.06862354577852245,0.028022328,0.033299867,3031.54022800362,335.03805725302914,156.99172148406987,109.63526036994402,-7.130008,4.5455256,0.0,0.0,0.7,19,0.04,False
TR343758,ART07024718,1323000,22050,60000.0,89.10290948275862,2350.5049934705785,910.0634854000485,5104.6066331420525,1922.1322956363442,1.9087273,2.045096,0.133458,0.05938847,0.0893497998500387,0.05474947830199578,0.021160899,0.029489826,2582.383785545436,515.7767832355353,105.32343894630657,58.683156553055134,-7.252523,3.9948764,0.0,0.0,0.21,4,0.05,False
TR382463,ART25707984,1323000,22050,60000.0,117.45383522727273,3213.465204607265,729.5982685792228,6986.9535841808965,900.206928496382,1.6408136,1.7518809,0.25966507,0.106407315,0.13604849706124225,0.08386926034617584,0.05127237,0.053624976,2998.2954347767054,233.29389954652765,124.26450969839776,76.20098752800101,-7.3927035,3.947681,0.0,0.02,0.42,9,0.05,False
TR553134,ART25707984,1323000,22050,60000.0,92.28515625,2125.791197598685,593.7667369926356,4322.557195421343,1753.7875079138785,1.7018952,1.5753783,0.09129017,0.04092896,0.10211861908620357,0.03858549405517953,0.009905046,0.012869629,2231.2680554842063,439.78558645705334,231.80381218229698,109.57744851053707,-10.142164,4.0138025,0.0,0.0,0.44,13,0.03,False
TR546164,ART07024718,1323000,22050,60000.0,123.046875,2470.3815310662944,867.1006543730215,5762.669320593677,1963.0970635009494,1.7086252,1.630529,0.34320244,0.08083764,0.07935345062161378,0.05720130548341272,0.020490732,0.03196626,2802.0165630880642,480.4932430441669,101.25344875841196,63.27382763119871,-4.003874,2.4642038,0.0,0.0,0.0,0,0.0,False
TR957680,ART25707984,1323000,22050,60000.0,172.265625,2802.2521802863034,1101.1641973730425,6318.590959011586,1942.8223739653197,2.0272214,2.4327824,0.2651272,0.10431533,0.09754060444078948,0.07558931367482964,0.030598111,0.045295797,2913.3392143390183,499.43659987848446,91.68996209384629,55.0811058898383,-6.506381,3.8390417,0.0,0.0,0.05,1,0.05,False
TR345528,ART25707984,1323000,22050,60000.0,151.99908088235293,2730.360522967896,773.2209190054256,5964.843098076504,1391.2337425078056,1.6193489,1.3599286,0.27364218,0.07894449,0.11615349264705882,0.05683187366521909,0.03388011,0.041449845,2733.3652504736006,356.48011364869814,118.49979403792051,88.63631757105547,-4.9281178,2.7077742,0.0,0.0,0.0,0,0.0,False
TR871111,ART25707984,1323000,22050,60000.0,172.265625,2529.4927773278496,966.316545397817,5617.1827003313665,2089.287006132325,2.0707183,2.5751574,0.12696494,0.04052271,0.09255612966815016,0.06874330572628634,0.02920074,0.046900664,2763.7233421492892,511.3136636462663,118.79812041140865,79.93327994186568,-5.261731,3.3168397,0.0,0.0,0.23,6,0.04,False
TR233630,ART25707984,1323000,22050,60000.0,89.10290948275862,2480.126396994358,792.9058960122998,5682.2573068341235,1454.7134327361014,1.6133765,1.7636676,0.30399895,0.09894444,0.08003164002031733,0.05795553423527029,0.019848721,0.028297829,2703.6601296634717,418.498462522847,114.75565366875847,82.36718372897805,-5.5109835,3.5425012,0.0,0.0,0.09,3,0.03,False
TR508264,ART25707984,1323000,22050,60000.0,99.38401442307692,2505.402780463786,949.4974053054333,5827.856426416167,1949.6411666389677,2.016161,2.1602848,0.4029335,0.098612696,0.06389776176712461,0.05107998920224088,0.018352645,0.03066564,2793.653579086974,538.7435018962893,124.3183733240483,105.61284287197921,-4.030987,3.0747151,0.0,0.0,0.28,5,0.06,False
TR249890,ART25707984,1323000,22050,60000.0,143.5546875,2560.5934077121588,669.9983071665032,5598.1786485796,1284.9729612025021,1.3951434,1.2041243,0.28765973,0.09476913,0.0963134765625,0.05564670044376107,0.029357364,0.029950207,2642.795087077971,344.904115040634,99.64721163595529,81.61471350942539,-5.0209613,3.4212954,0.0,0.0,0.37,5,0.07,False
TR264422,ART25707984,1323000,22050,60000.0,92.28515625,2624.2846185723515,597.6727519644917,6023.6010761083835,1323.0343535526274,1.4430865,1.3607985,0.19286834,0.0735798,0.10358837588283669,0.043656390630026826,0.030271973,0.0363087,2773.1105070803915,304.86974621141707,179.47678597031026,128.8281074285376,-8.674843,3.7675009,0.0,0.0,0.65,9,0.07,False
TR942520,ART25707984,1323000,22050,60000.0,123.046875,3070.181594356145,962.3200765956286,6422.7194960272345,1318.2924568110172,2.1082804,2.4963388,0.27498814,0.12741919,0.140790720842202,0.10533415255659094,0.04383428,0.050978474,2819.3394284992587,308.87806750212826,157.72025968772684,105.48083154739304,-8.402001,6.7574496,0.0,0.0,3.02,29,0.1,False
TR701532,ART07024718,1323000,22050,60000.0,95.703125,2583.4025527843787,848.8317066971348,5807.677381769422,1732.786969839759,1.3123478,1.049201,0.31214592,0.10093554,0.09171127461058437,0.05597756953029996,0.028036855,0.040637225,2741.5707635517347,460.16216539838206,81.7032185424619,43.96226139266174,-5.449865,3.1685946,0.0,0.0,0.05,1,0.05,False
TR367642,ART07024718,1323000,22050,60000.0,92.28515625,2810.586657223028,817.4689372699653,6175.3418252195,1356.482719191702,1.3495393,1.1953173,0.29545498,0.0775641,0.12273357379547213,0.0695319097226954,0.03392751,0.034155678,2789.9708990813715,337.70016913944227,84.23971468198752,59.50397205792722,-5.4296503,2.4313033,0.0,0.0,0.0,0,0.0,False
TR498962,ART07024718,1323000,22050,60000.0,129.19921875,3146.1518403272735,739.5607735523306,7009.536780956729,1207.0706247039461,1.5079523,1.4703885,0.32103896,0.11321228,0.12579572459123453,0.06706368959898718,0.041864865,0.034539476,3018.4580233744773,301.67692823286643,108.39209863558392,78.70514951142985,-5.6214104,4.247123,0.0,0.0,0.67,4,0.17,False
TR434327,ART25707984,1323000,22050,60000.0,103.359375,2644.25565519711,857.4613599868441,5922.914184948239,1548.1027425129107,1.6970141,1.7877163,0.26980278,0.0959972,0.09497259275832043,0.06146995109575433,0.029983332,0.035703275,2766.838456215129,399.9901602405983,80.25620569291111,42.905426961796614,-7.651399,3.0927062,0.0,0.0,0.23,1,0.23,False
TR405648,ART07024718,1323000,22050,60000.0,123.046875,1822.9320569545691,526.5515471973367,3637.590503987882,1287.9096759990935,1.6083145,1.1183193,0.2773225,0.07663686,0.08109796010303792,0.03331505648337634,0.0062333527,0.007870467,2043.8256709884965,335.99627503569593,128.1681837198771,90.84658241415408,-5.906328,2.5771687,0.0,0.0,0.0,0,0.0,False
TR219551,ART07024718,1323000,22050,60000.0,129.19921875,2413.811373619156,984.5577901980763,5192.406102230674,1971.2017915162814,1.4883474,1.2266806,0.34016892,0.0909881,0.10194855208736456,0.06217040243769968,0.024275208,0.03279201,2553.751497731846,591.8085191830751,119.59615605218005,70.29570585120459,-5.0041785,2.5823452,0.0,0.0,0.12,1,0.12,False
TR161567,ART07024718,1323000,22050,60000.0,112.34714673913044,2756.025601827835,918.8817584372746,6244.120575990471,1703.6991956280583,1.7023454,1.6363379,0.11824336,0.0284685,0.11505051367792182,0.08091569885098733,0.03457161,0.039519083,2870.365154578151,395.8652276956952,86.49216123798271,53.17064100703677,-4.208618,2.5479288,0.0,0.0,0.07,2,0.03,False
TR531180,ART07024718,1323000,22050,60000.0,129.19921875,3089.0683876098483,947.5242933304564,6596.826776557663,1694.8922085070838,1.4455469,1.0273997,0.3451626,0.08306706,0.12570558908184984,0.08110021840186599,0.048441596,0.053441826,2928.8746637053337,399.08990104176064,92.34149777133922,51.77954353015695,-4.7160254,2.2463734,0.0,0.0,0.0,0,0.0,False
TR245679,ART25707984,1323000,22050,60000.0,151.99908088235293,2393.989730798906,711.9931709536598,5440.192103902622,1511.0398473512896,1.8071402,1.4922068,0.11631934,0.04677627,0.09469859592685759,0.052012577920803424,0.02059465,0.02625086,2623.1954505709323,389.328236057418,162.48993302497263,93.64215528628489,-8.543287,4.11312,0.0,0.0,0.81,11,0.07,False
TR177789,ART25707984,1323000,22050,60000.0,135.99917763157896,2726.8849219594526,722.4915176204706,6035.759335922383,1101.4952798717366,1.970671,2.0563774,0.2834692,0.122198574,0.11434133429276316,0.06667987234807052,0.031076115,0.035184905,2734.0066684250082,285.6597435418613,152.35101952911458,102.13824524849804,-6.577758,4.263509,0.0,0.0,0.42,13,0.03,False
TR497858,ART25707984,1323000,22050,60000.0,123.046875,2494.041660688894,653.8985712945351,6056.750875656081,1432.3130612714049,1.8545791,2.1208386,0.30276462,0.08536485,0.07005777742840558,0.03387739257053806,0.0149207525,0.019599421,2886.2156772249273,358.7066405582411,71.86007139696065,52.073885762745,-6.196518,2.5025353,0.0,0.0,0.0,0,0.0,False
TR328499,ART07024718,1323000,22050,60000.0,99.38401442307692,2766.0559263929667,796.1954688834055,6389.4071974621465,1516.4181408379893,1.5228615,1.4923397,0.26845238,0.0673245,0.09297732893527477,0.05894540148483324,0.033074107,0.040218607,2916.084250792436,381.47135699596083,82.21122139731652,54.49725413507771,-4.546883,2.5610106,0.0,0.0,0.0,0,0.0,False
TR316521,ART25707984,1323000,22050,60000.0,86.1328125,2922.225699272333,1023.4960739754072,6300.995232077206,1878.748965744,1.6065791,1.7400008,0.26758885,0.123124115,0.13045423761609906,0.08982354871810072,0.049678933,0.054515824,2756.5890623582786,615.1052170356379,143.94103999118448,106.55624680061963,-8.27427,5.486509,1.18,0.0,0.05,1,0.05,False
TR614818,ART07024718,1323000,22050,60000.0,172.265625,2565.6099671408037,889.821211900739,5491.7959585278395,1741.3918518591097,1.7123591,1.5614926,0.237358,0.07419533,0.11212384959123452,0.06341267132821041,0.034181565,0.040638667,2602.0998873996223,434.24028749251016,111.97152842381153,63.65636456296057,-6.212221,2.8778017,0.0,0.0,0.02,1,0.02,False
TR866727,ART25707984,1323000,22050,60000.0,123.046875,2649.253446608895,728.70924897896,5905.118459223225,1163.8595848059383,1.5489459,2.0046825,0.26088595,0.08826724,0.10274673320191563,0.06173107992997343,0.017667182,0.020424066,2728.7058798820035,298.49521956647266,130.58643381348264,97.05009636118322,-5.77375,4.651957,0.0,0.0,1.18,19,0.06,False
TR156022,ART25707984,1323000,22050,60000.0,135.99917763157896,2377.712222647327,935.4067490000956,5619.370187103933,1923.9809727330749,1.6814624,1.8108535,0.3041318,0.11000893,0.07068211227747678,0.04110040595503107,0.017762609,0.022418259,2779.906066875089,513.3810200942556,138.27481049685844,97.68237101147118,-6.2354503,3.5197213,0.0,0.0,0.0,0,0.0,False
TR904041,ART25707984,1323000,22050,60000.0,117.45383522727273,2595.694089682293,824.1687958944067,5763.460982473273,1501.5490523240926,2.124602,2.7104151,0.2790243,0.11548413,0.1047646726248065,0.06444867940740301,0.032223806,0.03811283,2701.0378817938795,353.85732464638005,154.67921055558944,92.2513520170866,-7.1419554,3.705882,0.0,0.0,0.09,4,0.02,False
TR733092,ART25707984,1323000,22050,60000.0,184.5703125,2493.8829978587733,967.9665805240406,4923.511894863826,1916.1120636940216,2.2273693,2.5143652,0.24879488,0.10246212,0.11405618862470976,0.069653452956474,0.03045182,0.04034195,2424.085385026819,493.0364152616729,132.82234018565038,97.8331657232355,-7.16843,3.534704,0.0,0.0,0.12,2,0.06,False
TR887990,ART25707984,1323000,22050,60000.0,107.666015625,2695.6040326323478,693.738663294706,6011.617815236189,1202.195943102791,1.4546261,1.1596466,0.33430192,0.11328967,0.1171068126572175,0.06312380266566969,0.03596948,0.03941565,2729.991788507986,299.7009604819055,145.72426653551366,111.5630474734525,-5.1637883,3.3493636,0.0,0.0,0.12,3,0.04,False
TR700280,ART25707984,1323000,22050,60000.0,99.38401442307692,2667.475718817162,990.8683777517423,6032.851020175237,1782.2293864877406,1.9478339,2.018377,0.3021865,0.13405156,0.0888471573868034,0.08079364553544544,0.026628114,0.041341864,2815.5114868590645,445.2824528581365,140.14263645550903,94.65324828516327,-5.9181995,5.256815,0.0,0.0,1.56,19,0.08,False
TR709968,ART25707984,1323000,22050,60000.0,161.4990234375,2642.7785691218955,864.8408604829186,5874.19781286281,1250.0538741411913,1.8921057,1.8752401,0.27583775,0.091928884,0.09913035295327012,0.06954306333882856,0.022583267,0.029688278,2729.695725635714,325.1640725936409,131.34357365389565,80.3090781152518,-5.5027976,3.9540102,0.0,0.0,0.74,10,0.07,False
TR816395,ART07024718,1323000,22050,60000.0,99.38401442307692,2793.57302891458,836.2665687350708,6127.26711592069,1528.3966369015075,1.5569916,1.2708759,0.3103857,0.093831144,0.12023736817917957,0.06702443083786776,0.038745172,0.043438304,2791.6668171463507,385.207517748364,141.23771372501395,84.71502976059216,-6.2535267,2.6884162,0.0,0.0,0.0,0,0.0,False
TR219883,ART25707984,1323000,22050,60000.0,89.10290948275862,2784.943025066193,848.7237496055925,5902.701807169722,1282.1778843454113,1.8733821,1.8756229,0.3066936,0.08526861,0.11383850286619582,0.07025179257687607,0.032988295,0.03850385,2689.554862552554,332.81570951544506,149.69234055633336,84.7431808204259,-5.1568646,3.5739603,0.0,0.0,0.51,7,0.07,False
TR828726,ART07024718,1323000,22050,60000.0,103.359375,2149.3440933355164,856.9505970660615,4749.983777497944,1906.111278646626,1.5102478,1.3058199,0.2904124,0.0835261,0.08356506536619582,0.0575725183432388,0.017368896,0.02606841,2505.265721064027,508.48645480413694,112.80881563289414,79.34361811486208,-5.7051353,3.2829156,0.0,0.0,0.58,1,0.58,False
TR519371,ART25707984,1323000,22050,60000.0,129.19921875,2816.4624765571957,979.6306663127901,6158.1419292249175,1646.1994096152764,1.7769549,1.8678346,0.2788853,0.08839872,0.11809244539715558,0.07932487454549712,0.03612924,0.046117745,2830.1842199830703,409.2022997544543,132.4691746113555,84.78128161275069,-5.340667,3.270528,0.0,0.0,0.19,3,0.06,False
TR708095,ART07024718,1323000,22050,60000.0,143.5546875,2646.7870636020302,1115.7530190889372,6063.009171146357,2330.82793891311,1.734357,1.8410878,0.2399716,0.07914146,0.09113474748452012,0.07257189613783999,0.026363403,0.040509537,2848.1029823499834,636.0683140731395,85.70827694582005,41.23798538135899,-5.503584,3.657035,0.0,0.0,0.46,2,0.23,False
TR313565,ART07024718,1323000,22050,60000.0,129.19921875,2920.3804597364474,819.4699942647002,6033.55518258393,1460.000297286678,1.6667728,1.7909389,0.31660056,0.10571906,0.13574143164667182,0.07369273274776066,0.045639485,0.043357536,2671.0963415289098,390.45858181998085,108.62289372079724,66.21109041800533,-5.9379125,2.9144828,0.0,0.0,0.0,0,0.0,False
TR518927,ART25707984,1323000,22050,60000.0,161.4990234375,2569.3741463406845,1080.7256984101232,5680.573983679615,2075.7889143402363,1.8891195,1.920694,0.26706156,0.12151485,0.09413435141737617,0.08000481568835802,0.024283785,0.037075344,2763.580986227292,501.4543411366801,124.64768839793017,71.42812437125475,-7.643668,4.796681,0.0,0.0,1.46,18,0.08,False
TR451705,ART25707984,1323000,22050,60000.0,151.99908088235293,2433.8603044581937,767.4228910158889,5464.071126176108,1496.4957756111282,1.7714727,1.7622695,0.31391776,0.12432824,0.07295496323529412,0.05100395269097842,0.01710549,0.025275411,2633.295648389299,404.4086284701526,100.99426974559175,41.362229461436,-6.6561804,4.089255,0.0,0.0,0.0,0,0.0,False
TR844218,ART25707984,1323000,22050,60000.0,151.99908088235293,2564.6227788448746,952.2373823338146,5629.582625350716,1590.577100616027,1.9004991,2.0534012,0.28746185,0.13023917,0.08875607706075851,0.07195824049240701,0.024647579,0.03608925,2654.006124520275,388.27301716419356,108.03349552105381,84.85299940559047,-9.0087185,3.9271815,0.02,0.0,0.39,11,0.04,False
TR459679,ART07024718,1323000,22050,60000.0,151.99908088235293,2440.690120974418,837.6078341854912,5206.9768474567045,1856.288276807261,1.6167573,1.3510506,0.29665032,0.09135239,0.09865189779653638,0.05266895928332268,0.020084148,0.027368182,2599.2464801415085,443.109031332143,112.37878213774025,98.48337279774731,-6.0614033,3.9413726,0.0,0.02,0.37,1,0.37,False
TR370663,ART25707984,1323000,22050,60000.0,95.703125,2741.2595770788757,794.2970588685998,6051.275908762456,1469.674088433407,1.8831193,1.9147139,0.31661737,0.102989174,0.11587685032894737,0.06583864342487901,0.03561574,0.0415866,2803.398140704202,371.97286068386876,132.81757827590278,89.60984846950016,-6.2000213,3.3965194,0.0,0.0,0.12,2,0.06,False
TR998032,ART07024718,1323000,22050,60000.0,135.99917763157896,2672.18960080139,746.1333192150755,6008.713666130515,1525.2689287720818,1.6207937,1.644861,0.30041182,0.09624029,0.08522813165150929,0.06401844810172798,0.029720614,0.037002362,2822.859572101227,381.3643595046873,81.59716819565735,41.019353103115385,-5.0613165,3.2292407,0.0,0.0,0.0,0,0.0,False
TR895378,ART25707984,1323000,22050,60000.0,172.265625,2884.3689206725276,930.8572449403582,6256.516334368349,1501.232974586538,2.3271408,2.98243,0.23622075,0.113731176,0.11020662762432276,0.0773666943645974,0.044349402,0.056919828,2804.091301793151,342.5774707343097,100.48958959321473,64.56059483994548,-7.9559774,4.8457217,0.02,0.0,1.11,28,0.04,False
TR759934,ART07024718,1323000,22050,60000.0,135.99917763157896,2679.6339894665084,1188.2588089885198,5884.335251563105,2487.305770984016,1.5671872,1.4318181,0.2879025,0.108258195,0.11004752049874227,0.08768356025075859,0.029511021,0.046244908,2813.0606080542184,585.8790962985439,155.2625179065901,103.6132799709987,-8.147358,4.061214,0.0,0.0,1.18,4,0.3,False
TR597065,ART25707984,1323000,22050,60000.0,135.99917763157896,2067.6402826002677,741.3005249482216,4692.879956130273,1795.5475549173361,1.4291421,1.4065737,0.31452483,0.10293173,0.06976091603376548,0.04222387171415723,0.01481877,0.024174374,2493.0393234841717,476.5994202952565,87.29103534351526,54.41821126084813,-5.854872,2.9907184,0.0,0.0,0.0,0,0.0,False
TR459295,ART07024718,1323000,22050,60000.0,161.4990234375,2905.358760595938,808.6965756884332,6297.520253089929,1303.7741626023294,1.5065669,1.3343717,0.23954439,0.07147202,0.1425014058871904,0.07158333127561455,0.030376317,0.026710784,2795.4952024998424,328.70482194862524,93.59261607626829,62.96212347923199,-6.003774,2.6401165,0.0,0.0,0.0,0,0.0,False
TR550536,ART25707984,1323000,22050,60000.0,107.666015625,2809.0209740892237,1094.459167421993,6375.794779774575,1786.8078112355015,2.252186,2.7182693,0.2878205,0.14777143,0.10737954721362229,0.09987427937303425,0.03235297,0.047162093,2927.526179508384,379.99901974911637,148.01548034283303,91.91381828655159,-8.182181,5.942039,0.0,0.0,2.11,45,0.05,False
TR618043,ART25707984,1323000,22050,60000.0,151.99908088235293,1876.2370406083096,600.5253612622772,3408.071058527235,1335.96825233096,1.8190018,1.8933556,0.14154284,0.08731134,0.09728399223587461,0.04959791225332842,0.008978846,0.023545805,1831.071424352398,436.61995569802656,266.9264172209205,102.77933239225187,-11.138509,10.082845,0.0,0.0,11.22,41,0.27,False
TR248802,ART25707984,1323000,22050,60000.0,143.5546875,2430.0454147050136,961.9746148116966,5386.225763563032,2144.8910868977,1.4696529,1.5139494,0.14473449,0.10573051,0.09055009493517802,0.06368780823063336,0.017418915,0.025805123,2642.4215690221818,602.9273258706571,137.67272245176036,77.07801021119934,-13.187975,7.5666943,1.83,0.0,12.12,44,0.28,False
TR693043,ART25707984,1323000,22050,60000.0,135.99917763157896,2275.2046301386604,741.0918408137645,5092.210874764174,1467.3520517035188,1.5988867,1.5741537,0.2617128,0.08354332,0.07634118614551083,0.04882686772827658,0.017192584,0.024389867,2538.558380877788,384.12502160860873,109.72188118675393,70.7900753504197,-6.001465,3.1574142,0.0,0.0,0.0,0,0.0,False
TR809759,ART07024718,1323000,22050,60000.0,92.28515625,1900.8194884114735,820.679069204389,3984.4550732119533,1585.5619610385113,1.6426772,1.8543656,0.10194492,0.086102076,0.08822093290441177,0.06619728034791679,0.008192446,0.014830104,2025.00804296929,439.43368002905777,112.69839718450052,68.30851634110807,-16.00914,10.572322,11.94,0.0,5.27,19,0.28,False
TR106318,ART07024718,1323000,22050,60000.0,89.10290948275862,2154.5570938697483,922.809159419782,4563.893236095322,1842.9596857322042,1.629088,1.3471916,0.1498491,0.07263423,0.09508937209752322,0.06074852225243216,0.012754093,0.021796366,2267.7635488284077,457.6961599033148,138.11517891791596,67.96264575091287,-8.546949,4.193526,0.0,0.0,0.12,4,0.03,False
TR724796,ART25707984,1323000,22050,60000.0,99.38401442307692,2782.800268335512,1018.9535953729958,6347.994947876355,1922.883977957662,1.9716642,1.8714201,0.28422236,0.08050214,0.09734087019881967,0.06571827145003799,0.026809787,0.029739203,2919.369965640843,491.98563374945445,101.32321580554381,76.02783696451975,-5.941172,2.933324,0.0,0.0,0.35,5,0.07,False
TR591345,ART07024718,1323000,22050,60000.0,129.19921875,2463.2043706871095,1181.260456245947,5007.390554327714,2252.0928002821624,2.078342,2.1075723,0.27432504,0.17202976,0.10214828632933437,0.09761761492659393,0.028037174,0.046546962,2438.2849224941788,617.6134560565254,133.78777762871624,77.50878779195894,-9.651765,6.568276,0.0,0.07,2.81,48,0.06,False
TR307565,ART07024718,1323000,22050,60000.0,123.046875,2092.7443523838606,726.5470942359776,4583.593116972837,1765.489628531138,1.6360661,1.3997374,0.24940673,0.094474725,0.07903825978376548,0.04946292850091557,0.016902043,0.026280912,2483.819049534149,474.16598048584694,86.78014585112406,51.445776534016524,-6.887653,3.5794432,0.0,0.0,0.07,2,0.03,False
TR613459,ART25707984,1323000,22050,60000.0,151.99908088235293,2755.389921886792,611.8254930408152,5916.747555570337,1031.1161519680543,1.7057331,1.6844128,0.06652134,0.019654136,0.12116687880950078,0.057533237061992204,0.03501577,0.034182478,2723.4741063547485,272.13545965584206,129.23533781065865,85.99832473974926,-5.559736,2.890854,0.0,0.0,0.02,1,0.02,False
TR472274,ART07024718,1323000,22050,60000.0,143.5546875,3786.6192314727195,960.8904443721011,8134.921642575102,1267.4736326240543,1.9086863,1.8172048,0.21578139,0.057735182,0.15397620422552244,0.08931506613395418,0.054450452,0.049330067,3346.738790857987,338.5150328985377,134.94935083400136,95.50454788622217,-4.9029803,2.7599084,0.0,0.0,0.16,2,0.08,False
TR547354,ART25707984,1323000,22050,60000.0,172.265625,2441.0209285546457,1068.5193363910216,5320.30949548302,2045.4080153262912,2.2604384,2.6353495,0.2655426,0.1686684,0.09391931114551083,0.06177779124369935,0.019195301,0.024169022,2623.889413033773,518.6715500472587,116.38730542467282,90.07216257986458,-9.821947,5.1336813,0.0,0.0,1.16,6,0.19,False
TR165212,ART07024718,1323000,22050,60000.0,117.45383522727273,2719.080763771882,782.6246568277064,6043.450956078875,1587.0101209352852,1.5387434,1.0989112,0.29617918,0.05249472,0.11470357700029024,0.05553237948308962,0.03722783,0.039410748,2793.552675675851,386.7161380252779,92.4588920811974,45.10762883771134,-3.292753,1.7435461,0.0,0.0,0.0,0,0.0,False
TR569937,ART07024718,1323000,22050,60000.0,172.265625,2503.0688648198698,874.8731674706919,5360.2509206293535,1804.9358834920324,1.5184559,1.1971487,0.2637745,0.08633413,0.12330915610487617,0.0709261617152661,0.03343372,0.04652305,2430.049678307783,634.0964754331717,121.80489160508502,73.95027966507469,-5.1825743,2.9727423,0.0,0.0,0.0,0,0.0,False
TR793808,ART25707984,1323000,22050,60000.0,103.359375,1652.2945378081965,652.5208824543735,3263.676098330471,1872.7145792089186,1.7369547,1.7709562,0.28567556,0.090874024,0.062979588936726,0.03487967610558073,0.00845107,0.018839108,2165.482316866094,555.5020234380107,85.21733519411434,37.134060292542195,-5.5340095,3.5601175,0.0,0.0,0.21,3,0.07,False
TR170292,ART07024718,1323000,22050,60000.0,135.99917763157896,2885.6307029831805,915.2502697994875,6150.67530770789,1695.6347376570752,1.6385676,1.4537611,0.3208776,0.082482725,0.12185791771478328,0.08098269070481486,0.04270167,0.050180323,2791.4862761367344,422.1333037090165,103.60990488257872,72.2519278051172,-3.5516286,2.507999,0.0,0.0,0.0,0,0.0,False
TR307833,ART25707984,1323000,22050,60000.0,107.666015625,1906.4096313425875,790.0721846441945,3852.5350375810276,1695.4939734462255,1.3349642,1.0785282,0.048794698,0.05266839,0.09103591966186146,0.05890998902591235,0.021580877,0.032458294,2170.544456164979,456.6930805074457,136.00255498083573,81.8823373065896,-22.974594,8.884017,0.0,0.07,36.92,80,0.46,False
TR482736,ART25707984,1323000,22050,60000.0,83.35433467741936,3058.3039835499862,701.6088217028505,6970.420350821763,1191.8500247130244,1.889091,1.9238439,0.25036344,0.0857724,0.10941846156636997,0.04916845383867632,0.031048255,0.02540196,3067.429920819356,318.9351630121588,130.47460761904304,103.29504877657848,-6.7115345,3.3501194,0.0,0.0,0.02,1,0.02,False
TR260784,ART25707984,1323000,22050,60000.0,117.45383522727273,2830.6918756709197,838.1988806901717,6219.945722172504,1418.3405973130386,1.9508965,1.9818826,0.3364784,0.13382299,0.1014544129740712,0.060462742631734435,0.030124638,0.040654883,2843.425012780802,364.2234963243268,130.30378278251874,85.66367482693632,-6.465196,3.8689232,0.0,0.0,0.49,6,0.08,False
TR611877,ART07024718,1323000,22050,60000.0,143.5546875,2487.857398832046,893.9766866162558,5227.064225991075,1774.0066754570582,1.2736313,1.0435212,0.29808187,0.117433816,0.1042266940184791,0.07098419327311414,0.02803902,0.041791186,2519.333474806316,478.8896909388177,103.24551667231601,60.253509959906346,-7.2957244,3.793727,0.0,0.0,0.02,1,0.02,False
TR731668,ART07024718,1323000,22050,60000.0,129.19921875,2600.8501290894214,851.4141009185115,5371.5341857343265,1534.865324325835,1.3815635,1.270269,0.3272369,0.13040146,0.11682355662248452,0.06624377790255957,0.034464486,0.042252846,2526.3248474383095,415.784330327668,94.87206308682302,55.047587034860456,-6.9221787,7.877642,0.0,0.0,4.41,4,1.1,False
TR895644,ART25707984,1323000,22050,60000.0,103.359375,3415.67279816762,821.6814386567853,6912.458201310952,1106.649071870473,2.0049717,2.2413504,0.22611871,0.11136094,0.16949141652960525,0.08350879629304576,0.063467555,0.0518391,2869.5983891545225,272.2421546050664,192.81182081397574,108.67985024286878,-9.17558,4.0643044,0.0,0.0,0.51,14,0.04,False
TR565958,ART25707984,1323000,22050,60000.0,135.99917763157896,2166.411009598488,866.3290935938193,4783.541907909854,2041.361033432394,1.8485289,2.00704,0.26414523,0.12358675,0.07756906987712849,0.045688520162510425,0.013388076,0.022641644,2414.2484474302105,629.8379287507104,178.37803322324714,114.26704517342249,-8.260065,4.4772644,0.0,0.0,0.14,4,0.03,False
TR965133,ART07024718,1323000,22050,60000.0,80.74951171875,1757.7142798647944,677.9811701409241,3789.406252645487,1734.4528283260283,1.3074319,0.96122324,0.23238716,0.07546679,0.05815006409636223,0.03362456804126845,0.00970425,0.01493,2304.7498913248505,432.6704166342356,64.75785679367506,33.173430515654005,-6.304988,2.4739957,0.0,0.0,0.0,0,0.0,False
TR955411,ART07024718,1323000,22050,60000.0,161.4990234375,2544.389769141855,920.1612614455493,5534.829031646067,1699.5841861133972,1.6512738,1.5534722,0.3085143,0.084568694,0.1013000299317918,0.08015107330595297,0.03370922,0.047473397,2678.669821358389,394.0638218432604,94.27594825767066,42.91802630919498,-5.8667045,2.6813211,0.0,0.0,0.0,0,0.0,False
TR844036,ART25707984,1323000,22050,60000.0,99.38401442307692,2268.0823873079303,728.9334734172413,5172.056225283596,1540.393182271731,1.9899222,2.2622304,0.32065126,0.07425485,0.05896619672745743,0.037137800084647024,0.014170031,0.019827321,2556.8058751934363,405.8725812663363,64.04596057473188,41.537290811572696,-3.5341382,2.4389362,0.0,0.0,0.0,0,0.0,False
TR296960,ART25707984,1323000,22050,60000.0,184.5703125,1526.1345140810467,442.6286686835968,2975.3111753670423,944.5233284180729,2.150057,2.2628005,0.275851,0.086898305,0.07127677988341719,0.034584510665786335,0.0022960464,0.005703465,1570.462948564516,283.64663191132297,166.84209668839523,90.86482616805154,-4.8976955,4.206833,0.0,0.0,0.93,24,0.04,False
TR420459,ART25707984,1323000,22050,60000.0,86.1328125,2853.568346619697,700.6796091717036,6468.206720972209,997.0675185209933,1.5418142,1.4954383,0.2266053,0.08130614,0.1112600982004644,0.05426710076588802,0.030345896,0.031139167,2890.6059668901103,258.9960490103547,104.7508203220882,67.70984381727241,-6.2891917,3.3267696,0.0,0.0,0.0,0,0.0,False
TR572044,ART07024718,1323000,22050,60000.0,161.4990234375,2536.6091613831777,943.0893087101512,5719.23624989418,2085.6944951674704,1.502156,1.125561,0.26765046,0.08330412,0.10242039352747678,0.06163620029127633,0.025057267,0.029713765,2722.3047998989096,567.0446980657607,90.80971586200059,51.68285919549857,-5.2791805,4.308325,0.0,0.0,1.39,8,0.17,False
TR845385,ART07024718,1323000,22050,60000.0,161.4990234375,2704.812807381569,959.0966468039593,6278.687033638496,1750.4865748841146,1.4577696,1.4448045,0.31651154,0.1130027,0.10751711251934984,0.09698944411116037,0.032513425,0.062790185,2871.4168555032306,446.33378666461607,90.4569149517442,69.36583932407675,-7.2943487,13.340494,0.0,0.0,2.55,3,0.85,False
TR297175,ART07024718,1323000,22050,60000.0,103.359375,2507.9133514163286,1005.0818518999438,5413.742263841186,1843.4794184156144,1.6408646,1.4637506,0.18999946,0.06167515,0.1066781153250774,0.06571212566109852,0.025793934,0.033572804,2583.4952960387277,490.26865529190223,114.24058547940051,34.203281766498534,-5.649538,3.4066458,0.0,0.0,0.3,1,0.3,False
TR435845,ART25707984,1323000,22050,60000.0,161.4990234375,2405.8650298422203,900.3632737242732,5230.843369805776,1742.6522581591819,1.8524809,1.9284096,0.26222348,0.10699509,0.09529666487277477,0.063752402304467,0.017939385,0.027471734,2520.8581623713517,534.2963229453771,163.10681562189907,107.98298520590681,-6.891927,4.828374,0.0,0.0,0.93,7,0.13,False
TR136811,ART25707984,1323000,22050,60000.0,92.28515625,2281.6541714082223,1012.6189378214551,5053.60694153021,2215.5364711481598,1.8404535,2.3859189,0.1978775,0.10736298,0.0811297059428212,0.05885222343833463,0.022131074,0.03439649,2605.573193086948,545.2313607605844,113.9096502571906,80.76593582720153,-9.498825,4.3057156,0.0,0.0,0.16,3,0.05,False
TR811753,ART25707984,1323000,22050,60000.0,103.359375,3112.960893694562,749.8987384243019,6842.133626554035,1174.1729758891836,1.7507573,1.8342091,0.2857234,0.09970574,0.12587773467734134,0.051758658500751904,0.04431406,0.03325837,2972.2546281040777,302.7928203209849,99.83029908256385,57.67925771669116,-5.976086,3.01933,0.0,0.0,0.0,0,0.0,False
TR492188,ART25707984,1323000,22050,60000.0,184.5703125,2322.762371911326,1111.5706204009996,5182.5144953772015,2405.4534942444275,2.061217,2.4235551,0.18170318,0.0868448,0.10054001941031347,0.08738187321848817,0.022315657,0.042658675,2650.5260556567073,588.444217374805,135.5279321532562,58.45234362021076,-9.444551,4.5425506,0.0,0.0,1.65,38,0.04,False
TR481276,ART25707984,1323000,22050,60000.0,172.265625,2942.336823596392,931.2668872308853,6743.705055071474,1659.5235828835334,1.7937164,1.7596775,0.33339447,0.09893117,0.09782820663215944,0.061536789106004325,0.03045936,0.03384924,3037.555920138261,396.6952839457293,94.06160296909658,60.472628886801665,-5.0162144,2.8566074,0.0,0.0,0.0,0,0.0,False
TR168277,ART25707984,1323000,22050,60000.0,143.5546875,2183.3350647599864,1046.936082544481,4577.551486839082,2306.7781800978028,1.2218026,1.2653364,0.068529785,0.05727097,0.09322883913022446,0.06457723335759598,0.022810215,0.03401002,2386.1721470228667,623.4053164016999,126.08247692590061,68.5844584120003,-14.3353615,7.901651,0.86,0.0,14.49,50,0.29,False
TR845296,ART07024718,1323000,22050,60000.0,107.666015625,2323.2559863041156,794.9692443403925,5139.735587388738,1681.661888529465,1.4654244,1.4349736,0.40607733,0.10994,0.07561613384046052,0.045211862109908255,0.020179374,0.029625969,2562.161117688897,448.29794422221835,85.71009091253055,70.16688498201096,-4.912863,3.0263073,0.0,0.0,0.05,2,0.02,False
TR754276,ART25707984,1323000,22050,60000.0,103.359375,2388.4120296911337,1167.05484739559,5041.869512504837,2271.465885082378,2.3781195,3.1867375,0.20146723,0.13126734,0.1009818156806308,0.09744650431936015,0.03086504,0.052773528,2596.5257731483343,469.1248636956074,109.31716053039082,59.54524932868847,-11.006949,7.005068,0.0,0.0,4.46,36,0.12,False
TR178473,ART25707984,1323000,22050,60000.0,123.046875,2807.5386011199216,699.7111346844422,6358.182386274309,1181.4265476054823,1.364023,1.0092995,0.36341682,0.087072015,0.09854003150396672,0.06120396766037858,0.030838119,0.033152055,2855.566112728347,313.3598642618839,86.98757872771372,73.94166492135432,-4.022014,2.5143104,0.0,0.0,0.05,1,0.05,False
TR124631,ART07024718,1323000,22050,60000.0,92.28515625,2333.435638966851,659.9408843357115,5096.052518200948,1404.0332088933806,1.3263379,1.3125384,0.33149534,0.08473959,0.09248904768527477,0.05007141054775101,0.021903964,0.027181389,2485.630546834284,408.25921092327377,97.68668045579027,64.44996626011975,-4.1776686,3.2129273,0.0,0.0,0.3,2,0.15,False
TR237531,ART07024718,1323000,22050,60000.0,172.265625,2548.0007311757154,795.3749260920538,6047.442598608625,1717.8060817209857,1.3089179,1.1435418,0.27057144,0.09411922,0.09019541076093267,0.048639597693752104,0.022914093,0.02813551,2849.0480876223437,472.6081143769756,75.08257093789298,46.21668608526355,-6.2880726,3.3532507,0.0,0.0,0.19,2,0.09,False
TR607550,ART25707984,1323000,22050,60000.0,117.45383522727273,2591.55184081595,877.6156006508999,5985.126308760037,1543.2440729513185,1.686706,1.7998191,0.29465604,0.125477,0.08955180165199303,0.062695374449269,0.020853736,0.028776614,2871.3837614544245,351.42632136964,93.72238719925197,61.93692027704856,-6.9417305,4.0717735,0.0,0.0,0.35,8,0.04,False
TR333448,ART07024718,1323000,22050,60000.0,92.28515625,2133.443243065567,1032.6156992150682,4833.112441496953,2480.979500836879,1.5676852,1.6195327,0.3379812,0.09281458,0.06641947743324303,0.041808354561571004,0.013711944,0.018165732,2534.969736727158,790.9143078734629,98.05089486369323,68.84719726208436,-5.0320535,2.5806856,0.0,0.0,0.0,0,0.0,False
TR476850,ART07024718,1323000,22050,60000.0,123.046875,3062.948351968501,1155.2742134566506,6218.624896826021,1885.6707195782635,1.690056,1.2598184,0.19031513,0.04466482,0.15203649562209753,0.10194317039455568,0.0508703,0.056632355,2789.5497909404025,430.1533019060948,131.82787202880613,81.0451374946216,-4.4098864,2.2128243,0.0,0.0,0.0,0,0.0,False
TR671007,ART25707984,1323000,22050,60000.0,103.359375,2862.577010449557,581.5792830602434,6272.041240491365,986.4272277349678,1.8491744,2.4061668,0.2873159,0.12051667,0.12264041487277477,0.05484446560708877,0.037868965,0.03393292,2796.08061893262,259.8813694619723,116.47496130647399,92.60376794366397,-6.9175653,4.298728,0.0,0.0,0.56,6,0.09,False
TR708528,ART07024718,1323000,22050,60000.0,95.703125,2266.572419891303,1047.5195393843373,4879.587160470685,2282.5164098568057,1.531638,1.4160705,0.24793014,0.104442604,0.08813495458833204,0.08219921940294238,0.021547059,0.03428597,2562.5647314642697,593.4987819580288,87.01295329258139,60.374633964106714,-6.2079763,3.9739184,0.0,0.0,0.0,0,0.0,False
TR547400,ART25707984,1323000,22050,60000.0,89.10290948275862,2716.62722232172,814.9624566329585,5907.243446373718,1256.4386054012346,1.7637713,1.8635559,0.27225852,0.099677466,0.11896281050454721,0.0750995503817721,0.034393914,0.040203553,2706.8746287038725,329.9152378390006,132.36503258355586,81.15207322987511,-6.3260837,3.8474798,0.0,0.0,0.26,8,0.03,False
TR114955,ART25707984,1323000,22050,60000.0,172.265625,2587.51762902208,911.9552233146458,5986.6846326704,1517.953734604513,1.744788,1.8135537,0.31469107,0.0824558,0.08529464674438854,0.06250785407084138,0.021667833,0.028994508,2830.884955530343,391.7806679889182,103.5294705699407,75.826200065787,-4.4046144,2.8895538,0.0,0.0,0.02,1,0.02,False
TR750485,ART07024718,1323000,22050,60000.0,117.45383522727273,2788.1779603312098,838.1950430237308,6372.24896788228,1619.3633621982212,1.5524195,1.3004417,0.3374747,0.07706273,0.10855867840557276,0.06079684642669712,0.036031056,0.039358735,2901.0948463573386,388.9209849250188,82.40999947501277,54.34419227236509,-4.052206,2.3288174,0.0,0.0,0.05,1,0.05,False
TR393241,ART07024718,1323000,22050,60000.0,143.5546875,2002.554395235005,1074.2200757556177,4286.778245105093,2357.611971961059,1.457501,1.4254864,0.14435221,0.06313194,0.07398311272494196,0.06897979253429874,0.015507444,0.03324434,2390.522196973543,648.7267733864801,100.72913593986966,46.040326020150154,-8.558744,4.065495,0.0,0.0,0.05,1,0.05,False
TR842852,ART25707984,1323000,22050,60000.0,83.35433467741936,2024.7075970349567,1019.2084485943244,4348.894536163047,2416.475973895882,1.8522764,2.2495794,0.20940278,0.08491581,0.07799102499758127,0.06177453163203037,0.013031239,0.02348718,2463.531232100713,637.8083922130312,116.14686737982086,66.27688475301746,-8.03764,8.01107,0.0,0.0,1.83,9,0.2,False
TR120106,ART25707984,1323000,22050,60000.0,129.19921875,2875.6342445796977,739.8609585625234,6450.381828756894,1296.7852740241435,1.6342754,1.4418502,0.32860014,0.07057108,0.11125178381385449,0.05500415873841869,0.03253104,0.03514184,2896.765144518614,336.97950183539007,145.92707313241513,113.60948621297214,-4.2540975,2.0343683,0.0,0.0,0.0,0,0.0,False
TR912864,ART07024718,1323000,22050,60000.0,99.38401442307692,2208.249606675167,903.1155742172224,4806.641768228159,1963.7710482912687,1.7870555,1.6526814,0.13171685,0.06370945,0.07884513925841719,0.06544238796297515,0.019540684,0.03126374,2481.16781489454,511.1814360563853,109.40091296129464,70.43669142666882,-9.357085,4.6837955,0.0,0.0,1.07,16,0.07,False
TR167740,ART25707984,1323000,22050,60000.0,123.046875,2961.612266063587,808.2188660443813,6513.414780938589,1293.8466751187466,1.5273955,1.2677004,0.2925334,0.071782775,0.10948913385255418,0.06197161045132018,0.031187583,0.030749135,2871.702061398663,359.1863895245649,88.48505616701351,63.8803004721431,-5.3002143,2.351378,0.0,0.0,0.0,0,0.0,False
TR930775,ART07024718,1323000,22050,60000.0,117.45383522727273,2274.0411214329088,1046.9115013187416,4947.778414794166,2086.5316166407624,1.5526398,1.3100781,0.25139257,0.12534323,0.09135375598635836,0.07662604191801063,0.020988004,0.036333356,2517.9793236402666,539.4488422651432,94.14959166185442,42.73605937694904,-8.004192,5.029292,0.0,0.0,0.46,11,0.04,False
TR691943,ART07024718,1323000,22050,60000.0,151.99908088235293,2178.109967475024,855.6282876670185,4930.5326857433965,2086.840462453558,1.4763805,1.5105377,0.2735916,0.104800515,0.07835969245839783,0.042307125704600754,0.014507813,0.019977652,2521.502314750886,603.5959206706747,112.2069151409102,70.40963941015353,-7.086547,4.7374,0.02,0.0,0.67,4,0.17,False
TR588523,ART25707984,1323000,22050,60000.0,161.4990234375,2944.9048197058974,702.7771018210683,6847.783592389464,1026.7168531773507,1.5695828,1.3457793,0.28593075,0.09844193,0.10991978128628097,0.06716581828901623,0.036705945,0.03781027,3007.607838736145,264.25188158432695,96.98935451642733,63.42457928377373,-5.4568505,3.4774525,0.0,0.0,0.02,1,0.02,False
TR978886,ART07024718,1323000,22050,60000.0,129.19921875,3004.4392397542206,644.0883041777778,6603.97256668138,1220.1079955820953,1.3424082,1.4213815,0.25736916,0.0532098,0.12368821654895511,0.058513926403232094,0.04431119,0.045574516,2881.2876598365197,345.3074224350737,81.19001405616973,46.04075646120119,-4.8340726,2.0571167,0.0,0.0,0.0,0,0.0,False
TR537942,ART25707984,1323000,22050,60000.0,172.265625,2997.226812460102,875.0578147348319,6255.908004713501,1298.1708334759355,1.4720691,1.275451,0.30557075,0.09617698,0.1388950406951432,0.09029150700798598,0.0506118,0.053672735,2768.7103704690167,311.28299422111405,140.48954404848905,92.77232390461037,-4.8503327,3.110964,0.0,0.0,0.05,1,0.05,False
TR709016,ART25707984,1323000,22050,60000.0,129.19921875,1850.9679522318784,1257.9837142806427,4094.3419087412926,2951.2837119670826,1.9099944,2.632596,0.26108387,0.13742407,0.057430302764609135,0.06273027820693713,0.011207813,0.022531152,2477.5396719649766,806.6001834441638,95.98788896330608,44.80155697404081,-8.085601,5.5453033,0.02,0.0,1.44,10,0.14,False
TR690143,ART25707984,1323000,22050,60000.0,95.703125,2996.166563833912,836.6017379831977,6631.0307363976635,1344.502839047249,1.6797333,1.4505279,0.3215501,0.11470774,0.1024753818571014,0.0738148551879139,0.03623667,0.041165806,2958.5124753090777,328.1138724270418,112.32218434253903,79.68470534164152,-5.8386493,3.7946582,0.0,0.0,0.16,5,0.03,False
TR588490,ART25707984,1323000,22050,60000.0,151.99908088235293,2743.901946043718,900.1136234965438,6101.950602339517,1573.3908714037016,1.97581,2.5941012,0.24241666,0.092512466,0.09305555975474071,0.07148351389829184,0.032758463,0.04924739,2813.01323414512,384.1344389838732,85.10950810735466,71.98046364943205,-6.9506826,3.8955867,0.0,0.0,0.44,8,0.06,False
TR413349,ART07024718,1323000,22050,60000.0,129.19921875,3156.7073743341502,889.4134710145166,6847.12942967843,1430.0206327123892,1.3778604,1.0027994,0.29958805,0.086735725,0.13214923870452785,0.07153129422125681,0.049347088,0.04779552,2977.011302432118,338.36320526852757,85.4497551145284,49.91419842529329,-5.128783,2.4646678,0.0,0.0,0.0,0,0.0,False
TR485842,ART07024718,1323000,22050,60000.0,129.19921875,2617.7381224279557,775.417691659037,5784.55668824376,1648.3278269123803,1.3866829,1.1459345,0.32513264,0.108763315,0.09736732506530572,0.06550399973576042,0.03264421,0.045297887,2736.6142841808814,381.409836454925,92.80218177295595,49.901923115751636,-4.846573,3.5804605,0.0,0.0,0.46,1,0.46,False
TR770488,ART25707984,1323000,22050,60000.0,184.5703125,3056.15243887239,1037.6231984693688,6658.188905509263,1644.600082680063,2.131546,2.6983054,0.27483043,0.1222475,0.11194301168246903,0.08115795635644056,0.03268831,0.040250983,2939.5353903343303,403.39528612958804,133.90379254944617,99.3301729554215,-7.7329764,4.4135804,0.0,0.0,0.33,7,0.05,False
TR580051,ART25707984,1323000,22050,60000.0,107.666015625,2565.1443339117063,1004.4913421388667,5814.6231731025055,1925.6609120945752,2.085178,2.3927824,0.2410056,0.089855105,0.085689013218363,0.06324805778494481,0.020408299,0.029631212,2819.104913471658,503.70246378373304,105.77507353809577,84.11941959754222,-6.2577615,3.475148,0.0,0.0,0.0,0,0.0,False
TR172746,ART25707984,1323000,22050,60000.0,92.28515625,2431.426798926655,654.4840192794113,5498.612583975305,1269.0994002513964,1.5220463,1.3361824,0.30544505,0.05779425,0.07616450543005031,0.036388469709477594,0.016069498,0.015106506,2645.678802095539,342.8191607237785,76.00357352871129,49.71743952308248,-4.01204,1.7827976,0.0,0.0,0.0,0,0.0,False
TR904420,ART25707984,1323000,22050,60000.0,103.359375,3159.639052781253,917.929580925122,6828.89203995743,1334.4763940036544,1.7792957,1.8633265,0.26368946,0.11319662,0.15011832883852555,0.08843259489182816,0.04889204,0.04920435,2962.1591786191784,333.5844170217823,145.19357557537802,102.4161944614386,-8.503081,3.8706079,0.0,0.0,0.46,10,0.05,False
TR975085,ART25707984,1323000,22050,60000.0,135.99917763157896,3204.183620350122,663.9140652663039,7060.732304717734,998.4669914128843,1.5664214,1.5906245,0.31218863,0.094002694,0.13830585302583204,0.0620459481193656,0.050444607,0.038228653,3042.9393918381893,248.04522742858933,114.25952379293054,95.63780322774029,-5.3986626,2.872872,0.0,0.0,0.0,0,0.0,False
TR917955,ART25707984,1323000,22050,60000.0,161.4990234375,2228.5599976922103,910.0141330824837,4819.879188183291,1905.1312157447605,1.9118623,2.3054316,0.25546718,0.08575241,0.08223174009529799,0.05750815445968391,0.02333849,0.033850323,2484.947108551783,492.9470901223865,94.88675700634148,69.04318506872569,-6.610973,3.4758785,0.0,0.0,0.14,3,0.05,False
TR376028,ART07024718,1323000,22050,60000.0,129.19921875,2314.295676777615,1084.807691991732,5163.081279553865,2374.198492456056,1.674409,1.7363795,0.2890317,0.09110102,0.07540903002854102,0.06045317724090069,0.017831994,0.030178046,2609.9369602683987,668.3604828471496,78.00237645485993,59.15573286524405,-5.7616143,4.0775385,0.0,0.0,1.23,5,0.25,False
TR591366,ART25707984,1323000,22050,60000.0,123.046875,1961.8781805769936,860.8955391880766,4272.490831499129,2035.1992184032279,2.2338953,2.7579257,0.30979687,0.114814036,0.06157521345297988,0.03800095569197964,0.014292513,0.027520526,2427.6459860609775,498.60517765881633,81.76926425897068,32.1590815574189,-6.4955463,3.5666537,0.0,0.0,0.33,2,0.16,False
TR392741,ART25707984,1323000,22050,60000.0,89.10290948275862,2203.575311673713,944.8075565414878,4988.769833591331,1985.1261407910495,1.8415724,2.029715,0.06227726,0.029835414,0.07305908203125,0.05680324018588764,0.013932438,0.023983978,2529.918669195171,533.3613023934963,94.41303169687853,68.34290193029892,-7.5245056,4.302315,0.0,0.0,0.0,0,0.0,False
TR600057,ART25707984,1323000,22050,60000.0,123.046875,2084.9069029298817,1013.0001750133429,4831.733283169868,2302.4427668322096,1.6302547,1.7528037,0.36216426,0.1636061,0.0537379592564822,0.06344882613397998,0.011961645,0.022464866,2518.017522375056,668.3634041709923,116.73382039111193,88.18863268527697,-6.5225954,5.02213,0.0,0.0,0.56,8,0.07,False
TR772758,ART25707984,1323000,22050,60000.0,99.38401442307692,3040.600332149856,831.3534987792646,6579.872712409902,1310.741587119695,1.9919198,2.0712864,0.28013536,0.13041727,0.11796924130466331,0.08372399938414114,0.034243908,0.039053883,2898.989893528815,327.8611274230878,152.6657278335826,91.10021864868028,-7.980973,4.7089853,0.0,0.0,1.14,22,0.05,False
TR895785,ART25707984,1323000,22050,60000.0,86.1328125,2692.7842569925933,799.9458135256693,6015.721957085671,1450.5330673144329,1.6376563,1.6022016,0.27323416,0.08773663,0.1122079382739938,0.06344375474845239,0.0362734,0.039424058,2764.156253737929,380.1907548442481,108.91270612284659,85.71457630915134,-5.3240747,3.219415,0.0,0.0,0.16,4,0.04,False
TR219347,ART25707984,1323000,22050,60000.0,129.19921875,2865.172491836947,1052.8260248989254,6133.037914358794,1704.505615306484,1.6622154,1.5689232,0.11150627,0.038306564,0.13040850848974458,0.09741809105444778,0.026676603,0.034530953,2729.836176801213,469.2863701237803,138.56344115707157,79.88653860534691,-6.0053554,4.129788,0.09,0.0,0.95,9,0.11,False
TR801490,ART25707984,1323000,22050,60000.0,151.99908088235293,2278.491488344022,1165.2151460225664,4904.941173825102,2531.615520875873,1.7211843,1.9214077,0.21173577,0.14453532,0.08695204412974071,0.07866668067977951,0.019043773,0.031512793,2507.0794412915943,673.238144203868,139.1910174616909,77.23422194421669,-10.982186,7.0908513,0.0,0.0,7.87,26,0.3,False
TR952064,ART07024718,1323000,22050,60000.0,143.5546875,3423.249111589924,1003.9550768757418,7235.735413164546,1424.155272559389,1.4891157,1.2299725,0.25976515,0.07720176,0.16680322416795665,0.09862840029605033,0.0587189,0.054960754,3006.3781820621293,306.0178171270456,143.14308690109561,123.92747745915246,-6.379981,2.7173078,0.0,0.0,0.0,0,0.0,False
TR472380,ART25707984,1323000,22050,60000.0,123.046875,2725.116586734381,876.4971647578437,6525.318875622823,1589.0973376256402,2.1643667,2.3756118,0.39151534,0.14547808,0.07279869055969428,0.07204404963570779,0.01963012,0.03182836,3009.7317584700595,396.1685272093549,124.13602130277238,58.86281270775388,-5.8538404,4.5433497,0.0,0.0,0.81,17,0.05,False
TR700059,ART07024718,1323000,22050,60000.0,95.703125,2352.9705675625037,959.5919255898473,5181.960332061484,1990.5549500172112,1.7997502,1.8959553,0.24598548,0.07960574,0.08808336759868421,0.06232211347137012,0.023322951,0.03180737,2583.36395288438,539.7045346376569,76.2007928229767,33.45928592997928,-6.14341,2.9907842,0.0,0.0,0.0,0,0.0,False
TR696046,ART25707984,1323000,22050,60000.0,95.703125,2801.567183819676,874.1213123980897,6230.253993173133,1451.282072773514,2.0979743,2.5077758,0.18501887,0.083514325,0.12148206964734908,0.07367133123546543,0.042408593,0.0511202,2807.160784259003,341.96652819108033,154.68016842018397,84.51564624995746,-8.43536,4.4524817,0.0,0.0,0.93,21,0.04,False
TR213252,ART07024718,1323000,22050,60000.0,172.265625,2186.157912978718,824.8847644216987,4667.205111382546,1856.1995925357603,1.6548827,1.5462455,0.2068728,0.08447636,0.09134808708639706,0.06761207734294639,0.018529711,0.028264044,2447.3458019178,515.1890910260013,107.61512613406627,43.522489193882386,-6.575611,4.039637,0.0,0.0,0.19,4,0.05,False
TR751110,ART25707984,1323000,22050,60000.0,123.046875,2933.405001841928,772.6940833659569,6571.656095427995,1136.3994677252638,1.5177319,2.0122876,0.08256533,0.02821027,0.11466710707720588,0.07372426547506125,0.031853072,0.030893283,2943.734125943726,272.3608439085713,135.49092296491747,98.72148653125119,-5.904139,4.5692897,0.02,0.0,1.14,18,0.06,False
TR901455,ART25707984,1323000,22050,60000.0,78.30255681818181,2777.8471972658303,873.0865566270875,6380.932248709002,1500.9268420678313,1.8032525,1.8026036,0.26799533,0.0874569,0.0953168839493034,0.06372673022848631,0.027229233,0.031301897,2917.017328922123,395.4043420721254,77.33612710945353,46.23033540424869,-6.084887,2.912817,0.0,0.0,0.0,0,0.0,False
TR751225,ART25707984,1323000,22050,60000.0,161.4990234375,2439.399623114196,671.8016025814858,5477.975208766689,1530.3646751416957,1.8162464,1.9176184,0.27100983,0.0912603,0.09118331106085527,0.04579671969608432,0.024404436,0.031160548,2641.8276537356724,396.2315628612612,125.51771091564306,98.30852969789765,-6.1777225,3.5095613,0.0,0.0,0.19,5,0.04,False
TR239743,ART25707984,1323000,22050,60000.0,99.38401442307692,2444.497833371272,846.4426873552741,5278.913912463115,1713.0620033584648,1.7935075,1.8882751,0.2115866,0.14378072,0.09816267172987617,0.058179890454356314,0.024952283,0.032358725,2553.5293714377367,465.83499451717626,143.54168387086563,90.425106727142,-13.522018,13.131649,1.35,0.0,10.03,32,0.31,False
TR517220,ART25707984,1323000,22050,60000.0,129.19921875,2939.9441208842177,872.8081620352235,6318.036795695869,1436.8030792453717,1.7607648,1.7566276,0.2975385,0.100779995,0.11157566696497678,0.07489155754912591,0.03659998,0.04416704,2839.0527224024504,363.4437093034917,98.90382407466254,74.25472611764344,-5.2817993,3.1800897,0.0,0.0,0.0,0,0.0,False
TR960740,ART25707984,1323000,22050,60000.0,99.38401442307692,2643.4287400724907,739.6570931045013,6399.7863013677925,1537.1193428534118,1.9962126,2.4563138,0.2795205,0.095495656,0.08089142318111456,0.04076514864188606,0.01764095,0.018555466,2980.8243977507013,386.89740593995384,112.42880092653142,54.24769983154106,-6.850453,3.1602812,0.0,0.0,0.14,5,0.03,False
TR203683,ART07024718,1323000,22050,60000.0,92.28515625,2717.9652442543065,820.6359009132059,5965.709759502588,1686.287269343882,1.6841693,1.7261542,0.3144527,0.090036,0.10690373754353716,0.06302290354189427,0.031903706,0.042590454,2754.346602627709,426.80335548088254,116.04893856708395,93.42336729131823,-5.03301,3.1810029,0.0,0.0,0.42,5,0.08,False
TR742051,ART25707984,1323000,22050,60000.0,129.19921875,2500.365828809357,1035.735811338855,5554.703911465388,1736.4343273761788,1.9851494,2.1463635,0.39040086,0.07869276,0.09124774755708204,0.074053047986816,0.018685,0.027278056,2683.176002103258,474.09824164558455,133.25030352527514,104.70780791825649,-4.3912234,4.364214,0.0,0.05,0.53,6,0.09,False
TR778894,ART25707984,1323000,22050,60000.0,123.046875,2785.85418962681,724.5355187063378,6033.23435119062,1255.3451536208695,1.5216322,1.2177683,0.27720842,0.089461386,0.13090094693304954,0.07259394812975958,0.045404807,0.054788,2692.795090249142,322.58773880870143,152.39427210487088,96.95581003442291,-5.4287577,3.0076191,0.0,0.0,0.0,0,0.0,False
TR837586,ART25707984,1323000,22050,60000.0,95.703125,2275.730327471003,759.4678954293796,4773.40863585103,1710.697317084381,1.4775907,1.2025794,0.17422752,0.070075065,0.10969869418779024,0.062415181621618104,0.021151155,0.025909122,2376.494536547349,501.4018926939384,206.04483003855842,108.21932983701461,-10.770895,3.3285687,0.0,0.0,0.14,3,0.05,False
TR872232,ART25707984,1323000,22050,60000.0,86.1328125,2536.893497749059,970.570377837631,5429.150504002999,1619.2939920457493,1.7113812,1.8147537,0.30662337,0.09224779,0.10795531848635836,0.06960081783363661,0.029583478,0.04538521,2550.311535493522,459.6667108298519,117.89912854465362,66.74560894647308,-5.5230865,3.1321774,0.02,0.0,0.02,1,0.02,False
TR438358,ART25707984,1323000,22050,60000.0,143.5546875,2583.2524754482183,724.5422250726733,5940.043248037805,1315.4395903799532,1.590386,1.5194952,0.32993218,0.078689136,0.0814945941369969,0.05027810875108933,0.024469467,0.027362203,2772.23359808788,332.0656053984975,140.15147585633565,125.8281809828606,-4.195049,2.5629804,0.0,0.0,0.0,0,0.0,False
TR320814,ART07024718,1323000,22050,60000.0,143.5546875,2943.2235962622813,1019.2527249211162,6639.684850734085,1741.814136377934,1.5945947,1.3474333,0.28916812,0.06669241,0.10002433847716719,0.0592031464054937,0.033149786,0.03549081,3008.7246396274804,407.72577055466826,78.78859926444707,36.170871254499666,-4.643791,2.0556312,0.0,0.0,0.0,0,0.0,False
TR108446,ART25707984,1323000,22050,60000.0,161.4990234375,1817.3138873150397,1009.9430188433145,3827.9976859550356,2175.4685348720814,1.2679937,1.1711411,0.17948847,0.12166694,0.07268002158717106,0.06957201246084918,0.013334958,0.02795058,2070.0255413173213,668.3206983757096,162.37711703028174,123.68880119691684,-12.12654,5.408452,0.0,0.0,4.27,23,0.19,False
TR204867,ART25707984,1323000,22050,60000.0,92.28515625,2288.7942012305684,763.8163745104187,5143.5605642596265,1562.3906937573752,2.0381083,2.419885,0.17304422,0.09265687,0.07933890044504643,0.05424785711062478,0.017607208,0.027853373,2581.9763048135196,354.2912446587209,142.42450464812165,101.74274774712666,-10.40179,5.2751102,0.26,0.0,3.11,42,0.07,False
TR231277,ART07024718,1323000,22050,60000.0,92.28515625,2807.7269045584458,901.6870455377376,6293.45361101369,1577.9204710392637,1.5036188,1.2099957,0.28897405,0.07630001,0.11287252231279024,0.07318880505834843,0.03815994,0.041360095,2872.4871027710747,387.8487363620793,82.14311099312903,44.501475823830226,-4.88367,2.4852045,0.0,0.0,0.0,0,0.0,False
TR137864,ART25707984,1323000,22050,60000.0,89.10290948275862,2490.6891431177405,832.211076245654,5970.197232367454,1748.000103994752,1.8469796,2.0291705,0.1840928,0.09241872,0.08382507891108747,0.0544953020389357,0.023837624,0.03414372,2821.5437147183975,468.5123847468562,85.4097655385862,59.77790166780054,-8.955622,4.2159266,0.0,0.0,0.12,3,0.04,False
TR627217,ART07024718,1323000,22050,60000.0,89.10290948275862,2578.3297944505716,933.5006265159408,5762.1651569756195,1962.9494843645966,1.6375687,1.6790578,0.2801223,0.09780392,0.09813546101006192,0.07042620670388028,0.024940943,0.031239992,2726.5085455748012,505.7180495719359,111.04545001247256,79.02797066875377,-6.7363744,3.6887472,0.0,0.0,0.67,8,0.08,False
TR397401,ART25707984,1323000,22050,60000.0,86.1328125,2439.5797726657825,978.4208000645898,5215.605961944297,1780.5419500396226,1.8006068,1.9220115,0.25132328,0.06587064,0.10454698686629257,0.06905141065423573,0.02854587,0.041520607,2548.3853217315827,470.69332493161124,117.97779588525866,60.74943169022334,-4.874768,2.6270714,0.0,0.0,0.0,0,0.0,False
TR975259,ART07024718,1323000,22050,60000.0,123.046875,2884.191963822194,899.4186148707522,5988.642954162031,1463.9826851108055,1.7440329,1.7234734,0.27656114,0.10800676,0.13884912260545665,0.09237209317434542,0.035591405,0.039481167,2667.93918521207,323.68864736421614,133.90277686430736,78.43654506123342,-7.3719964,3.403694,0.0,0.0,0.14,5,0.03,False
TR115652,ART25707984,1323000,22050,60000.0,172.265625,2816.0268862172866,757.106540786772,6462.565088419722,1297.6720264112353,1.5256907,1.3859731,0.2238891,0.059775792,0.0965846389439822,0.0542321063401985,0.029499328,0.030104386,2918.3342212785183,326.7322887872402,81.96173098966786,64.49511558186074,-4.2830873,2.5626676,0.0,0.0,0.0,0,0.0,False
TR428837,ART07024718,1323000,22050,60000.0,112.34714673913044,2469.933140444117,879.5268909037724,5501.629232400711,1736.4529844568153,1.7727704,1.6408098,0.31669053,0.10432826,0.09314210496081657,0.0647872109251896,0.02671608,0.03973619,2649.5013305116418,419.806948910201,109.36650400767884,73.48050669063069,-5.6548033,3.1738615,0.0,0.0,0.0,0,0.0,False
TR411730,ART07024718,1323000,22050,60000.0,89.10290948275862,2904.0905397210104,961.6671860765857,6530.906341836179,1683.8067914248293,1.5637892,1.3994207,0.33600798,0.08795934,0.09577719862616099,0.0659220618014072,0.032715254,0.036684573,2966.0646639913625,408.7257030611487,84.51305562132883,40.09726863200173,-5.0573378,2.4781106,0.0,0.0,0.0,0,0.0,False
TR933884,ART25707984,1323000,22050,60000.0,129.19921875,3276.62179213778,920.6791931462378,6849.258583470395,1272.6839220035663,1.9444644,2.0374968,0.23221253,0.11992869,0.15052781237906346,0.09398906646585971,0.0497839,0.050886344,2901.7193995103175,311.15715661789835,228.5135411996895,106.84696696990466,-9.001111,4.274541,0.0,0.0,0.63,8,0.08,False
TR589489,ART25707984,1323000,22050,60000.0,151.99908088235293,2503.942311125199,1072.9557513965276,5204.20603087812,1742.623680079537,1.9802983,2.1381013,0.2386272,0.1119721,0.11579672987616099,0.0936257315931672,0.02233814,0.03685467,2471.3037567878405,470.5593847134624,147.74788135803558,93.22317681327802,-8.076152,5.5730505,0.09,0.0,2.62,50,0.05,False
TR552809,ART07024718,1323000,22050,60000.0,129.19921875,3019.281784993235,676.0494642819838,6590.864312611866,1086.2019884961373,1.4715096,1.2618043,0.3063209,0.06874562,0.10165698166602168,0.06372851837966793,0.036672067,0.03890766,2914.0167197141313,260.35222294191294,77.84370990475877,34.901041267523134,-3.0703733,2.283554,0.0,0.0,0.0,0,0.0,False
TR606252,ART07024718,1323000,22050,60000.0,161.4990234375,2646.010175744366,936.990152614137,5891.6602072701,1967.2783836157778,1.7033236,1.5639328,0.1402911,0.023681907,0.09310223369775542,0.05266709992083817,0.027793642,0.03242355,2787.2623696458136,516.634733325619,76.273476419219,32.76213123172343,-3.3963172,1.6727723,0.0,0.0,0.0,0,0.0,False
TR935336,ART25707984,1323000,22050,60000.0,112.34714673913044,2743.8689808695585,819.0646928949425,5965.701426219645,1441.2771962129632,2.0649242,2.2743435,0.17931163,0.087813236,0.13154833530863003,0.0744430223694652,0.034576055,0.043012902,2718.1631911629306,363.29728501379094,187.39804225412388,86.06104452154597,-9.141748,4.566752,0.02,0.0,1.16,33,0.04,False
TR525576,ART25707984,1323000,22050,60000.0,129.19921875,3063.869461954365,965.8657112885857,6139.287876566128,1413.1003916410373,1.8514007,2.2280562,0.17508917,0.1099654,0.1515616307686726,0.10363992889814207,0.03783027,0.04549327,2657.449696218663,336.2773885026619,164.37840674283166,88.58702234084184,-11.317687,5.2175007,0.02,0.0,1.65,34,0.05,False
TR704705,ART25707984,1323000,22050,60000.0,103.359375,3117.3607029985633,857.9257945903546,6943.633012801132,1344.3116004567928,1.7278755,1.6621324,0.27334198,0.09871724,0.12812110735535992,0.08159934852017078,0.04172044,0.04557751,3006.651801429051,306.76170628145553,152.653820889644,97.33152854607278,-6.504711,3.684523,0.0,0.0,0.28,9,0.03,False
TR672561,ART25707984,1323000,22050,60000.0,95.703125,2670.1151846110224,689.1617725494948,5990.538776031589,1302.9683825040495,1.7044083,1.7758852,0.24748056,0.09004544,0.11382508646962074,0.05065708606669592,0.030375257,0.030884437,2778.7590354214813,342.67868498632293,145.5904854352149,96.17211877762435,-6.8955636,3.4454877,0.0,0.0,0.26,2,0.13,False
TR162052,ART25707984,1323000,22050,60000.0,184.5703125,2193.156126895817,730.6391909695775,4532.130928157653,1575.867483890586,1.6603904,1.2876465,0.16328518,0.059860293,0.10041322501451239,0.052571210557019375,0.025528278,0.040485736,2309.9360659175795,416.11698873024795,143.14388685656616,62.483450165591385,-7.108679,3.507907,0.0,0.0,0.23,5,0.05,False
TR609228,ART07024718,1323000,22050,60000.0,86.1328125,2338.2869381828123,829.4898319351202,5415.083922395027,1787.9474890590288,1.5694677,1.642748,0.30373678,0.08626637,0.07125580495356038,0.05240401739290174,0.018769424,0.029300459,2686.681256079378,445.0365374016327,74.18546623217854,32.64553460220788,-5.081274,2.9224007,0.0,0.0,0.0,0,0.0,False
TR885055,ART07024718,1323000,22050,60000.0,103.359375,2382.211410391173,749.7684653963975,5754.102705728159,1866.0500692550524,1.6845645,1.5725147,0.38915625,0.0542451,0.05968822561919505,0.028405682101806617,0.015478656,0.01999628,2876.732900922001,440.08219794659516,81.59552198420927,73.88935514303365,-2.3375788,1.3969886,0.0,0.0,0.0,0,0.0,False
TR143367,ART25707984,1323000,22050,60000.0,99.38401442307692,2779.882140458868,909.8675024956093,6317.907629810251,1551.4976574400189,1.9517673,2.2434268,0.23199609,0.11323039,0.10107100637335527,0.07220565589777665,0.030658945,0.039516196,2899.5276446682506,366.949347641089,119.88581297472354,86.03539779211941,-8.299055,4.6508408,0.0,0.0,1.23,23,0.05,False
TR830393,ART07024718,1323000,22050,60000.0,151.99908088235293,2870.4398310161246,1046.2737486357964,6973.628664754861,2099.769898632447,1.8041402,2.1854298,0.37501752,0.09024371,0.08941064604295666,0.06532752735787749,0.023760214,0.031092484,3139.5616412821996,519.700588763729,80.56982500792869,63.42765317647157,-4.3772287,3.4852598,0.0,0.0,0.84,2,0.42,False
TR625764,ART07024718,1323000,22050,60000.0,129.19921875,2458.2257575520275,759.5426646824419,5479.379366942603,1667.0062422417022,1.5151637,1.357589,0.26165175,0.09492608,0.09680213573916409,0.05708564108511088,0.027933959,0.034464233,2694.015196909329,402.5043363122825,92.65973297385653,56.1415016975731,-6.509731,3.4123027,0.0,0.0,0.0,0,0.0,False
TR229193,ART07024718,1323000,22050,60000.0,80.74951171875,1806.4350682510556,766.0278294658359,3731.2982706831704,1813.9357020039765,1.0880446,0.95009714,0.033581965,0.036012784,0.07527222057614164,0.05160603682178249,0.033295054,0.1211596,2145.012901187547,572.3249501987126,201.1085483018773,144.34233853250933,-22.283752,10.777572,6.73,0.09,29.21,28,1.04,False
TR314648,ART07024718,1323000,22050,60000.0,86.1328125,3236.9848620597527,1169.5773745566946,6823.29207381966,1966.5223454219988,1.6100976,1.3176471,0.31449354,0.0714757,0.15938849198190788,0.10499778887229991,0.062582225,0.060018156,2998.0620656039705,466.31774034503934,115.35075921626321,45.395209073632074,-5.8183093,1.9071653,0.0,0.0,0.0,0,0.0,False
TR511876,ART07024718,1323000,22050,60000.0,89.10290948275862,3023.2385935062375,803.9872712427676,5782.044203436411,1276.2565929350528,1.5426679,1.490982,0.16377544,0.13047278,0.18574717613196595,0.10868204822771865,0.035716143,0.043058883,2448.0275922648507,467.5621821216528,140.1553243997334,86.6930719189698,-15.521074,10.888262,0.0,0.0,17.14,67,0.26,False
TR220174,ART25707984,1323000,22050,60000.0,95.703125,2865.979145572889,834.7409184246748,6271.895408039861,1290.0628292312747,1.9365516,2.1176276,0.2782609,0.12202032,0.12193898298422988,0.07394214924831444,0.038894348,0.04553742,2795.158573568302,349.96640578223423,138.1395762633476,97.66991424313072,-7.4124494,4.9025598,0.0,0.02,1.76,23,0.08,False
TR310455,ART07024718,1323000,22050,60000.0,151.99908088235293,2649.455713848235,904.0575932265397,6102.52143222112,1881.0646830323753,1.6881497,1.7255931,0.29683658,0.0799791,0.0969011525251548,0.06533637067228124,0.031021236,0.039363295,2879.609708759582,441.23467372031126,80.11306242505336,48.053797808273494,-5.3868093,2.4446278,0.0,0.0,0.0,0,0.0,False
TR901226,ART07024718,1323000,22050,60000.0,112.34714673913044,2060.2491082214237,876.4158245089018,4696.859098735608,2020.9897886647655,1.8585134,1.8601542,0.32445207,0.13525295,0.05731975921536378,0.05473088465215017,0.014782336,0.030404394,2525.064694761308,510.58824248010274,93.54095659398062,60.59497023835318,-6.749813,5.174325,0.0,0.0,1.3,8,0.16,False
TR998998,ART25707984,1323000,22050,60000.0,151.99908088235293,2658.7847177186786,741.319949348193,6162.079405415538,1518.3179558638299,1.6343571,1.7311337,0.3374309,0.13058028,0.08686530996033281,0.053102965293039726,0.0270668,0.033008296,2869.651103913946,389.3171389125799,93.41562666738379,66.99376376323778,-5.943888,3.8358214,0.0,0.0,0.0,0,0.0,False
TR561901,ART25707984,1323000,22050,60000.0,92.28515625,2599.036317364432,932.2322955855656,5922.839185401751,1720.0762535464219,1.9588726,2.206476,0.19588713,0.07869185,0.10163525088283669,0.07046689176347633,0.03139317,0.043439865,2748.0476327177503,419.7863244129704,115.92055011243174,75.5820164359254,-7.4223776,4.3407254,0.0,0.0,1.04,17,0.06,False
TR996231,ART07024718,1323000,22050,60000.0,123.046875,2609.6869381141996,973.791669260794,5781.744205250459,1901.8134309588888,1.6637522,1.5261514,0.28153917,0.07967177,0.10253263774671052,0.06693642630323003,0.027078755,0.034858063,2742.5344056480308,460.7027651234223,76.63347131189437,29.708434505069004,-5.402347,2.7142413,0.0,0.0,0.0,0,0.0,False
TR100524,ART25707984,1323000,22050,60000.0,129.19921875,2053.149899184691,849.4960466787477,4806.304270268963,1874.8483966164797,1.8217202,2.230457,0.32135397,0.07982287,0.05753102022058824,0.039509266297645146,0.011312642,0.015332044,2436.807259373698,622.3699833886359,89.66390755853593,33.490794010118385,-4.6350746,2.644593,0.0,0.0,0.16,2,0.08,False
TR234697,ART25707984,1323000,22050,60000.0,99.38401442307692,2563.558130761755,1196.8374916600753,5378.034146429954,2062.039450874108,2.4425068,2.8813581,0.19821046,0.11577921,0.11426839444659442,0.10109068952712218,0.03142248,0.04911317,2570.1129604202924,468.0159365834054,140.38930651844518,79.6640090297024,-10.052521,6.047724,0.0,0.0,3.88,55,0.07,False
TR237380,ART25707984,1323000,22050,60000.0,143.5546875,2293.352133406366,997.3209495807463,4911.307801993638,1963.89338605636,2.085914,2.59469,0.23316208,0.104354024,0.08602083282943111,0.06255842712138618,0.01781439,0.02681729,2453.3739716236646,520.179178056334,133.1677290189459,85.73278072591123,-8.002713,4.6476593,0.0,0.02,1.07,8,0.13,False
TR444078,ART07024718,1323000,22050,60000.0,151.99908088235293,2686.7733381920707,977.6965578811582,5816.435662142632,1602.6812747574686,1.6582428,1.5280541,0.32097018,0.09415791,0.118033299874226,0.09023147369191101,0.034424946,0.047566175,2706.471683635118,387.37886307245077,124.65529284900022,95.86533804408819,-5.4944234,2.8347826,0.0,0.0,0.07,3,0.02,False
TR744298,ART25707984,1323000,22050,60000.0,92.28515625,2691.2825402566773,785.7854519787323,6047.384265628023,1611.7901710828778,1.6478353,1.686176,0.29667848,0.083131015,0.09782782870549536,0.06396095396938055,0.03129805,0.04194893,2806.354051848409,390.3565669485486,126.11945611798113,114.80365604514387,-5.3073945,3.0512674,0.0,0.0,0.14,3,0.05,False
TR446619,ART25707984,1323000,22050,60000.0,129.19921875,2898.908631135708,833.9425684945984,6946.937159488076,1483.6680744957664,2.1778946,2.4511714,0.33736187,0.10796125,0.07877049874226007,0.05833807286234642,0.023152605,0.030080458,3118.6577429077247,359.10689665733173,98.64002735273631,64.62777904620219,-5.890908,3.4095986,0.0,0.0,0.14,3,0.05,False
TR273806,ART07024718,1323000,22050,60000.0,117.45383522727273,2993.242979489683,755.1553800037863,6992.636883148099,1301.138893058617,1.3477381,0.7676854,0.3014356,0.040257458,0.095389256905476,0.0505018689426849,0.032596365,0.033354875,3108.292158090755,328.5661804322781,78.29520931932556,60.70732781342603,-2.9697115,1.2332841,0.0,0.0,0.0,0,0.0,False
TR448877,ART07024718,1323000,22050,60000.0,135.99917763157896,1790.3185623039221,937.9695105360056,3856.7308455428843,2138.189749048496,1.3965355,1.5092512,0.25283808,0.08044901,0.06150454116679566,0.04165445055799877,0.009459692,0.020115755,2181.7318320150744,669.2418894634454,84.65827953283781,38.967371557651866,-5.287897,4.195078,0.0,0.0,1.23,3,0.41,False
TR870721,ART25707984,1323000,22050,60000.0,151.99908088235293,2842.026624823433,780.5895616692017,6202.566660594645,1407.5790203221513,1.6198924,1.4682089,0.2314096,0.102684304,0.13227338761368035,0.06813131332216812,0.046520915,0.050365917,2799.608231870297,323.57944970900814,158.64294065338748,88.60720760021498,-8.641265,3.8584101,0.0,0.0,0.28,9,0.03,False
TR166646,ART25707984,1323000,22050,60000.0,99.38401442307692,2746.6575503651256,685.8929853194371,5954.522327151461,1403.4523676533463,1.5304025,1.2616932,0.29475933,0.07203456,0.12675584728134676,0.05559594445828575,0.037203204,0.036225185,2741.134626651232,378.9485315382698,125.6258803985076,87.84662855498118,-4.342369,2.555209,0.0,0.0,0.0,0,0.0,False
TR267048,ART25707984,1323000,22050,60000.0,89.10290948275862,2239.3575093062104,750.6750663696293,5030.169583252709,1772.0653590055895,1.4573216,1.1437817,0.3070007,0.14222653,0.07481681894591719,0.04403308058923103,0.013828204,0.018467749,2575.76437010328,439.6351823323442,113.55804351923561,94.59439951492939,-7.453301,4.83437,0.0,0.0,0.53,3,0.18,False
TR218393,ART25707984,1323000,22050,60000.0,92.28515625,2959.5651681938666,1161.6994175447662,6274.270393678647,1716.983591104618,2.410551,2.8643231,0.22637297,0.13606955,0.11537553060903638,0.10154386680246244,0.033257462,0.042871986,2765.5292964584864,391.9565855929871,166.54452659436538,86.39432131914327,-10.378244,6.8718534,0.0,0.0,4.64,61,0.08,False
TR251094,ART25707984,1323000,22050,60000.0,143.5546875,2307.2418549752824,805.380211651818,5325.980294525808,1625.973761129852,1.7285517,1.8800426,0.36571485,0.09730903,0.06300434313322369,0.04169200561696215,0.011225176,0.01809694,2655.9099612247364,432.09349004284337,78.71009762034305,37.31043152207346,-4.98026,3.7025087,0.0,0.0,0.86,6,0.14,False
TR845575,ART25707984,1323000,22050,60000.0,123.046875,2769.4563498753973,839.0646459705122,6053.238396895559,1274.7459119622451,1.676659,1.9619483,0.26548356,0.07357438,0.11543618783862229,0.0799190133805901,0.031118134,0.03251169,2779.507557629948,325.8322052867295,136.20867808924626,89.13277157627557,-4.789011,3.2043717,0.0,0.0,0.3,6,0.05,False
TR105364,ART25707984,1323000,22050,60000.0,123.046875,2949.033065483926,904.8835886633656,6247.541388638618,1360.2073589197057,2.0687447,2.4752686,0.07457706,0.04378295,0.12657066321594426,0.08560128672729923,0.032321386,0.03550049,2744.8608727106603,363.6966396519813,163.17406354370482,122.34322558288483,-9.323947,5.486256,0.0,0.0,1.46,31,0.05,False
TR550520,ART07024718,1323000,22050,60000.0,95.703125,2403.858066776787,976.7300732459614,5511.083341899671,2035.3784539678868,1.6717597,1.6360409,0.14367385,0.05760319,0.09286092752273607,0.06720857393411349,0.020332575,0.027325258,2715.844973062185,500.2590481364458,122.80972991053872,69.21736779427896,-6.940395,3.497116,0.0,0.0,0.0,0,0.0,False
TR709616,ART25707984,1323000,22050,60000.0,92.28515625,2731.4568522709383,642.9396630883327,6397.3946491631195,1114.8622166251478,1.8852209,2.2998257,0.4344687,0.13506806,0.08163782834268576,0.06366000212333334,0.028339785,0.035689496,2894.652494324796,261.87294461896226,92.5649831404045,71.37574572418154,-4.1815763,3.6230307,0.0,0.0,0.09,4,0.02,False
TR121405,ART25707984,1323000,22050,60000.0,92.28515625,3300.4832510549545,1008.4148235840637,7006.170134647712,1631.0808283138279,1.548997,1.3729383,0.30654883,0.106246315,0.1646284451794698,0.09644924102166527,0.05979486,0.052640107,3026.3055440672406,412.7029306067661,123.09815919104639,81.90205250732512,-6.2607384,3.120726,0.0,0.0,0.0,0,0.0,False
TR561056,ART25707984,1323000,22050,60000.0,99.38401442307692,2888.833646469172,927.9529047253964,6597.3976064392655,1572.7097058528059,1.7126068,1.9678353,0.24986976,0.12012665,0.11713988124032508,0.07259375884818194,0.034917627,0.039566465,2978.370792148068,378.13370637020535,146.51068860305446,117.01515990098486,-8.406215,4.2707505,0.0,0.0,0.42,9,0.05,False
TR838304,ART25707984,1323000,22050,60000.0,92.28515625,2521.037461623832,896.1111305168521,5513.991657646817,1790.0135845992577,1.7640985,2.1271691,0.2740925,0.11563385,0.10451883132981811,0.07154779457591465,0.02806683,0.03902213,2644.43606972902,480.7759768630909,124.22800399098463,89.49593697032242,-8.437976,3.9817958,0.0,0.05,0.6,13,0.05,False
TR800085,ART25707984,1323000,22050,60000.0,151.99908088235293,2983.151528209872,867.881706544937,6438.440234299414,1354.9993539348332,1.6997552,1.6427397,0.15170664,0.071382426,0.13958286722378097,0.08508497761834607,0.04722943,0.04899175,2845.76765626889,353.88612351189414,145.90131677266345,95.58975869291912,-8.052305,4.740948,0.0,0.0,1.04,12,0.09,False
TR791255,ART07024718,1323000,22050,60000.0,103.359375,2898.0177850508453,1137.9941741940052,6274.124561227143,1886.5275955738996,1.764858,1.688362,0.2569929,0.085010715,0.1121983011440596,0.09214885519111332,0.040204328,0.051982135,2861.8771657387642,452.7776628655273,97.97346553860832,73.59476403609892,-5.191366,3.5011613,0.0,0.0,0.26,3,0.09,False
TR351380,ART25707984,1323000,22050,60000.0,143.5546875,3155.431468403498,1000.480954379839,6639.639017677898,1466.3652325970168,1.525357,1.8036685,0.28375092,0.09958694,0.14243791420762383,0.08887776307233998,0.047770124,0.046365783,2886.8498665736884,376.10771533525457,129.85027273362132,71.5725197164087,-6.3213544,6.3766966,0.0,0.0,1.72,7,0.25,False
TR978195,ART25707984,1323000,22050,60000.0,112.34714673913044,2862.9953853194784,853.0523053233928,6207.779129075561,1364.8430837161734,2.1124313,2.4997983,0.25672963,0.10950592,0.12728418875773995,0.06838329229927266,0.040207192,0.04122312,2750.895925269079,383.01809012286196,110.22215662590034,75.89284580092176,-7.070311,3.83401,0.0,0.0,0.02,1,0.02,False
TR409731,ART25707984,1323000,22050,60000.0,103.359375,3309.79718378885,825.9223699936849,6868.029303299753,1350.4891495253169,1.6209443,1.675567,0.26647738,0.07519372,0.14405732996323528,0.0790025197308915,0.05559579,0.052754767,2923.9341670973654,362.03928479471637,113.87754392240184,79.76870258909929,-5.422167,3.122923,0.0,0.0,0.19,3,0.06,False
TR247713,ART25707984,1323000,22050,60000.0,184.5703125,3209.9968090016214,770.4938948298399,6723.988507628072,1278.998991186954,1.5738974,1.294933,0.245572,0.07641874,0.15063117532169118,0.07501009164858469,0.05204789,0.048928548,2920.2379604201487,316.6629722626043,125.16613986024517,76.9232425003166,-5.3783336,2.9385018,0.0,0.0,0.0,0,0.0,False
TR448308,ART25707984,1323000,22050,60000.0,103.359375,2698.5979776693807,1001.7923694243236,6125.667125595613,1761.5931923547748,1.7927289,1.7756884,0.30224228,0.13174544,0.09503060450125773,0.0778482780720496,0.031033847,0.04331293,2817.644571884939,409.7510695998618,93.75689115772323,42.50661791206135,-7.5529084,4.0509453,0.0,0.0,0.12,3,0.04,False
TR466521,ART25707984,1323000,22050,60000.0,92.28515625,2661.663814144753,808.5305452985407,6336.161686097136,1479.393797910321,1.791543,1.7996527,0.28220803,0.0939112,0.0816223333494582,0.05967241987176044,0.023032462,0.029370481,2938.5458073730165,362.7057048274059,95.12022388234912,69.06009529463832,-5.987369,3.7092519,0.0,0.0,0.16,6,0.03,False
TR466354,ART25707984,1323000,22050,60000.0,117.45383522727273,2933.7285954028926,916.8909377567443,6526.75636693051,1330.4127277388145,1.9756535,2.26283,0.24919601,0.06655339,0.11578085695626934,0.08939350180796732,0.03436039,0.04411192,2890.950888044627,352.70244137111666,135.82008899075163,94.96430723182633,-4.477078,3.1747591,0.0,0.0,0.23,9,0.03,False
TR412854,ART25707984,1323000,22050,60000.0,143.5546875,2768.9574265751826,759.7227665425049,6415.198708171077,1373.1564525897788,1.5550038,1.4975896,0.30918175,0.08649566,0.09189173459268576,0.0604595677393449,0.027302455,0.029620849,2910.5165645904635,345.7566950428733,91.5199509951334,61.79311440455377,-4.9902864,2.7179024,0.0,0.0,0.0,0,0.0,False
TR601309,ART07024718,1323000,22050,60000.0,123.046875,2983.4938387168254,1040.3444203708457,6637.02236683376,1647.9883659336872,1.6056325,1.3668128,0.3078031,0.092273,0.12498204848345588,0.09659966539656605,0.039797746,0.04343449,2957.098806413096,394.4510313109297,113.745007014868,66.07483754927424,-4.991203,3.14756,0.0,0.0,0.07,2,0.03,False
TR674795,ART25707984,1323000,22050,60000.0,198.76802884615384,2426.4411582930347,891.9233578453591,5624.8243207902,1984.9792442665168,2.183662,2.5519423,0.25222558,0.10412876,0.08122834480214783,0.06329251441791892,0.021934655,0.034225248,2765.937954101023,474.8147123495177,98.16864424667047,63.32654741306968,-6.264022,4.1045423,0.0,0.0,0.39,5,0.08,False
TR775377,ART25707984,1323000,22050,60000.0,151.99908088235293,2919.629121165237,866.8974313446288,6554.785364109665,1555.9135095523236,1.9425321,2.2690656,0.25428408,0.10255398,0.11693750151170666,0.07341568945545675,0.032554217,0.037980378,2949.677669149605,358.8141347033539,120.51257114036684,84.72812864981242,-8.362128,3.5473115,0.0,0.0,0.39,12,0.03,False
TR840488,ART07024718,1323000,22050,60000.0,151.99908088235293,2838.654455630694,859.4862929982629,6380.186419885594,1521.6857561199292,1.2316567,1.0259607,0.32492903,0.07256411,0.1081002533620356,0.06362261165252785,0.0397037,0.03884049,2877.608313588231,379.36225964905117,76.59519496827865,26.080154090365202,-3.7734122,3.4703767,0.0,0.0,0.67,2,0.34,False
TR290267,ART25707984,1323000,22050,60000.0,112.34714673913044,2815.662365484809,1110.0141315699946,6058.934195787176,1592.278012397347,2.1598167,3.187946,0.24592888,0.12184903,0.11340313134916796,0.0986315355858691,0.032913316,0.043283764,2761.4498278430624,388.99338158587744,111.63681564396349,62.04753779561008,-8.664171,10.41317,1.0,0.0,4.18,46,0.09,False
TR873026,ART25707984,1323000,22050,60000.0,123.046875,2488.408942694145,703.2470394549623,5678.6823284515285,1299.4466627044442,1.7290589,1.5910993,0.25063226,0.08249801,0.0846117332623839,0.052661134411570484,0.022033427,0.027750101,2704.6132493811283,337.2396357446434,113.7073278825942,65.58054386247568,-4.7369027,3.1660988,0.0,0.0,0.0,0,0.0,False
TR583833,ART07024718,1323000,22050,60000.0,92.28515625,2391.652917292042,816.839123425695,5240.46831160507,1776.2701397823269,1.5262303,1.4205096,0.13163176,0.057768576,0.09862808841669891,0.061610600898310094,0.023293097,0.02956381,2654.1149725974105,437.91258762988195,128.5645775351632,55.25869618133051,-8.12331,3.951724,0.0,0.0,0.09,3,0.03,False
TR424160,ART07024718,1323000,22050,60000.0,117.45383522727273,2489.2489260283232,519.5659572441413,5035.52788418513,1120.8897685226084,1.2760623,1.007723,0.25002703,0.056893323,0.12393141235729489,0.039885744626015754,0.029547974,0.026325822,2374.532599358478,399.631508665071,83.96654504047035,45.05322358251927,-3.6818378,2.3907301,0.0,0.0,0.0,0,0.0,False
TR453640,ART07024718,1323000,22050,60000.0,123.046875,2335.3037702783217,1135.886531342059,5145.989716237544,2507.0554064273947,1.6526425,2.0242672,0.24488604,0.07833506,0.07974743916892414,0.06715456958880062,0.02332822,0.039883174,2600.7700001008666,668.9263315976021,90.58177032162516,57.573901421198705,-6.303839,4.7949324,0.0,0.0,1.93,7,0.28,False
TR693094,ART07024718,1323000,22050,60000.0,95.703125,2848.539130428838,940.4093818924922,6205.2333111364405,1590.7406928319745,1.6337825,1.5446899,0.0114630675,0.0040456457,0.13390697561919504,0.0854566351378118,0.048419908,0.053021256,2799.043251466415,366.2090728866207,112.43557131086723,74.43267555120359,-6.9675965,3.2527733,0.0,0.0,0.07,1,0.07,False
TR684216,ART07024718,1323000,22050,60000.0,103.359375,2460.864522878057,1081.0121928474089,5122.3940255841235,1918.5752613190464,1.7268565,2.1207466,0.26513326,0.14663127,0.10297141060371517,0.09113294055763832,0.03162449,0.05140607,2522.673450647852,455.6609689040801,114.37975654224932,74.44400125796493,-10.104533,5.4829125,0.0,0.0,2.48,31,0.08,False
TR770885,ART07024718,1323000,22050,60000.0,99.38401442307692,2063.613368693174,846.0492892112272,4575.576498781565,2056.572940646724,1.7866375,1.7826784,0.2610641,0.06567263,0.05800645196400929,0.03272245179816709,0.012252874,0.017979106,2494.341007276875,548.7815126496504,68.17264601876249,32.701163432645984,-5.4695516,2.1850865,0.0,0.0,0.0,0,0.0,False
TR884950,ART25707984,1323000,22050,60000.0,123.046875,2517.4227168225193,1061.0994202980712,5764.485976275276,1864.2810082868612,2.1893115,2.2893503,0.32045764,0.1445078,0.06746179917279412,0.07045395317587382,0.01843161,0.0351986,2810.0935990269836,417.17799798691334,144.5625151601635,112.93090303896932,-6.425705,5.3783603,0.0,0.0,1.23,17,0.07,False
TR113702,ART07024718,1323000,22050,60000.0,123.046875,2391.6073048770486,949.9749751129484,4883.220471833882,2024.3793740486078,1.9827545,1.9725325,0.2601442,0.09685534,0.10697138641640867,0.07742408538282837,0.033661313,0.048532266,2479.3702033979707,503.04846265780685,118.70182333210509,65.91237544805306,-6.342466,3.8448203,0.0,0.0,0.33,1,0.33,False
TR300576,ART25707984,1323000,22050,60000.0,86.1328125,2853.568346619697,700.6796091717036,6468.206720972209,997.0675185209933,1.5418142,1.4954383,0.2266053,0.08130614,0.1112600982004644,0.05426710076588802,0.030345896,0.031139167,2890.6059668901103,258.9960490103547,104.7508203220882,67.70984381727241,-6.2891917,3.3267696,0.0,0.0,0.0,0,0.0,False
TR303682,ART07024718,1323000,22050,60000.0,184.5703125,2714.4977453781266,1220.6100715764464,6037.234327003313,2347.5449841527848,1.8546904,2.1284244,0.33901095,0.10226877,0.09778361128579721,0.07232124703706674,0.021016793,0.031843312,2836.698507692008,632.5170604081028,114.62667325337863,100.72304033410967,-6.086967,2.896539,0.0,0.0,0.0,0,0.0,False
TR919804,ART07024718,1323000,22050,60000.0,172.265625,2139.582334403063,923.1708795638993,4906.916161882619,2387.8012824726575,1.5020548,1.3599693,0.29159635,0.09169235,0.06241723406056501,0.039070487321228406,0.01106746,0.015500225,2581.1591446831144,649.8349342842448,82.7025616963002,44.896585878194266,-5.41492,3.752034,0.0,0.0,0.74,2,0.37,False
TR511007,ART07024718,1323000,22050,60000.0,112.34714673913044,2639.204517841734,947.7899486765101,6024.996901001355,1708.6524594144994,1.6558543,1.9604323,0.33190694,0.06066112,0.08515254631869196,0.06139775054921563,0.023354596,0.024793517,2850.951608196638,400.2506447675805,83.86222409764464,30.14983901811646,-3.1280851,1.9823171,0.0,0.0,0.0,0,0.0,False
TR591369,ART25707984,1323000,22050,60000.0,95.703125,2863.8153607454087,976.4809330175857,6531.252173078318,1645.5918134413537,2.1780334,2.4336386,0.2343387,0.14677906,0.09821104634287926,0.07140144337493147,0.025730392,0.028924046,2968.396831811959,373.2782576934259,151.87150688267076,88.87504951883861,-10.221494,5.725731,0.0,0.02,2.37,45,0.05,False
TR991289,ART25707984,1323000,22050,60000.0,89.10290948275862,2239.3575093062104,750.6750663696293,5030.169583252709,1772.0653590055895,1.4573216,1.1437817,0.3070007,0.14222653,0.07481681894591719,0.04403308058923103,0.013828204,0.018467749,2575.76437010328,439.6351823323442,113.55804351923561,94.59439951492939,-7.453301,4.83437,0.0,0.0,0.53,3,0.18,False
TR981948,ART25707984,1323000,22050,60000.0,92.28515625,2576.8225257796284,937.0682118032706,6193.975045880297,1811.700388712822,1.8760005,1.974646,0.23086813,0.066432014,0.08615858709849071,0.06745159581246415,0.026817497,0.03774105,2917.8356192510137,417.6011678874617,88.91255362390869,59.48863917050576,-4.5916266,2.9892168,0.0,0.0,0.0,0,0.0,False
TR854907,ART07024718,1323000,22050,60000.0,143.5546875,2610.72651093644,1071.9097616155664,6177.708477575344,2449.582625494405,1.5506086,1.6800168,0.3268749,0.10397026,0.091317286063274,0.07140171030541942,0.021667331,0.033647984,2905.481732133782,669.1528368610217,78.12706087714106,51.23876291790086,-6.423215,5.2669597,0.0,0.0,1.42,6,0.24,False
TR116528,ART07024718,1323000,22050,60000.0,123.046875,2647.629632070966,849.7348748954755,5925.959999863946,1793.746334433201,1.5484381,1.3497179,0.2724891,0.08697013,0.11351556453173374,0.07177102602513881,0.036118086,0.044583462,2798.603107086428,407.67655736846865,91.41465884732635,54.81584276476633,-6.2903023,2.9574823,0.0,0.0,0.0,0,0.0,False
TR832166,ART07024718,1323000,22050,60000.0,117.45383522727273,2186.097899609076,830.04033543218,4969.386617465654,1918.851551864433,1.7915952,2.2149231,0.34560782,0.1510269,0.07335405379256967,0.055537387829495966,0.022641491,0.036289725,2462.8066512877363,562.8072088918688,106.9511566918285,91.75057553518502,-6.520079,4.275569,0.0,0.0,0.28,4,0.07,False
TR377739,ART07024718,1323000,22050,60000.0,123.046875,2939.8113616623623,835.6391691898207,6561.68115574509,1488.1362662444785,1.440065,1.1759613,0.32874236,0.10146061,0.12060565771333204,0.07170951692975598,0.042800847,0.04535546,2928.5856527842348,366.6630401240173,135.82502286135028,94.94079552852422,-5.6979933,3.0824575,0.0,0.0,0.0,0,0.0,False
TR646735,ART25707984,1323000,22050,60000.0,86.1328125,2788.0439309918443,975.3734642787036,5968.293077214953,1563.1262140145989,1.592651,1.8508267,0.1602997,0.06100507,0.12975734084752322,0.08189893722021153,0.0387736,0.048611898,2725.158373151686,397.68161354734104,123.0267909394891,76.78873399867587,-6.9286776,3.8335319,0.0,0.0,0.21,5,0.04,False
TR344080,ART25707984,1323000,22050,60000.0,129.19921875,2715.7342246593157,979.0416504216898,5802.010749368106,1838.3591744929454,1.86646,1.9322006,0.23154652,0.11681967,0.12067255073287539,0.07741894041529163,0.039852504,0.050861478,2667.028585080952,472.8424549234877,148.08005108373868,89.08259629537004,-8.850784,4.3347974,0.0,0.0,0.44,8,0.06,False
TR935995,ART07024718,1323000,22050,60000.0,89.10290948275862,3146.568626074411,1016.5237552646607,6752.9966655530425,1404.6153755151454,1.554178,1.3885856,0.01047094,0.0042902734,0.13117796717782507,0.11440525812579806,0.050146434,0.06352975,2918.711918327445,334.85119562479906,86.27910964578743,60.19070912923685,-7.4015417,4.2433763,0.0,0.0,1.23,21,0.06,False
TR842840,ART07024718,1323000,22050,60000.0,129.19921875,2997.350758026711,1096.351756553369,6739.884244842057,1664.4710880423825,1.6862466,1.430592,0.31972057,0.072271824,0.11585700917908281,0.09029788134996342,0.038208228,0.044555992,3017.084029568931,365.57842429315014,123.31561656824556,61.178667585051656,-4.6576037,2.2094357,0.0,0.0,0.02,1,0.02,False
TR674523,ART07024718,1323000,22050,60000.0,172.265625,2963.1011328651107,924.7469569479264,6457.110954733456,1400.121632273864,1.4249166,1.1784223,0.16546032,0.037609927,0.13278245483020512,0.07841495714867969,0.043448787,0.041958153,2880.514746730435,352.70456187349106,98.21876264193766,62.05688821369999,-5.222296,1.9335,0.0,0.0,0.0,0,0.0,False
TR419042,ART07024718,1323000,22050,60000.0,95.703125,2775.691023365019,833.2396313462215,6111.825542627104,1422.7768670848643,1.7800463,2.0144482,0.12033995,0.06819874,0.11000084655572756,0.07559146431539007,0.033464525,0.041584473,2798.0574254381786,351.872279982388,111.64502416479081,70.1350565160889,-9.564735,5.202934,0.0,0.0,1.58,30,0.05,False
TR850160,ART07024718,1323000,22050,60000.0,143.5546875,2305.2528361547147,965.9645652480774,5616.3868718102985,2359.4105504066697,1.7527668,2.112312,0.358773,0.072158396,0.057268172225715945,0.044449354644782946,0.012414738,0.017930627,2816.908807243467,641.1950003004031,81.99872046758794,44.61782243264835,-3.7069142,2.5604925,0.0,0.0,0.19,1,0.19,False
TR340036,ART25707984,1323000,22050,60000.0,86.1328125,2820.333837057158,827.702724969236,6558.372842416675,1406.6706581915516,1.773131,1.9596149,0.21699783,0.0720268,0.0972970307057856,0.06303773980841278,0.028240122,0.0362501,2963.2841537287177,383.4575242329244,112.602181114181,86.92321443068111,-6.9307246,3.2062047,0.0,0.0,0.12,3,0.04,False
TR824115,ART07024718,1323000,22050,60000.0,129.19921875,3428.656930479283,797.907680637145,7275.2185077490085,1234.8950021913397,1.4698544,0.98360664,0.34054253,0.05971292,0.164324025251548,0.08022536646943997,0.06927587,0.05639873,3024.9545302043457,308.9900495372849,106.70812041517213,67.3094901052406,-2.8255947,1.6217076,0.0,0.0,0.0,0,0.0,False
TR344030,ART25707984,1323000,22050,60000.0,184.5703125,2852.275659820053,1293.6820559341083,5861.339557281589,2164.16052596344,2.3187535,2.760996,0.18272525,0.114055544,0.13595703880853327,0.11154382847856152,0.0466339,0.0646816,2654.735344079303,512.8793596043829,146.8396477810412,75.49447888331639,-10.455853,6.339441,0.0,0.0,2.86,37,0.08,False
TR721039,ART07024718,1323000,22050,60000.0,143.5546875,1729.3567820294502,686.6778550151352,3666.223664180413,1713.7400410847943,1.2491559,1.2250614,0.24549708,0.10714081,0.0650307859060565,0.03003776126633388,0.009352015,0.017551532,2115.78084909658,568.1843623440402,91.43439980935564,46.85937236333147,-9.815561,4.4470696,0.0,0.0,2.0,7,0.29,False
TR349321,ART25707984,1323000,22050,60000.0,99.38401442307692,2725.0379275124337,704.2337546773916,6494.806560126621,1315.5045318497064,1.668414,1.8521411,0.3209573,0.115800574,0.08757940239212461,0.05114377149039565,0.024880199,0.028356154,2981.455326953558,318.89343782160245,92.29389325814412,63.49075657431059,-6.690422,3.761591,0.0,0.0,0.26,8,0.03,False
TR643848,ART07024718,1323000,22050,60000.0,99.38401442307692,2622.1935442658287,1175.5665696061542,5719.815413058726,2311.485224581946,1.6482472,1.5585662,0.27197418,0.06814666,0.10412824412248452,0.07664301309878792,0.03430708,0.047514115,2729.7451734202104,590.4533273144018,92.10408741555074,35.45122749242071,-4.8743415,2.3585892,0.0,0.0,0.0,0,0.0,False
TR285089,ART25707984,1323000,22050,60000.0,161.4990234375,2528.9380779670796,783.1246211252119,5450.654540637698,1388.2617776974869,1.6986543,1.5827408,0.42921853,0.07107126,0.08144338507401316,0.042126376034435066,0.021200888,0.023819456,2574.957804786668,383.9273662097303,135.61383422294193,115.94822650816478,-2.6700044,1.7115086,0.0,0.0,0.0,0,0.0,False
TR246839,ART07024718,1323000,22050,60000.0,99.38401442307692,2704.682297122755,857.6211407219276,5646.240857953996,1550.5946642891565,1.5077369,1.3042995,0.29544067,0.07607661,0.12617988704527863,0.07251610608191658,0.03763951,0.03925949,2599.893969872682,379.8985981563533,144.0115803732035,102.71558369093361,-5.062517,2.3366556,0.0,0.0,0.0,0,0.0,False
TR417353,ART07024718,1323000,22050,60000.0,92.28515625,1880.756005167711,600.2297657669819,3939.5095116582816,1294.145009995304,1.6499736,1.4643276,0.13775137,0.051325202,0.07215999449738777,0.0388751756390889,0.0057490985,0.009076658,2053.8836469825164,390.4681979548336,82.7868118267379,52.724832508962976,-6.803524,3.466748,0.0,0.0,0.14,3,0.05,False
TR506768,ART25707984,1323000,22050,60000.0,117.45383522727273,3050.393711041033,979.5156491500591,6547.068744104344,1626.540897228111,1.9976788,2.3486013,0.28731748,0.11867118,0.14075708536909828,0.08681382010954918,0.055410933,0.07043294,2876.6344235913866,380.364176458561,169.3216306050465,94.9260642654458,-7.151786,3.8167732,0.0,0.0,0.09,4,0.02,False
TR414330,ART07024718,1323000,22050,60000.0,151.99908088235293,2253.725989454234,1760.4009553798528,4239.12019995344,2862.441920460699,2.2207766,2.5761776,0.11125554,0.07929454,0.10699009378628097,0.15125928279616474,0.016689846,0.03275446,2427.449437769767,612.6527459873438,194.09435515444548,95.48944137517974,-15.698194,8.90564,0.12,0.02,15.88,108,0.15,False
TR633813,ART25707984,1323000,22050,60000.0,143.5546875,2760.518319447232,689.2213196255689,6108.346396998355,982.9647690876543,1.3761215,1.1331815,0.312145,0.072475515,0.10675275584123452,0.05458817585206947,0.024504524,0.023318734,2801.6539088797153,260.5020711215662,114.05931348228432,73.19107710504369,-4.6039777,2.275344,0.0,0.0,0.0,0,0.0,False
TR998660,ART07024718,1323000,22050,60000.0,123.046875,1488.6313097947677,681.5547414231921,3090.2896467746227,1732.960426143566,1.4023222,0.98058116,0.11171654,0.0471237,0.05948433418392028,0.0368800917603278,0.003960961,0.008400764,1937.2202570584845,539.3473255065195,92.50994394419136,48.10073211387328,-8.876424,3.6413383,0.0,0.0,0.37,2,0.19,False
TR176424,ART25707984,1323000,22050,60000.0,198.76802884615384,2696.167149871878,1029.4788032931365,5813.40234715134,1859.4644025508758,1.8168851,2.2322552,0.24545018,0.093267865,0.07534062530234133,0.05614655143356467,0.020934848,0.028485034,2721.486375504441,513.9838143254661,113.54159702839144,102.62653279243762,-7.8758607,3.6589205,0.0,0.0,0.33,8,0.04,False
TR877490,ART25707984,1323000,22050,60000.0,95.703125,2798.6071447172158,952.402302039347,5837.323035839541,1505.2826365352344,2.0829432,2.4402697,0.24755685,0.097483814,0.11460248161764706,0.08124710294434669,0.03747156,0.043141644,2674.315801784418,365.6937597830309,122.98987814819247,89.81691914541706,-7.0627728,3.8793242,0.0,0.05,0.37,9,0.04,False
TR676171,ART25707984,1323000,22050,60000.0,95.703125,2700.388618979858,843.7184900787856,5775.177578291287,1388.3532062647603,1.9699987,2.0644782,0.29664013,0.110966265,0.10852258640915248,0.07422558465882667,0.03486315,0.04351881,2670.5674899416545,365.9402846992988,111.73872016427292,86.85256598667603,-6.0025783,3.7763073,0.0,0.0,0.14,4,0.03,False
TR375955,ART25707984,1323000,22050,60000.0,161.4990234375,2680.5060534087247,729.0254143083246,5981.709662753362,1362.4511877448897,1.6611695,1.7641833,0.21499653,0.07669179,0.11482621420278638,0.055162962384155634,0.034331914,0.03231636,2753.4551034588517,334.13944179140367,127.37275910960398,91.78032212979899,-6.1275063,3.9508195,0.0,0.0,0.63,6,0.1,False
TR195519,ART07024718,1323000,22050,60000.0,135.99917763157896,2299.856193192262,929.1440066136139,5296.534639246323,2237.5811706282175,1.9767917,1.8166891,0.21418326,0.05683976,0.06938412314967106,0.04914572005130655,0.016076319,0.025882801,2712.7440256171217,572.8558539757632,125.79336211924402,87.17109579090176,-4.461102,3.0535736,0.0,0.0,0.02,1,0.02,False
TR925275,ART07024718,1323000,22050,60000.0,75.99954044117646,2381.8239472588957,844.0862606573425,5170.243736243469,1881.3686656934658,1.5828747,1.4643553,0.29999554,0.092323504,0.08871318238438468,0.06161028429920079,0.02054046,0.03013845,2588.7532679728297,442.2849700375302,87.96655405020249,33.897419687134075,-6.823348,2.6524816,0.0,0.0,0.0,0,0.0,False
TR953399,ART07024718,1323000,22050,60000.0,99.38401442307692,2395.7954177286365,1077.6101344702392,5530.262392593242,2161.517328186218,2.0103822,2.2123935,0.3189279,0.09076816,0.0823137501814048,0.0759295182968575,0.021483026,0.036346454,2756.785443919953,533.5241234270026,101.95866157249657,70.64042453783215,-4.977522,2.9569337,0.0,0.0,0.0,0,0.0,False
TR430939,ART07024718,1323000,22050,60000.0,89.10290948275862,2708.9265577051747,1077.1604129794543,5909.301767260667,1846.6133009169794,1.5715793,1.4351691,0.24535084,0.070929475,0.11335815807614164,0.08613208313184541,0.0334443,0.04098335,2771.150018681832,443.82839956142584,90.92825746967704,44.4794575881541,-5.8470025,2.673024,0.0,0.0,0.02,1,0.02,False
TR857398,ART25707984,1323000,22050,60000.0,184.5703125,2852.275659820053,1293.6820559341083,5861.339557281589,2164.16052596344,2.3187535,2.760996,0.18272525,0.114055544,0.13595703880853327,0.11154382847856152,0.0466339,0.0646816,2654.735344079303,512.8793596043829,146.8396477810412,75.49447888331639,-10.455853,6.339441,0.0,0.0,2.86,37,0.08,False
TR307915,ART25707984,1323000,22050,60000.0,172.265625,2695.376654235034,760.4393800249632,5966.551421079842,1267.1851242866003,1.6372575,1.5888363,0.26920897,0.066226274,0.10708174100232198,0.05442769276400574,0.02999893,0.030019067,2763.1644370668646,341.84184937893474,100.74968226063305,75.91767711806408,-4.3674326,2.3949986,0.0,0.0,0.0,0,0.0,False
TR731111,ART07024718,1323000,22050,60000.0,89.10290948275862,2718.922411866622,996.050290392475,6051.505074043392,1748.713751347123,1.5082167,1.21828,0.3428291,0.12211784,0.1042410552317144,0.08636088559754261,0.03472326,0.047472756,2790.2815308101294,425.7786303504,102.82843819197245,48.49241015954373,-5.625339,3.0456579,0.0,0.0,0.0,0,0.0,False
TR799409,ART25707984,1323000,22050,60000.0,107.666015625,2893.6205100107463,755.959693122568,6390.7030229598,1267.5612106057756,1.5784695,1.5398791,0.2539983,0.075800784,0.10560688219572369,0.054661783302065725,0.03314402,0.031557217,2858.663042370245,313.4929922693209,83.59780663871568,58.62536132749498,-5.561424,2.7279885,0.0,0.0,0.14,1,0.14,False
TR540185,ART07024718,1323000,22050,60000.0,92.28515625,2080.861394798175,825.6691040318856,4487.28953264077,1866.2164775587637,1.82671,1.8180404,0.30838093,0.08200255,0.07235727221604102,0.045308353417863476,0.014090838,0.020402655,2422.7027708814094,505.8257211788759,91.13138384752034,54.4897352772707,-5.166756,2.4837182,0.0,0.0,0.0,0,0.0,False
TR608745,ART07024718,1323000,22050,60000.0,107.666015625,2054.8549167410674,782.33288559265,4432.014866879112,1709.4294818695328,1.3405,1.3040624,0.2594708,0.11498849,0.07299351175503097,0.04794749997750928,0.01515547,0.028715782,2356.405003093697,494.7768631000264,101.1930843555697,57.50349981963358,-7.851197,4.394365,0.0,0.0,0.63,5,0.13,False
TR863568,ART25707984,1323000,22050,60000.0,92.28515625,2532.296858953032,841.5545715591776,5755.669362921464,1589.3863029585011,1.7967091,1.8354758,0.31567386,0.07100926,0.06678455459075078,0.05121919812871464,0.015323332,0.022550486,2753.8786725346836,433.5019273893733,107.16722941449427,96.38306322643822,-3.8387482,2.7250855,0.0,0.0,0.19,5,0.04,False
TR765677,ART25707984,1323000,22050,60000.0,172.265625,3173.057709857415,986.2099095913529,7040.199095545908,1164.9057373721473,1.7707222,1.6078091,0.22936624,0.08330041,0.13495987930534056,0.09916578468629474,0.04077898,0.04472339,3036.739656901011,287.82873413798,121.03351243517156,86.01221138758419,-5.9246902,3.995179,0.0,0.0,0.58,12,0.05,False
TR731271,ART25707984,1323000,22050,60000.0,129.19921875,2925.772883014819,669.7102004594143,6339.09083505164,969.2317619041528,1.7684594,1.8017976,0.33932826,0.080666736,0.09949410736745357,0.047378623754931674,0.026973816,0.027025297,2827.5964554570933,297.2823665386527,96.83436014114812,66.72982458231844,-4.329422,3.8334107,0.0,0.0,0.26,1,0.26,False
TR765689,ART07024718,1323000,22050,60000.0,95.703125,2503.275537815647,984.7603844511934,5474.225231442289,1923.8799548637626,1.7993504,1.7417419,0.1326478,0.05521378,0.09102420393527477,0.06662478390330677,0.02602432,0.038047254,2695.6414742875236,476.1838949760773,122.74274673466388,49.748745068511134,-7.7863507,3.780414,0.0,0.0,0.16,3,0.05,False
TR931663,ART25707984,1323000,22050,60000.0,123.046875,2980.064592088443,754.9283285514223,6419.773680506845,1217.2719703332216,1.6812351,1.5805924,0.24392389,0.045944866,0.11497133804179567,0.04807562866053261,0.029925114,0.024546219,2847.362896408122,340.423525543825,76.60555453929257,49.363639790790884,-3.9627235,1.7146194,0.0,0.0,0.0,0,0.0,False
TR525256,ART07024718,1323000,22050,60000.0,129.19921875,3472.3179160962586,924.2392711440768,7445.300812617913,1285.5006257426892,1.5472314,1.2858715,0.22503029,0.094228454,0.16616226054566563,0.10260798618866937,0.073277995,0.06313782,3097.247673685001,289.62035624009724,121.78179173624648,63.01718493433805,-7.796932,3.276468,0.0,0.0,0.0,0,0.0,False
TR196675,ART07024718,1323000,22050,60000.0,161.4990234375,2593.5564723846533,862.2916924968994,6056.6550429022345,1961.1973332991615,1.5465838,1.4291035,0.31676453,0.081845835,0.09673902198626161,0.048801108849338685,0.021980751,0.023802018,2832.875307212289,522.8978683155144,91.25772453794443,53.91678777202956,-5.4962835,2.8355162,0.0,0.0,0.51,2,0.26,False
TR941156,ART25707984,1323000,22050,60000.0,95.703125,2759.9144637263826,1026.5854681326568,6021.842753407387,1783.952354503963,1.7028896,1.7370209,0.30586115,0.07259906,0.10526145722474846,0.07339475209631716,0.031715542,0.04061482,2772.0343856954237,479.6311058178599,98.95058495632958,74.2945146388913,-4.3535986,2.6780028,0.0,0.0,0.02,1,0.02,False
TR848166,ART25707984,1323000,22050,60000.0,151.99908088235293,2565.398095047698,817.0780766356418,6228.137339305583,1476.2334215734375,1.9029231,2.3578427,0.28243807,0.117733575,0.08219413639222137,0.053041115582674894,0.020730866,0.023438754,2914.2515103499945,358.1441072956924,111.17360421016872,81.22258399257046,-6.553118,3.9521325,0.0,0.0,0.19,3,0.06,False
TR860002,ART07024718,1323000,22050,60000.0,107.666015625,2264.1782511738884,757.1172150156473,5433.62547694345,2035.7788708046644,1.6675117,1.5102838,0.3230467,0.07277163,0.0725904529677825,0.0429921615893283,0.013381574,0.015960537,2770.0382769070147,510.3560504299897,78.95304454156562,47.41782375711706,-4.4511924,1.9790052,0.0,0.0,0.0,0,0.0,False
TR888500,ART25707984,1323000,22050,60000.0,99.38401442307692,2905.009764154613,880.4829323553197,6164.166892792788,1338.9882395578366,1.8521751,1.9632714,0.23806685,0.0812124,0.12624829177147834,0.08599284937184444,0.042638738,0.04967184,2752.780297766806,317.4256228976079,119.5311763421147,72.27098424716796,-5.745882,3.7111237,0.0,0.0,0.3,8,0.04,False
TR540123,ART25707984,1323000,22050,60000.0,172.265625,2838.691885282101,945.664881829966,6257.620494358311,1714.3658515542986,1.566026,1.3857553,0.19960845,0.08136314,0.11888231212509674,0.07063129579937123,0.03380523,0.03974459,2842.2264205021957,494.0712314440981,116.90470463348464,67.5733549567496,-7.377754,5.349725,0.0,0.0,2.48,8,0.31,False
TR388921,ART25707984,1323000,22050,60000.0,123.046875,1976.500892654373,962.8324374568251,4134.545832300334,2095.3309115935876,1.7758961,1.938983,0.12025472,0.11937772,0.07696722166457043,0.06159301995618623,0.016228756,0.031830657,2279.0312147829854,565.8261301751606,134.51831670713835,79.35947195830502,-18.979591,10.196737,0.02,0.0,25.5,86,0.3,False
TR672131,ART25707984,1323000,22050,60000.0,103.359375,2661.7644103805233,756.7359216032138,5740.79445286801,1364.294937969844,1.8418053,2.133459,0.26519862,0.10554655,0.11670526557662539,0.06934721689750617,0.03183821,0.036972497,2653.491675836398,370.70161968259214,120.82295991532268,62.595176626641255,-7.7368255,4.5421047,0.0,0.0,1.18,17,0.07,False
TR846247,ART07024718,1323000,22050,60000.0,89.10290948275862,3276.191681613812,1009.7437330951494,6750.500847311581,1537.5657171387306,1.7225499,1.7526959,0.25984177,0.08366663,0.14425819798519737,0.10758566162975298,0.05933852,0.067083776,2903.939336555054,328.4335119764743,96.74960869311414,72.44857470588165,-4.645436,3.6107001,0.0,0.0,0.26,5,0.05,False
TR167063,ART25707984,1323000,22050,60000.0,107.666015625,2609.6936932572585,714.1448785244693,5642.953377832939,1669.2959941099518,1.6611941,1.6471899,0.1846685,0.08728857,0.11444337449206657,0.05931595049631616,0.026403401,0.028765146,2632.6339088481695,524.1820111784301,171.45676778874312,115.15085748286188,-7.8382096,4.848968,0.0,0.0,0.91,13,0.07,False
TR111715,ART25707984,1323000,22050,60000.0,129.19921875,2592.1106053104086,1051.0349330591002,5834.206388018818,1911.8118034091306,1.8800621,1.863174,0.30856106,0.13325581,0.09168463078076626,0.0926220694812767,0.02599871,0.03948639,2772.0413681260598,450.51836581552635,170.57855257485775,83.05579964142784,-6.5609527,4.5767126,0.0,0.0,0.63,9,0.07,False
TR484122,ART25707984,1323000,22050,60000.0,103.359375,2722.492606346697,843.7542174690898,6666.543021659733,1622.4797303133919,1.9977497,2.2822635,0.22423437,0.07106018,0.0895725876185178,0.051075382727648236,0.023507353,0.026345257,3057.837238072447,377.09641446715034,82.82739531423587,47.63214722725163,-5.133555,2.9936118,0.0,0.0,0.0,0,0.0,False
TR160920,ART25707984,1323000,22050,60000.0,86.1328125,2853.568346619697,700.6796091717036,6468.206720972209,997.0675185209933,1.5418142,1.4954383,0.2266053,0.08130614,0.1112600982004644,0.05426710076588802,0.030345896,0.031139167,2890.6059668901103,258.9960490103547,104.7508203220882,67.70984381727241,-6.2891917,3.3267696,0.0,0.0,0.0,0,0.0,False
TR736278,ART25707984,1323000,22050,60000.0,143.5546875,3058.1459505421712,701.4223660568321,6608.23087426531,1048.298346229438,1.8273047,2.0051107,0.22316864,0.08771653,0.1326651086010062,0.05921271069122931,0.04457577,0.041897226,2886.0180948921166,271.6949756989271,150.75503126987584,115.28438548630561,-6.862368,3.5466502,0.0,0.0,0.05,1,0.05,False
TR855293,ART25707984,1323000,22050,60000.0,99.38401442307692,2195.162826861728,610.7796148455483,4889.64543298302,1580.1692523035415,1.7765437,1.8111839,0.24372405,0.08681005,0.09134922086638932,0.03437286023377617,0.018229509,0.019763602,2423.825632125695,512.3172258546391,111.30795818668186,81.91270487675625,-7.297832,3.4291248,0.0,0.0,0.26,4,0.06,False
TR420224,ART25707984,1323000,22050,60000.0,143.5546875,2693.803525677511,848.7961129430006,5829.464750024187,1555.5817666048897,1.6626519,1.7698083,0.28253853,0.12127163,0.10704262559258901,0.07357827387306193,0.03737607,0.044870164,2714.733634065988,377.14779910220767,137.8161538137055,83.17111044339329,-7.2160745,4.349186,0.0,0.02,0.58,9,0.06,False
TR353282,ART07024718,1323000,22050,60000.0,143.5546875,2850.0944706417886,864.0944574466725,6225.054024616631,1913.3133425127946,1.3999703,1.213142,0.30585304,0.1261792,0.12230198154508513,0.05618125945500746,0.037021715,0.034112815,2795.2233472274897,584.462687562248,110.47204689136223,84.01113169953736,-6.3253145,4.9085903,0.0,0.0,1.32,8,0.17,False
TR444433,ART25707984,1323000,22050,60000.0,103.359375,2726.5434961753226,959.6324529603088,6049.446753156443,1625.137590174768,1.837474,2.0968935,0.27091765,0.11147949,0.11500195010158669,0.07522484051312071,0.036026243,0.04205208,2807.0884974434193,388.38925706123376,107.7203868255031,72.2039601713591,-7.4701486,3.8602164,0.0,0.0,0.6,11,0.05,False
TR122922,ART25707984,1323000,22050,60000.0,112.34714673913044,3019.617700230088,1046.1671453038382,6417.148696379765,1580.8014958584115,2.0960724,2.489669,0.22008505,0.121574454,0.13958645752708979,0.09258301984079867,0.041791987,0.047679085,2825.1830186277666,367.118055381669,146.46212460474626,89.12798027226944,-9.61712,5.0061164,0.02,0.0,1.67,36,0.05,False
TR320348,ART07024718,1323000,22050,60000.0,151.99908088235293,2438.634453501165,664.6710339232403,5590.837026306719,1452.6722855401388,1.4099911,1.2563777,0.36700127,0.056509305,0.08066674577931501,0.03973991277786803,0.019217946,0.019258711,2677.762168617523,428.5418879911005,72.0249852171623,34.85980200841412,-3.3342319,1.477718,0.0,0.0,0.0,0,0.0,False
TR424045,ART25707984,1323000,22050,60000.0,135.99917763157896,2559.464028240464,1062.6468280242998,5835.535546648244,1831.4321548577022,1.6491296,1.4514024,0.33814648,0.07421227,0.09060961838477168,0.07183269244269459,0.025040217,0.030755296,2785.3029511992295,462.28546697056566,108.76119713064338,68.2893616407669,-4.426281,2.151506,0.0,0.0,0.0,0,0.0,False
TR866344,ART25707984,1323000,22050,60000.0,129.19921875,3293.2252073381933,1087.457325638021,7032.361642937911,1693.0023825733765,1.6713508,1.8907055,0.30980772,0.111004554,0.13613485330398606,0.09852130456139133,0.055985913,0.06314568,3024.305758970945,373.41866763918847,101.508396024673,73.9612652004482,-5.5309305,4.294083,0.0,0.0,0.91,11,0.08,False
TR484857,ART25707984,1323000,22050,60000.0,117.45383522727273,3597.4001183344335,921.0889995943242,7349.0555612664475,1218.828650236033,2.2779922,2.7801816,0.20591494,0.097809196,0.15781027023268188,0.09450018779015557,0.05650698,0.052456804,3036.4653446546035,313.82381936646607,150.9570414736609,97.61562237702455,-9.644852,4.305014,0.0,0.0,1.32,32,0.04,False
TR813706,ART25707984,1323000,22050,60000.0,172.265625,2717.914196853187,705.5922356258314,6304.7160429113055,1192.1593316641624,1.6711555,1.6129347,0.24071741,0.06880937,0.10799235529943886,0.0494706302508994,0.030885732,0.031280152,2876.160648675469,303.59236205967585,114.64757965192672,55.91397727871979,-5.3100743,2.8315277,0.0,0.0,0.05,1,0.05,False
TR897360,ART07024718,1323000,22050,60000.0,161.4990234375,2606.662501209262,1211.2177617187763,5387.80075403928,2210.035187785304,1.6228758,1.8076488,0.29566395,0.10012549,0.10457533136609908,0.09557858127626477,0.033464547,0.05042907,2596.9361877816873,559.5364437381426,81.24337344244682,57.31527419459194,-6.1824727,3.9087408,0.0,0.0,0.77,8,0.1,False
TR203999,ART25707984,1323000,22050,60000.0,184.5703125,2532.684623858232,944.9152834624311,5795.798286934017,1876.0147051071137,1.656605,1.5028436,0.29377723,0.089914575,0.08816821213477168,0.06148662353412746,0.022011904,0.026928749,2765.9201088994682,472.20574036242607,92.91774883928647,81.51220975481473,-6.9645457,3.019231,0.0,0.0,0.21,1,0.21,False
TR779112,ART07024718,1323000,22050,60000.0,86.1328125,2217.167522450757,878.5404309783081,4847.937351852747,1946.9069853263693,1.5033878,1.2074876,0.1493064,0.04835969,0.08360644833591331,0.053885761875763924,0.02230638,0.032896128,2564.8776602350017,476.0710974404123,121.48843266574195,86.87237011297259,-5.562553,2.774782,0.0,0.0,0.0,0,0.0,False
TR632060,ART25707984,1323000,22050,60000.0,151.99908088235293,2867.662715685218,682.4576466487072,6314.074319656419,1275.7480761995828,1.7967994,1.9813186,0.27974695,0.09037674,0.1210963954866486,0.05015183519635192,0.029418835,0.026219299,2855.6551519595455,351.5762961246703,134.17429527728123,109.14625171776888,-6.6924024,2.9701972,0.0,0.0,0.07,3,0.02,False
TR348625,ART07024718,1323000,22050,60000.0,103.359375,2390.2071993173145,897.3312194305889,5677.944832911064,1842.2424697691727,1.6021731,1.2758723,0.32267573,0.08032864,0.07679961118904799,0.06219317589476555,0.019563721,0.03056709,2819.642945859735,457.74251033081345,93.20326519140536,46.351987648632196,-4.4470353,2.605776,0.0,0.0,0.0,0,0.0,False
TR764435,ART07024718,1323000,22050,60000.0,107.666015625,3029.979492383157,851.743368865207,6286.2203214190695,1492.770226262261,1.3952973,1.0286493,0.3087151,0.075081505,0.14191146236455107,0.07069347505753606,0.050172858,0.04830122,2769.772160351658,369.50465399346996,92.22355686845945,55.92742147552665,-4.1564803,2.26039,0.0,0.0,0.0,0,0.0,False
TR595842,ART07024718,1323000,22050,60000.0,103.359375,2163.1811283707925,729.9647038347051,4899.04537614285,1873.0645641190192,1.6701075,1.8560395,0.24297273,0.05131736,0.06456442440257353,0.04706780151673817,0.0141078485,0.020006087,2575.9544134444664,494.3952672702621,95.04658558298755,31.72973641498363,-4.1585736,2.2204912,0.0,0.0,0.0,0,0.0,False
TR150455,ART25707984,1323000,22050,60000.0,89.10290948275862,2890.704988170642,763.0029631579255,6346.228291892415,1256.548049994464,1.7602513,1.5661763,0.29906237,0.111281365,0.12021941666263544,0.06798540983627212,0.041322473,0.041201252,2832.5306142954314,309.28539048043046,133.991522110672,70.87726542000966,-6.7614045,3.288649,0.0,0.0,0.19,5,0.04,False
TR229227,ART07024718,1323000,22050,60000.0,92.28515625,2696.4671548328465,1117.6348357394552,5780.656711826384,2003.3836879968874,1.7701997,1.719705,0.26328638,0.09749173,0.11288291529605263,0.08582573513195944,0.038672663,0.052163135,2704.152321136113,484.5262064912866,114.49412999564281,88.79493723527361,-6.2525067,3.5956779,0.0,0.0,0.09,2,0.05,False
TR292480,ART07024718,1323000,22050,60000.0,69.83741554054055,2640.010549332917,1037.8770410101488,5876.947796234036,1895.273115653813,1.6657195,1.8243836,0.24538516,0.09722383,0.10357609326625387,0.0823508664103151,0.032431427,0.04515346,2764.5270870813138,468.65626216053954,105.76628598745427,81.9232144630428,-6.42474,4.1521745,0.0,0.0,0.26,6,0.04,False
TR479793,ART25707984,1323000,22050,60000.0,89.10290948275862,2616.969623350738,802.3789265383442,5546.795625952375,1508.6015895210992,1.8581072,1.891171,0.2360932,0.118201904,0.11928896121565402,0.07008602391810703,0.031888615,0.04254079,2602.6162995329782,393.1281270557253,146.23277284692233,94.80693715199271,-8.485315,4.4666657,0.0,0.0,0.21,6,0.03,False
TR224027,ART25707984,1323000,22050,60000.0,143.5546875,2686.257333147166,1311.0293667332066,5095.140023718677,2060.4513861940695,1.9349656,2.053906,0.06492935,0.05714935,0.15894272748161764,0.13251648607898495,0.03129846,0.05184878,2277.3140497997974,559.0579493921961,192.10529006582118,108.33080373168919,-16.634354,9.690335,1.25,0.05,19.9,81,0.25,False
TR443742,ART25707984,1323000,22050,60000.0,83.35433467741936,2582.2196246270737,788.2589557252581,6211.395773872871,1516.685162992192,2.1614916,2.4469974,0.2826932,0.08756677,0.08116126281927244,0.054557614752465566,0.015876392,0.02193937,2926.9262113364916,375.535745888803,97.55082787241088,76.08159755859592,-5.7020144,3.2280555,0.0,0.0,0.12,4,0.03,False
TR962108,ART25707984,1323000,22050,60000.0,92.28515625,2691.5954140838526,792.0110343127433,6129.283770392923,1457.7247499032242,1.5706964,1.608247,0.3247163,0.11788833,0.09292876535893962,0.05920408988369523,0.027496101,0.031815846,2808.8600542951776,378.5738839141328,92.1360666997984,66.42500308745481,-5.9203534,3.4971585,0.0,0.0,0.14,2,0.07,False
TR924511,ART07024718,1323000,22050,60000.0,172.265625,2645.5576092873416,690.1593681996351,5908.939269452641,1447.1265953310221,1.3545845,1.1113461,0.3313871,0.052594263,0.09568290592347137,0.044101177089767164,0.027288469,0.026667392,2744.9690403694194,361.80181118241836,85.64340187423653,24.034539766189376,-3.3113737,1.4828324,0.0,0.0,0.0,0,0.0,False
TR935622,ART25707984,1323000,22050,60000.0,95.703125,2383.4646678646523,924.4336586315974,5842.935501901727,1819.5496968894574,1.9661745,2.2285974,0.29819232,0.12540345,0.06462168029218267,0.05819113943279509,0.013637667,0.020589639,2845.9794073757525,418.56936747101645,110.05744554041577,61.90669653833507,-6.5442553,4.74398,0.0,0.0,0.91,8,0.11,False
TR316896,ART25707984,1323000,22050,60000.0,112.34714673913044,2591.880535543801,823.5861255319757,5803.114909358069,1521.166171382038,1.8277127,2.1585338,0.2113296,0.06681379,0.08450761446642802,0.04845445420129785,0.021812337,0.023256285,2761.3132223593234,363.6520053095503,88.0005185928137,51.375380173505846,-5.9759245,3.1819632,0.0,0.0,0.16,2,0.08,False
TR981117,ART07024718,1323000,22050,60000.0,129.19921875,3230.8485378786727,913.0474581690297,6768.6715707690355,1400.3386533916228,1.861941,1.9477515,0.3079122,0.0987826,0.13608099875435373,0.087921888075458,0.050731353,0.051089145,2916.569739638596,330.6771608052061,100.6720648975788,77.7940651284859,-4.466971,3.3246002,0.05,0.0,0.05,2,0.02,False
TR188259,ART25707984,1323000,22050,60000.0,161.4990234375,1785.3144193692162,715.8160520664097,4007.4216010031687,1625.4901016689232,1.7417892,2.0760565,0.2931073,0.12652099,0.06416004287200078,0.04063294145241498,0.008210918,0.01565925,2167.643202557208,428.8688272612769,87.0265082180033,61.20416648240996,-6.843809,4.140917,0.0,0.0,0.16,3,0.05,False
TR781890,ART07024718,1323000,22050,60000.0,117.45383522727273,3347.1994870988115,870.4047320137838,6966.216209576964,1419.0274434404012,1.5388657,1.065468,0.30529723,0.071294844,0.17532017946981424,0.08287807558511716,0.07969528,0.071492665,2935.3689430315562,335.2874272193415,136.2749585307225,87.62697374117073,-4.1916766,2.3672566,0.0,0.0,0.0,0,0.0,False
TR445086,ART25707984,1323000,22050,60000.0,95.703125,2001.5009950187173,950.8179083146446,4099.700209673713,1993.3445292109338,2.2837288,2.8290646,0.25185084,0.114134036,0.08343751511706657,0.08254452139412904,0.017660508,0.039707143,2349.622173919086,444.9988921627347,109.59759795847316,68.59860366701764,-7.339534,6.0845127,0.0,0.0,3.44,50,0.07,False
TR932768,ART25707984,1323000,22050,60000.0,123.046875,1976.500892654373,962.8324374568251,4134.545832300334,2095.3309115935876,1.7758961,1.938983,0.12025472,0.11937772,0.07696722166457043,0.06159301995618623,0.016228756,0.031830657,2279.0312147829854,565.8261301751606,134.51831670713835,79.35947195830502,-18.979591,10.196737,0.02,0.0,25.5,86,0.3,False
TR564816,ART25707984,1323000,22050,60000.0,123.046875,2688.224295824288,715.0774185815825,6515.2897696007885,1471.0645777460836,2.0079958,2.1432488,0.37377188,0.101870425,0.0806614548060178,0.047655749754029496,0.022480989,0.025308883,2991.0507192322466,380.5151519949638,96.36071071991393,68.3272296370437,-5.2459493,2.6895678,0.0,0.0,0.05,2,0.02,False
TR920592,ART25707984,1323000,22050,60000.0,103.359375,2519.739010801996,1111.752869323736,5514.449988208688,1967.3974268956695,2.1055586,2.4128063,0.30577856,0.17549993,0.0904737537490325,0.08512570488039593,0.020814613,0.032231554,2678.66643645219,477.4381740942236,172.3991070638053,95.5711058190361,-8.366883,5.8587675,0.0,0.0,2.07,33,0.06,False
TR428096,ART25707984,1323000,22050,60000.0,172.265625,3181.391742730475,933.7455205970875,7039.74909826698,1251.9440329136169,1.644592,1.391539,0.2921439,0.09972467,0.1395577351006192,0.0897923027556548,0.047332734,0.048766162,3016.780828951434,330.2354105708687,119.31178516594096,92.17999885503113,-6.423122,3.2982059,0.0,0.0,0.02,1,0.02,False
TR645853,ART07024718,1323000,22050,60000.0,123.046875,2443.8064896151086,1010.3247715669933,4644.47608215521,1795.1587906052184,2.2372103,2.1677089,0.12533985,0.09083623,0.12747787617308437,0.08595482629010844,0.025219595,0.04840388,2255.9654514982553,493.09040059753147,206.46902415149373,88.51470712970533,-13.771395,6.974328,0.02,0.0,6.83,83,0.08,False
TR686134,ART07024718,1323000,22050,60000.0,161.4990234375,2640.740245492077,971.5429859044702,5492.687619802752,1968.4854847889933,1.3619117,1.1754478,0.27892014,0.10758375,0.12257219910990712,0.07426256660971527,0.038369425,0.048399225,2584.280113378853,494.1557147700122,93.91923484087911,66.46182371548062,-7.195518,3.4029362,0.0,0.0,0.0,0,0.0,False
TR835623,ART25707984,1323000,22050,60000.0,99.38401442307692,2276.7757969906206,1082.8201215049846,4994.244800484956,2321.675136125716,1.844349,1.8544033,0.27866223,0.1438944,0.0849526231133901,0.0652559513065422,0.02172999,0.03690217,2586.5707832013754,562.0311976542896,121.11368367165534,86.98144812512712,-8.375218,4.8051696,0.0,0.0,1.02,9,0.11,False
TR946363,ART25707984,1323000,22050,60000.0,151.99908088235293,2715.368851446463,775.6892661231687,5928.614150481328,1282.9963567033312,1.5935633,1.3762654,0.2953299,0.06468479,0.11930162175890092,0.06458981604532353,0.026899816,0.02865613,2708.8554258080108,340.91134823510487,134.44781781097453,71.13477678857457,-4.349316,2.1315231,0.0,0.0,0.0,0,0.0,False
TR278311,ART25707984,1323000,22050,60000.0,92.28515625,2322.5341774796616,1015.3544188721842,5277.843085604924,2043.7297331489874,1.9953175,2.372512,0.2925908,0.08777841,0.07913217455979102,0.0603925313193778,0.018293176,0.02813155,2659.9773573221,535.6566713149376,96.95964072924524,48.085003780904835,-5.878109,2.7801652,0.0,0.0,0.05,2,0.02,False
TR251966,ART25707984,1323000,22050,60000.0,95.703125,2739.532265806275,957.442578434892,5891.79353979719,1447.0442953319057,1.9206069,1.8879453,0.36548737,0.09193434,0.1047803565813661,0.08864934426955323,0.02838898,0.04403146,2705.250587096602,371.45712531812165,124.23578868824241,81.36753233824437,-3.7337246,3.0938292,0.0,0.0,0.16,5,0.03,False
TR455665,ART25707984,1323000,22050,60000.0,129.19921875,2757.287229978823,1019.4443501529473,5756.377691971628,1689.5534573646155,2.231991,2.5676377,0.21239805,0.10737449,0.13909609768043732,0.10035129540795949,0.04168924,0.055609707,2645.4627318057555,391.3122023021023,158.37467587660234,78.33671844286461,-8.551822,4.7352347,0.0,0.0,1.21,32,0.04,False
TR581440,ART25707984,1323000,22050,60000.0,92.28515625,2281.6541714082223,1012.6189378214551,5053.60694153021,2215.5364711481598,1.8404535,2.3859189,0.1978775,0.10736298,0.0811297059428212,0.05885222343833463,0.022131074,0.03439649,2605.573193086948,545.2313607605844,113.9096502571906,80.76593582720153,-9.498825,4.3057156,0.0,0.0,0.16,3,0.05,False
TR739865,ART07024718,1323000,22050,60000.0,129.19921875,2297.4167280568086,899.1284434260285,5006.903057275542,1861.1252811134402,1.3404989,1.2070833,0.22858845,0.09463707,0.08778896272736068,0.05764330494938343,0.020303074,0.0306624,2511.5548001947723,500.8730704247974,91.65453913516156,47.26902593086105,-9.336692,3.9289715,0.0,0.0,1.09,4,0.27,False
TR580721,ART07024718,1323000,22050,60000.0,123.046875,2819.5922000867763,794.1601835723299,6189.625072183992,1648.0914792666604,1.4349416,1.0369062,0.3241672,0.085695215,0.13426222668343654,0.07602623977997756,0.04472664,0.047408126,2792.120875667415,397.95317157733194,108.55356122401422,78.00393902055326,-4.567896,2.6136842,0.0,0.0,0.02,1,0.02,False
TR505289,ART07024718,1323000,22050,60000.0,89.10290948275862,2129.710284533253,683.5913462102012,4941.60345213332,1770.5507114336713,1.7668319,1.8153278,0.27003706,0.0693016,0.06441533233359133,0.04135616577418344,0.014067725,0.01953125,2611.8063583421044,424.0140586752107,80.19756524028821,29.498530651416054,-5.0555277,2.5627744,0.0,0.0,0.02,1,0.02,False
TR336834,ART25707984,1323000,22050,60000.0,107.666015625,2534.093651088779,752.4178035853122,5979.376343529291,1492.221201564281,1.7293295,2.0536091,0.21019673,0.08709702,0.09118897996081657,0.0526145006802155,0.028387772,0.032859873,2803.1541837775144,353.34545517388676,126.35110817916478,80.88754948271672,-7.091907,3.9207675,0.0,0.0,0.28,7,0.04,False
TR593858,ART25707984,1323000,22050,60000.0,95.703125,2691.481719881905,718.0538823632621,5623.199330616292,1221.2178896350292,1.579004,1.167875,0.2467144,0.07933598,0.12871520807130418,0.06447119240292502,0.03598597,0.037620008,2593.8140740389526,291.6642102594165,120.00343219715771,83.98183768566872,-7.4507093,2.887551,0.0,0.0,0.07,2,0.03,False
TR622333,ART07024718,1323000,22050,60000.0,161.4990234375,2464.585269396407,811.4636330896524,5370.888356306235,1749.636709001971,1.7698132,1.8191981,0.2660869,0.09234377,0.09164022439773607,0.06393294790347315,0.030309184,0.044143077,2659.3474635997195,422.5245947976551,97.21193870900996,50.532457202073836,-6.785343,3.3050232,0.0,0.0,0.02,1,0.02,False
TR312732,ART25707984,1323000,22050,60000.0,184.5703125,2726.1624032647865,736.4237157737886,5968.5847421179615,1435.5030674976338,1.5883263,1.5230389,0.27578688,0.0777091,0.1209747031008127,0.053660053401604985,0.03971909,0.033333138,2715.238589634317,388.96965270269305,134.35377188798515,102.35191610707923,-5.62118,2.4292867,0.0,0.0,0.0,0,0.0,False
TR376662,ART25707984,1323000,22050,60000.0,92.28515625,3032.8050848261614,680.1482848853248,6354.75740698469,1067.6555941108413,1.6483735,1.5479892,0.23648539,0.08048766,0.14419848557227166,0.06876693960031043,0.057159755,0.049211,2792.624493468575,261.16180636373076,129.3421495681877,84.45878787317629,-6.333505,3.1732013,0.0,0.0,0.05,1,0.05,False
TR761059,ART07024718,1323000,22050,60000.0,112.34714673913044,3233.414390221634,1062.5997764365704,6766.429917657339,1698.3052606995432,1.6770904,1.4659727,0.29189795,0.11584144,0.1500697652621904,0.10209349258561379,0.062105823,0.064468995,2940.421221309855,398.25745990758776,92.58309401895823,66.54812856006316,-7.863282,4.0456862,0.0,0.0,0.49,4,0.12,False
TR291776,ART25707984,1323000,22050,60000.0,92.28515625,2553.9560316290977,788.7324127813562,5759.340174057905,1612.5082870728072,1.5112662,1.2005346,0.3134106,0.110000946,0.0805136854803599,0.05499672041320726,0.021944955,0.030813474,2709.6281383971886,416.0308961146585,111.73364431501645,70.50793768844125,-5.811026,3.7687352,0.0,0.0,0.02,1,0.02,False
TR363564,ART25707984,1323000,22050,60000.0,99.38401442307692,2812.0752590052443,810.1897571322903,6225.729020535024,1362.7815638956806,1.5008197,1.3123187,0.17606317,0.066825,0.11985131609181501,0.0643214755642658,0.03535627,0.03475213,2840.2193205833996,342.1247269599456,123.36374859199204,84.56785121858282,-6.793959,3.6466882,0.0,0.0,0.0,0,0.0,False
TR676684,ART07024718,1323000,22050,60000.0,123.046875,2542.803928181895,960.2767600385382,5612.236896904629,1867.6777209719326,1.9364543,2.141264,0.3170014,0.101766236,0.10107100637335527,0.07829444089510765,0.023322003,0.03556217,2715.8696500806623,452.0220628817528,96.0292133884915,71.72740165695437,-4.671942,3.4997056,0.0,0.0,0.12,5,0.02,False
TR731379,ART07024718,1323000,22050,60000.0,143.5546875,2387.2277537562672,987.3120640022746,5287.134696086494,1995.003075460025,1.389279,1.44141,0.2793998,0.11167521,0.09110904847136223,0.06481678146292165,0.019489326,0.03445004,2552.8335749780827,618.3643492114096,133.87542311263167,103.95716781189819,-6.5750504,4.842174,0.0,0.0,0.86,12,0.07,False
TR983233,ART25707984,1323000,22050,60000.0,89.10290948275862,2592.4113889292125,1047.764914213331,6117.046344390964,1994.6903960719983,1.8945051,2.0164785,0.35026184,0.122001685,0.08194394894059598,0.06843867564991259,0.021133486,0.033817507,2914.137925811521,494.28972880652844,91.48361761847421,65.78023883845496,-5.442741,3.3500557,0.0,0.0,0.0,0,0.0,False
TR869701,ART07024718,1323000,22050,60000.0,129.19921875,2674.8473457810333,833.2507479521852,5890.48104773365,1606.043402305707,1.6841428,1.5584869,0.3055638,0.100575045,0.10920115373452012,0.06358064425678227,0.033052474,0.041002233,2704.6013497525305,403.04594273722984,127.38321068812205,90.01575807635216,-5.971564,3.501846,0.0,0.0,0.44,2,0.22,False
TR385951,ART25707984,1323000,22050,60000.0,143.5546875,2886.172482692486,748.9013719851073,6185.850095010764,1254.2990272119625,1.5617757,1.4692441,0.24410388,0.0884941,0.1169176603618421,0.05087648256716839,0.038479153,0.033383816,2790.3424172338346,310.2065544314117,117.43828366427401,86.83420305976578,-6.898068,3.0367815,0.0,0.0,0.0,0,0.0,False
TR418852,ART25707984,1323000,22050,60000.0,99.38401442307692,2644.311536639484,829.0562134367685,5957.434809540078,1630.925812664033,1.9335321,2.1278303,0.280199,0.13439952,0.09546389742163312,0.05537160922956406,0.02945171,0.036259975,2813.789030231447,372.92043746130423,118.15489402092548,65.61033087850261,-9.08746,6.2813506,0.0,0.0,1.51,1,1.51,False
TR252912,ART25707984,1323000,22050,60000.0,129.19921875,2762.0045801219676,929.7461579174173,6331.436714668392,1615.9025800935335,2.1058822,2.2123404,0.28324053,0.12980413,0.0984353458180147,0.07994253986273807,0.025002252,0.03249709,2914.0050242505013,400.69544477805704,127.7840835330199,90.44007661664807,-8.314376,4.612358,0.0,0.0,0.86,21,0.04,False
TR990945,ART25707984,1323000,22050,60000.0,143.5546875,2555.060355862695,704.6170729861036,5892.65186794033,1380.6784974025356,1.663769,1.6255565,0.3536289,0.08027707,0.0829001034007353,0.04244594639591248,0.022404525,0.022607882,2797.6065437491197,372.43222437899345,94.39646126790875,62.40072089739609,-4.994075,2.1623945,0.0,0.0,0.0,0,0.0,False
TR650447,ART07024718,1323000,22050,60000.0,95.703125,2697.5091838584126,1119.2846442473647,5724.815382824594,1960.459614316012,2.015554,2.136668,0.26211464,0.15186492,0.11700533934791021,0.09063069932818849,0.038731962,0.056139816,2669.921485830732,462.802719651045,138.77629821466962,78.33655131563732,-10.237838,4.991484,0.0,0.0,1.42,26,0.05,False
TR997195,ART25707984,1323000,22050,60000.0,143.5546875,2584.6858763224,922.36855791926,5699.982199654121,1575.3300852872205,1.8855804,2.1660738,0.27502915,0.059123226,0.09778795744243421,0.06450704503051696,0.029597323,0.03775698,2673.173649122971,402.1732297922427,96.39857334149563,68.65972728634691,-3.684791,2.22886,0.0,0.0,0.05,1,0.05,False
TR674551,ART07024718,1323000,22050,60000.0,143.5546875,2720.736995025782,930.095673461181,6631.284901527429,1693.7410436854973,1.3555824,0.91999876,0.29073545,0.04159264,0.09025002116389319,0.056078090485877544,0.026031414,0.030842897,3063.3099440764345,390.83690117379797,73.27813399961568,30.69768051061333,-3.055606,1.3064494,0.0,0.0,0.0,0,0.0,False
TR877889,ART25707984,1323000,22050,60000.0,172.265625,2483.68088828374,789.5640665254751,5581.978746538191,1363.6322207192752,1.5840976,1.3932642,0.22880478,0.059773818,0.10077263327205882,0.05572097786348062,0.023751264,0.029334515,2613.9418156349598,390.54244117513554,130.58639377937882,89.96731999345128,-4.925871,2.543419,0.0,0.0,0.0,0,0.0,False
TR219103,ART25707984,1323000,22050,60000.0,95.703125,2343.951401121064,931.7050417103266,5224.897572425866,1800.2173325370725,2.0788753,2.355117,0.23587653,0.09516511,0.08690650396671827,0.06836756295272382,0.021945817,0.037568916,2624.417050497566,449.7255587391165,109.72910059380646,90.48517611964306,-7.8638997,3.8848236,0.0,0.0,0.65,15,0.04,False
TR724010,ART25707984,1323000,22050,60000.0,112.34714673913044,2796.93970732158,904.2097849943523,6155.854443057034,1563.2911925946842,1.9293243,2.032713,0.27224633,0.10577699,0.113961329032024,0.06906316219928653,0.028782092,0.03673816,2787.1392479001065,409.47443000972015,111.35775101803829,82.81623005079472,-6.392189,4.1460476,0.0,0.0,0.35,7,0.05,False
TR407335,ART25707984,1323000,22050,60000.0,161.4990234375,2946.50934423722,967.6980779746892,6539.427123645511,1625.4096333007544,2.0274744,2.0095308,0.2634099,0.104658954,0.12293500870743033,0.07636692153214703,0.036553293,0.042984292,2938.709428083987,390.08678660641175,140.19649782395004,97.5007677299435,-7.2488766,3.8083062,0.0,0.0,0.19,5,0.04,False
TR722654,ART07024718,1323000,22050,60000.0,80.74951171875,1756.2674070621254,915.6024428503234,3784.6812812167423,2207.4951100023786,1.186751,1.0362276,0.14815459,0.07051569,0.0673801670133514,0.059917883154111076,0.0085604945,0.020588001,2183.652000446968,556.6242303428356,109.51303202116095,71.57663669716227,-8.4695015,5.2954335,0.0,0.0,2.74,7,0.39,False
TR601703,ART07024718,1323000,22050,60000.0,135.99917763157896,2939.219188284346,1300.6407741128016,6085.363202641254,2284.992830532136,1.8104335,1.6804694,0.03132156,0.014171313,0.14630637154121517,0.10797500018093213,0.04040075,0.055593528,2762.5276375150675,563.9017129706891,166.5428473821693,118.10775926552537,-13.780269,4.447635,0.0,0.0,4.92,32,0.15,False
TR591050,ART25707984,1323000,22050,60000.0,83.35433467741936,2837.174995443943,827.117772032013,6013.371971295714,1280.9955399167181,1.5244925,1.1907946,0.20922557,0.08955717,0.14387705894446595,0.0820966893843676,0.026585126,0.033646557,2652.0081268295107,289.47203180617396,166.619536320597,108.01319804601832,-9.214594,3.9132671,0.0,0.0,1.16,14,0.08,False
TR957389,ART25707984,1323000,22050,60000.0,112.34714673913044,2862.0090121789844,686.3486459442797,6033.176018210019,1271.1020304255758,1.4996251,1.3525355,0.22497842,0.077126876,0.1458286722378096,0.06816858797350964,0.046236776,0.043752097,2736.330450594499,319.29817774507603,138.52037385481106,100.0058360417261,-6.2521143,3.3435304,0.0,0.0,0.05,1,0.05,False
TR255665,ART25707984,1323000,22050,60000.0,129.19921875,2539.209235998867,1076.2723908324272,5408.833960187693,2048.3096116796323,1.2946593,1.0627823,0.037464224,0.023248095,0.11373079376693111,0.07010673063723218,0.026757604,0.03031048,2599.415943888103,494.247009354449,104.94611125908486,76.76659976436451,-11.414219,6.5610976,0.0,0.0,7.78,70,0.11,False
TR628557,ART25707984,1323000,22050,60000.0,143.5546875,3639.216552726306,799.4557007952288,7416.04682284612,1030.1228772100746,1.7723821,1.2498631,0.1602569,0.04652172,0.19086581487035603,0.08243995973986012,0.065930724,0.05051201,3041.2530694977872,266.2513287952759,149.47828001220586,104.76910067319241,-5.2807446,3.1953275,0.0,0.0,0.39,2,0.2,False
TR840338,ART07024718,1323000,22050,60000.0,95.703125,2365.592558352257,865.3687473203104,5385.371602061363,1890.35175386848,1.2990297,1.1307186,0.27436516,0.110800646,0.0809326171875,0.05904697556993493,0.02073137,0.035310064,2619.5081381718246,533.8008782151923,80.51462336829167,49.90175086759029,-6.7853565,3.8144412,0.0,0.0,0.0,0,0.0,False
TR554964,ART25707984,1323000,22050,60000.0,161.4990234375,1817.3138873150397,1009.9430188433145,3827.9976859550356,2175.4685348720814,1.2679937,1.1711411,0.17948847,0.12166694,0.07268002158717106,0.06957201246084918,0.013334958,0.02795058,2070.0255413173213,668.3206983757096,162.37711703028174,123.68880119691684,-12.12654,5.408452,0.0,0.0,4.27,23,0.19,False
TR539926,ART25707984,1323000,22050,60000.0,92.28515625,2755.187678005623,1049.0682126109532,5931.13913521309,1931.9891793088264,1.6810523,1.6623278,0.27322975,0.124171935,0.11341295744243421,0.08752757841288741,0.031287715,0.046558138,2735.4112725048362,458.5569027697561,191.0894014965203,117.35150428994376,-7.5036855,4.194007,0.0,0.0,0.05,1,0.05,False
TR512155,ART25707984,1323000,22050,60000.0,89.10290948275862,2239.3575093062104,750.6750663696293,5030.169583252709,1772.0653590055895,1.4573216,1.1437817,0.3070007,0.14222653,0.07481681894591719,0.04403308058923103,0.013828204,0.018467749,2575.76437010328,439.6351823323442,113.55804351923561,94.59439951492939,-7.453301,4.83437,0.0,0.0,0.53,3,0.18,False
TR231480,ART25707984,1323000,22050,60000.0,129.19921875,2852.15706051796,967.6417734342263,6133.696243711301,1812.3337588584088,1.4255214,1.2992477,0.28257257,0.07104604,0.1094613562427438,0.0752038363344473,0.03798189,0.04030008,2761.647525996525,477.7647522084588,105.56980588007418,56.3680718664326,-4.0849857,2.5506709,0.0,0.0,0.0,0,0.0,False
TR943143,ART25707984,1323000,22050,60000.0,86.1328125,2249.6996152242414,1142.4162875435477,5286.513866507232,2588.068732724743,1.462597,1.5737811,0.21153466,0.10909437,0.08124894180534056,0.06882300956437261,0.016408285,0.024829207,2661.232868616677,736.3275182717316,96.29730110092822,46.05013509340354,-10.18078,4.8157115,0.0,0.0,2.81,8,0.35,False
TR220790,ART25707984,1323000,22050,60000.0,123.046875,2891.3043872571416,673.6015175929341,6296.29109385582,1064.1535497139996,1.7122202,1.5798049,0.29395095,0.12977295,0.12837998712025928,0.062438709929247674,0.04073127,0.038999677,2818.657009276394,268.64067096699597,132.62007687199818,103.00917152953328,-7.2814603,4.079665,0.0,0.0,0.46,8,0.06,False
TR329086,ART07024718,1323000,22050,60000.0,103.359375,2240.343899425852,883.3421600410164,4988.386502575948,1990.9513372363206,1.5359992,1.2569071,0.22490358,0.06880711,0.08745525348297213,0.06403446096595804,0.020745551,0.029264795,2646.087877905327,477.80103254604603,137.6362730247023,53.1995452320337,-7.131136,3.0737586,0.0,0.0,0.14,2,0.07,False
TR128449,ART07024718,1323000,22050,60000.0,129.19921875,3005.6171256946636,928.5725993129065,6480.339980937379,1558.7856594738212,1.4280152,1.2616875,0.30452657,0.084893145,0.12986051482681887,0.07996057993493658,0.043298203,0.040411744,2903.114817905798,374.8746735127309,104.07844936375464,48.72540928266263,-4.578913,2.5959926,0.0,0.0,0.0,0,0.0,False
TR356306,ART07024718,1323000,22050,60000.0,143.5546875,2552.4584718459632,834.3031180130969,5608.9577500665155,1561.6856921353778,1.8053017,2.310451,0.30715856,0.095272034,0.10664466881530572,0.07907969237320685,0.027236188,0.03616776,2645.284094854675,397.11413045290817,103.12459748089462,68.75761359756173,-5.0222683,3.9604216,0.0,0.0,0.79,14,0.06,False
TR192986,ART25707984,1323000,22050,60000.0,95.703125,1476.3673109465917,412.62872877151915,2876.6284387547166,878.7260229083265,2.0397363,2.0893576,0.1897919,0.05963929,0.07061540822126548,0.03336570307783736,0.0007923271,0.0019623046,1502.0459823494373,267.0263723059464,165.66769518253898,89.90588329134752,-4.758786,4.1530476,0.0,0.0,0.81,18,0.05,False
TR994546,ART25707984,1323000,22050,60000.0,184.5703125,3460.4334023616157,808.6334418553184,6958.7662546258225,973.238301625,1.8666885,2.037199,0.2125041,0.09552615,0.17014995374177633,0.07562695744003313,0.06591291,0.047694184,2911.2902934579447,235.0819812207879,122.21162575161559,86.9745769042353,-9.070834,3.4287004,0.0,0.0,0.02,1,0.02,False
TR856882,ART07024718,1323000,22050,60000.0,83.35433467741936,2668.543000975474,1172.4004108258353,5604.12444595951,2223.4177038671614,1.5992945,1.5273267,0.29415393,0.116313435,0.10677958863438468,0.08832020056014336,0.040693406,0.056092553,2682.404652941003,506.35097143434456,80.97115822214803,49.984087276041976,-5.8142467,7.2054806,0.0,3.71,0.0,0,0.0,False
TR282407,ART25707984,1323000,22050,60000.0,95.703125,2991.2188054174085,880.811352661315,6310.311842407605,1222.1129771443084,1.7975416,1.6516931,0.31437403,0.107518286,0.1256077060758514,0.07844112756612019,0.031598724,0.037655182,2792.9391897552687,327.7877123976173,192.03801466613916,95.65576960102513,-5.8176084,4.4151173,0.0,0.0,1.25,12,0.1,False
TR490859,ART07024718,1323000,22050,60000.0,103.359375,2886.6994582757,1026.728678498191,6153.0586266296195,1784.4220276416017,1.6171284,1.5483922,0.2936606,0.0995375,0.12180878724845201,0.08349319555717519,0.04423512,0.053473096,2795.6982011966625,435.35657578039434,103.32468801068369,62.037649954001694,-5.750517,8.0146055,0.0,0.0,1.28,7,0.18,False
TR940609,ART25707984,1323000,22050,60000.0,161.4990234375,2909.565299542743,884.2600940050745,6298.332748176882,1451.74802536163,1.7000681,1.7887527,0.19156684,0.09391112,0.1292794525807856,0.07527815273259106,0.042758584,0.04509821,2811.625039448152,350.34324820279073,180.9261933239565,86.54411240677284,-8.675584,4.597481,0.0,0.0,1.04,12,0.09,False
TR843290,ART07024718,1323000,22050,60000.0,161.4990234375,2334.4137343445714,903.3597461959479,5410.517283342202,1813.0180217273185,1.8719293,2.0945346,0.28661677,0.08412469,0.0806871538191757,0.058321453355462585,0.017824864,0.025643872,2651.9819005902773,466.12307505886906,86.47011476042783,50.58157220773292,-5.8641253,2.9667635,0.0,0.0,0.02,1,0.02,False
TR456894,ART25707984,1323000,22050,60000.0,103.359375,2644.25565519711,857.4613599868441,5922.914184948239,1548.1027425129107,1.6970141,1.7877163,0.26980278,0.0959972,0.09497259275832043,0.06146995109575433,0.029983332,0.035703275,2766.838456215129,399.9901602405983,80.25620569291111,42.905426961796614,-7.651399,3.0927062,0.0,0.0,0.23,1,0.23,False
TR977799,ART25707984,1323000,22050,60000.0,95.703125,2829.363480958387,761.501942252579,6287.920311139464,1469.7714924164557,1.6062347,1.5042368,0.2966365,0.087892264,0.11713742471700851,0.0534001175268779,0.035905972,0.033747133,2851.629060842625,414.5028374296441,135.1934664920341,108.58537388882276,-4.8896303,2.904455,0.0,0.0,0.05,2,0.02,False
TR762452,ART25707984,1323000,22050,60000.0,75.99954044117646,2283.209679107697,1014.4583737519284,5200.347720875459,1989.18962116993,1.7633469,1.9714745,0.26505855,0.092301324,0.08218563304227941,0.06446792162407176,0.016972253,0.028019192,2664.879668520789,505.81856322392485,114.77386647248875,70.9222334594574,-7.094719,3.2379262,0.0,0.0,0.0,0,0.0,False
TR943991,ART07024718,1323000,22050,60000.0,123.046875,2366.7400188019706,827.3467979594764,5541.583157471459,1810.295412209556,1.3527157,0.8930619,0.3019476,0.07295494,0.08743446751644737,0.048947361549344384,0.015220523,0.017822105,2662.3752460810297,582.0822690882746,81.76849164955459,63.187765369874995,-4.408922,2.19113,0.0,0.0,0.0,0,0.0,False
TR483704,ART25707984,1323000,22050,60000.0,83.35433467741936,2821.5072358904495,642.6221672204385,6225.241523482851,1124.8148973474547,1.5222776,1.3602788,0.09264304,0.032530364,0.12464720545907508,0.05071009183338929,0.03669146,0.03324846,2753.499170253242,296.7050614047604,104.83270914781711,69.63882482690438,-6.633768,3.481745,0.0,0.0,0.0,0,0.0,False
TR986135,ART07024718,1323000,22050,60000.0,123.046875,2779.99368927593,994.862535689488,6790.3131065722955,1633.7195367817721,1.4965597,1.1269733,0.33159986,0.05956689,0.08957088694852941,0.0607133674146835,0.023537789,0.025992753,3127.857969175255,398.68955048312574,82.25967499085124,43.17286569314794,-3.3844855,1.7151275,0.0,0.0,0.0,0,0.0,False
TR878128,ART25707984,1323000,22050,60000.0,89.10290948275862,2780.9332007033827,868.3190498190689,6212.233268808654,1504.2629559550014,1.6243926,1.4754146,0.28055802,0.09274076,0.11256961409152477,0.06443097334332021,0.036221873,0.038173694,2839.2185704557837,382.4853346392302,120.47582768302313,71.13271026062459,-5.835264,2.9926848,0.0,0.0,0.0,0,0.0,False
TR478130,ART07024718,1323000,22050,60000.0,129.19921875,3049.576842923933,1078.1181481865847,6648.647296539401,1756.7773680691841,1.8160907,1.6393418,0.289894,0.13233724,0.11465444653395898,0.0906539475569176,0.03489983,0.045019,2941.6748510351376,439.39914020768947,121.39809470116518,85.53787130815364,-7.6785583,6.3855805,0.0,0.0,1.37,6,0.23,False
TR675727,ART07024718,1323000,22050,60000.0,135.99917763157896,2702.8970076021064,856.1369667057653,6278.778699750871,1674.5509013582841,1.447768,1.3455173,0.2666901,0.0727478,0.09773089051615712,0.06024699627234331,0.028645655,0.03132276,2865.8909229972514,402.0582036781504,92.44950166657486,41.37639767152771,-5.1170807,2.5486968,0.0,0.0,0.0,0,0.0,False
TR274115,ART25707984,1323000,22050,60000.0,117.45383522727273,2477.6708323053817,813.4343082465945,5331.251095987326,1600.0283670166407,1.7251638,1.6893412,0.20790575,0.09085383,0.1184722616945627,0.07534759252727946,0.035564493,0.056129504,2560.0751600276344,389.63137714743715,136.5673744467558,86.12358295631248,-8.200131,9.558452,0.0,0.0,3.25,2,1.63,False
