id,id_artist,num_samples,sr,centroid,rolloff,flux,rms,zcr,spectral_bw
TR597348,ART25707984,1323000,22050,"[1582.186221   1683.8096258  1699.63657403 ... 1331.22354039 1547.81564721
 1656.44802154]","[3143.84765625 3962.109375   3940.57617188 ... 2228.68652344 2551.68457031
 2734.71679688]",[0.        0.        0.        ... 2.3718672 2.5250173 1.4649715],[0.14758289 0.1924217  0.23539154 ... 0.35462698 0.36063322 0.28094044],[0.02490234 0.03955078 0.05224609 ... 0.06884766 0.06005859 0.04589844],"[2275.86545237 2303.02698548 2240.51213498 ... 2117.42485078 1968.85639262
 1972.737057  ]"
TR745549,ART07024718,1323000,22050,"[2967.95460819 3040.6908445  3087.25479066 ... 6338.8143069  6448.19725937
 6346.74825675]","[6998.29101562 7159.79003906 7213.62304688 ... 9722.24121094 9797.60742188
 9722.24121094]",[0.         0.         0.         ... 2.6443536  2.2729974  0.54770005],[0.1617024  0.18224438 0.19804327 ... 0.13194962 0.130414   0.10558663],[0.07714844 0.12158203 0.15087891 ... 0.5078125  0.57470703 0.42919922],"[3006.70259664 3045.15848809 3041.41799905 ... 3014.46656729 3026.95809465
 3028.83197843]"
TR324941,ART25707984,1323000,22050,"[2287.18823947 2741.51550743 2822.64725628 ... 2122.8565977  2197.03373086
 2286.79056478]","[5641.69921875 6481.49414062 6083.12988281 ... 4780.37109375 4597.33886719
 5006.46972656]",[0.        0.        0.        ... 4.855778  2.8448775 1.601239 ],[0.00334541 0.03581214 0.11221395 ... 0.18016419 0.17219229 0.14118157],[0.04882812 0.08642578 0.10009766 ... 0.08837891 0.08447266 0.06396484],"[2631.52367223 2874.43519969 2814.72494291 ... 2307.86215248 2315.679683
 2413.67440095]"
TR496653,ART07024718,1323000,22050,"[1511.35496152 1401.57067748 2462.65824657 ... 1923.73704385 2175.1669723
 1853.37469925]","[3639.11132812 3359.1796875  6319.99511719 ... 6341.52832031 6599.92675781
 4855.73730469]",[0.         0.         0.         ... 0.3697129  0.27250248 2.2448015 ],[0.13955994 0.16586518 0.20380785 ... 0.25306094 0.26588982 0.24246025],[0.01025391 0.02001953 0.02832031 ... 0.01904297 0.02978516 0.02734375],"[2752.8983131  2568.41676424 3031.92638217 ... 3018.93825979 2992.17802381
 2617.71864548]"
TR910855,ART25707984,1323000,22050,"[2191.98439234 2624.84766327 3728.03399783 ... 1905.30168413 1720.88810396
 1805.67638094]","[5749.36523438 7568.92089844 9097.77832031 ... 3875.9765625  3649.87792969
 4080.54199219]",[ 0.         0.         0.        ... 12.200921   8.324098   2.8928747],[0.15773934 0.18031211 0.20401101 ... 0.37572724 0.43540877 0.40145814],[0.03662109 0.06591797 0.11376953 ... 0.08935547 0.08154297 0.05566406],"[2888.39471247 3251.24027597 3816.15072347 ... 2393.85787308 2096.99747497
 2138.13100112]"
TR686371,ART25707984,1323000,22050,"[1940.52259497 2084.77008289 2044.38277767 ... 3216.40218906 3796.33051228
 4275.09437835]","[4177.44140625 5071.06933594 4898.80371094 ... 6664.52636719 8268.75
 8925.51269531]",[0.        0.        0.        ... 1.2371061 1.2121098 1.4331862],[0.04470521 0.04761767 0.05145703 ... 0.05663307 0.04279479 0.03256843],[0.04003906 0.05908203 0.09423828 ... 0.16259766 0.22753906 0.19384766],"[2317.80507815 2360.79718466 2313.60535903 ... 2955.59210488 3238.83962033
 3460.81614508]"
TR944243,ART07024718,1323000,22050,"[5381.14921574 3997.14444278 3501.79979001 ... 2489.95893294 2308.6525142
 2072.9139435 ]","[9399.24316406 9076.24511719 8462.54882812 ... 6158.49609375 5964.69726562
 4705.00488281]",[0.        0.        0.        ... 3.895557  1.3442743 0.6566299],[0.24840513 0.3403004  0.36892375 ... 0.29254258 0.2598806  0.20985995],[0.15234375 0.1640625  0.17626953 ... 0.09033203 0.09179688 0.06201172],"[3690.93756576 3809.42378614 3639.41284097 ... 2940.93628172 2660.23893241
 2536.91785296]"
TR808663,ART07024718,1323000,22050,"[2219.50311095 2299.67153926 2479.46215707 ...  883.88564427 1744.83854759
 1882.81593195]","[5673.99902344 5781.66503906 6040.06347656 ... 1248.92578125 4317.40722656
 4112.84179688]",[0.         0.         0.         ... 0.08250538 0.23825963 1.0274987 ],[0.06846238 0.08509094 0.09361879 ... 0.11002438 0.09111598 0.0706142 ],[0.04394531 0.06738281 0.09277344 ... 0.02148438 0.03515625 0.03320312],"[2617.93100039 2608.14706312 2660.60747942 ... 1757.55989457 2461.76359086
 2435.92877188]"
TR475897,ART25707984,1323000,22050,"[1332.45419276 1851.01378331 1680.93341132 ... 2438.89004592 1887.93171
 1699.16416641]","[3240.74707031 4941.87011719 4435.83984375 ... 5630.93261719 4705.00488281
 4844.97070312]",[0.         0.         0.         ... 3.8041563  0.8563441  0.42958322],[0.13597243 0.25895795 0.33282104 ... 0.30719224 0.29015356 0.26054108],[0.02294922 0.03076172 0.04199219 ... 0.08007812 0.06494141 0.03759766],"[2279.73095282 2742.80862233 2606.90514565 ... 2768.91013494 2661.58741238
 2687.08572366]"
TR735029,ART25707984,1323000,22050,"[2041.40139866 1937.92550012 2000.23458407 ... 1995.59104184 1791.83607436
 1699.78453102]","[6438.42773438 5663.23242188 5684.765625   ... 4672.70507812 4952.63671875
 5684.765625  ]",[0.         0.         0.         ... 0.62225235 0.6377928  0.21098556],[0.06750571 0.07923369 0.09040706 ... 0.14605062 0.12065403 0.1083042 ],[0.02099609 0.03173828 0.06201172 ... 0.03613281 0.03417969 0.01416016],"[2992.36336814 2883.69531986 2945.93516336 ... 2554.14181833 2796.94693848
 2919.43239591]"
TR788528,ART07024718,1323000,22050,"[1685.97037165 1766.52429641 1890.71780139 ... 3203.05241807 1955.70406659
 1223.57734093]","[4005.17578125 4295.87402344 5437.13378906 ... 8064.18457031 5620.16601562
 2444.01855469]",[0.        0.        0.        ... 3.5505066 0.7052421 0.3220921],[0.26493317 0.3226539  0.40988675 ... 0.39543828 0.41071597 0.3608936 ],[0.01660156 0.02832031 0.03173828 ... 0.10546875 0.06152344 0.02441406],"[2460.58682116 2621.58647831 2725.92077621 ... 3504.63454557 2912.48795177
 2147.29937437]"
TR831827,ART25707984,1323000,22050,"[1939.02747896 1500.92899157 2117.53262728 ... 1747.90679742 1473.35642618
 1150.72198944]","[4855.73730469 2885.44921875 5684.765625   ... 4349.70703125 2917.74902344
 2260.98632812]",[0.         0.         0.         ... 0.89872044 0.50343895 0.6545301 ],[0.06020079 0.06864632 0.11531007 ... 0.53020775 0.57124084 0.5343989 ],[0.02929688 0.04736328 0.06884766 ... 0.03369141 0.02246094 0.01074219],"[2401.28213901 2137.30602932 2783.93231065 ... 2464.22325273 2341.68083717
 2152.91995707]"
TR273414,ART25707984,1323000,22050,"[1640.21036458 2755.54090209 2493.14363989 ... 3257.81489437 2440.38089416
 1842.00505228]","[4866.50390625 7601.22070312 7364.35546875 ... 6922.92480469 6061.59667969
 4834.20410156]",[0.         0.         0.         ... 5.266224   4.7570467  0.65785575],[0.22221434 0.26967132 0.3126337  ... 0.32138953 0.31668645 0.26844016],[0.015625   0.01806641 0.02001953 ... 0.07373047 0.06152344 0.02978516],"[2751.51865858 3526.27890406 3433.65862602 ... 3020.53128316 2821.00330972
 2559.82825528]"
TR946148,ART07024718,1323000,22050,"[ 765.06824841  568.75390201  535.87414456 ... 1855.35056628 1931.02520508
 1818.93689857]","[1399.65820312  818.26171875  829.02832031 ... 4177.44140625 4392.7734375
 3940.57617188]",[0.         0.         0.         ... 0.67610604 1.5085452  2.6544957 ],[0.08873314 0.10791702 0.12171658 ... 0.27805978 0.26300162 0.222527  ],[0.01123047 0.01464844 0.01953125 ... 0.05810547 0.05126953 0.03857422],"[1360.08913696 1021.64596743  908.61402729 ... 2464.65876487 2479.09580839
 2481.43543822]"
TR148805,ART25707984,1323000,22050,"[1143.15284459 1243.07252642 1211.25032084 ... 3389.42703341 3378.78422479
 3178.32821677]","[2465.55175781 2670.1171875  2573.21777344 ... 6384.59472656 6449.19433594
 6416.89453125]",[0.         0.         0.         ... 0.59992886 0.46292773 0.58924955],[0.0266966  0.03032589 0.03465709 ... 0.06090109 0.04900846 0.03754821],[0.02392578 0.03564453 0.04931641 ... 0.20947266 0.19775391 0.14404297],"[1705.26806539 1760.77785262 1698.49563968 ... 2534.68994962 2517.87029937
 2632.55746076]"
TR705159,ART25707984,1323000,22050,"[1827.4882361  2118.014841   2466.34362062 ... 2451.04709732 1768.195293
 1553.19056527]","[3962.109375   4920.33691406 5361.76757812 ... 5857.03125    3789.84375
 3369.94628906]",[0.        0.        0.        ... 2.30924   0.6279782 0.7303047],[0.16881719 0.193111   0.19985694 ... 0.19016579 0.19030008 0.17078793],[0.05371094 0.08447266 0.10253906 ... 0.04931641 0.02636719 0.01269531],"[2080.68217734 2196.60570885 2360.23802138 ... 2803.13151832 2118.05731497
 2125.80784137]"
TR903036,ART25707984,1323000,22050,"[2864.27555927 3141.6923594  3181.94641321 ... 2506.59215227 2573.75286096
 2733.77000426]","[6395.36132812 6793.72558594 6869.09179688 ... 5469.43359375 5415.60058594
 5803.19824219]",[0.         0.         0.         ... 0.36403415 0.9661569  0.80731404],[0.0090992  0.01169793 0.01359594 ... 0.07770352 0.07830103 0.06987154],[0.08886719 0.13330078 0.17871094 ... 0.11962891 0.10351562 0.07714844],"[2752.101441   2797.47666423 2792.1346071  ... 2701.12109536 2639.19854032
 2660.4643565 ]"
TR402241,ART25707984,1323000,22050,"[2518.02162862 2592.48855215 2339.70162    ... 2851.68969095 2894.77706474
 2889.66039258]","[6007.76367188 5932.39746094 5878.56445312 ... 5824.73144531 5943.1640625
 6029.296875  ]",[0.         0.         0.         ... 0.92580765 0.8298083  0.86564493],[0.13462262 0.17885803 0.20206699 ... 0.12796767 0.12173676 0.10994832],[0.04833984 0.05371094 0.06835938 ... 0.15332031 0.14599609 0.10546875],"[2838.28961888 2836.95610446 2890.02718215 ... 2686.39969718 2719.72555603
 2803.69068469]"
TR943904,ART07024718,1323000,22050,"[1184.94907618  976.64214819 1009.36545111 ... 3698.2565127  2343.32389107
 1664.24858583]","[2573.21777344 1884.15527344 1787.25585938 ... 8257.98339844 6104.66308594
 4112.84179688]",[0.         0.         0.         ... 0.23501335 4.9738736  6.955389  ],[0.10651441 0.13274239 0.19149335 ... 0.15366954 0.15092438 0.1484934 ],[0.0078125  0.01220703 0.02880859 ... 0.39599609 0.2265625  0.09130859],"[2116.63222289 1954.43436329 2077.357626   ... 3426.04496041 2851.77288724
 2273.8069136 ]"
TR300734,ART07024718,1323000,22050,"[3955.53928682 4048.23190172 3885.00715686 ... 3772.2200592  3461.82159322
 3782.44354645]","[8419.48242188 8257.98339844 7655.05371094 ... 7590.45410156 7235.15625
 7967.28515625]",[0.        0.        0.        ... 1.221237  3.1256714 1.1756413],[0.03956588 0.05866092 0.07186731 ... 0.257136   0.2571809  0.19715343],[0.13525391 0.18212891 0.22070312 ... 0.20117188 0.17431641 0.11816406],"[3063.38154529 3025.34629103 2913.15530201 ... 3124.5444241  3012.09808443
 3238.12236042]"
TR368909,ART25707984,1323000,22050,"[1634.29290797 2218.22707071 2608.03665321 ... 1846.99789601 1366.67646864
 1306.62248276]","[4231.27441406 5028.00292969 5770.8984375  ... 5426.3671875  3229.98046875
 2810.08300781]",[0.         0.         0.         ... 1.7894447  3.0698261  0.49918264],[0.16279176 0.19457677 0.22499037 ... 0.4119602  0.47980917 0.40184113],[0.04736328 0.06835938 0.08349609 ... 0.06933594 0.03173828 0.02197266],"[2379.68558985 2522.37801806 2719.22313752 ... 2872.64302083 2646.42206113
 2436.40789529]"
TR503521,ART25707984,1323000,22050,"[1284.43888532 1105.85580459 1331.38471367 ... 2503.42160917 2236.13502187
 1962.77217435]","[2885.44921875 2616.28417969 3219.21386719 ... 5404.83398438 5307.93457031
 5146.43554688]",[0.        0.        0.        ... 4.6418824 2.7987607 1.0507188],[0.1361175  0.15869968 0.19468819 ... 0.26669833 0.27239725 0.23084824],[0.0078125  0.01416016 0.01757812 ... 0.08886719 0.07666016 0.0546875 ],"[2068.00293897 1890.87384172 2075.20939829 ... 2635.53482843 2564.31403348
 2546.56696202]"
TR539870,ART25707984,1323000,22050,"[3346.52076723 3837.24138973 4435.52664138 ... 2730.87755396 2771.16938891
 2898.77631697]","[6890.625      7644.28710938 7741.18652344 ... 6190.79589844 6190.79589844
 6535.32714844]",[0.         0.         0.         ... 0.62984794 2.5210564  1.4406478 ],[0.22483929 0.27899492 0.3269671  ... 0.2847103  0.2968128  0.24255948],[0.07763672 0.14941406 0.22900391 ... 0.13574219 0.12402344 0.09082031],"[2963.44769088 3112.64654824 2968.26920807 ... 2767.67712298 2763.41529064
 2843.74436335]"
TR955916,ART25707984,1323000,22050,"[2988.22093613 3220.36773295 2874.86816353 ... 2447.36827121 2582.50256894
 2713.94328088]","[6890.625      7019.82421875 6449.19433594 ... 5426.3671875  5867.79785156
 6556.86035156]",[0.        0.        0.        ... 1.5684474 1.0426912 1.7635124],[0.22999516 0.27413896 0.2982818  ... 0.47012505 0.45377526 0.39060614],[0.05029297 0.07275391 0.10058594 ... 0.08886719 0.07177734 0.04394531],"[3051.17296527 3105.85319874 2945.36682577 ... 2545.83094132 2726.86598211
 3081.90712984]"
TR636326,ART07024718,1323000,22050,"[4134.07602277 3418.2607612  2482.08297669 ... 2488.98438047 2432.27660684
 2107.11163202]","[8430.24902344 7719.65332031 6083.12988281 ... 6470.72753906 6427.66113281
 4931.10351562]",[0.         0.         0.         ... 0.20814867 0.35469112 0.4250157 ],[0.10606725 0.1526663  0.18588486 ... 0.15008128 0.15963197 0.14067045],[0.07226562 0.09765625 0.11865234 ... 0.08447266 0.08203125 0.06640625],"[3387.29011209 3169.78377321 2796.78446921 ... 3043.44775257 2932.85698815
 2649.75833404]"
TR403288,ART25707984,1323000,22050,"[2045.33195781 2054.06927549 1889.35259117 ... 2143.46158496 1662.14650265
 1563.92805295]","[5490.96679688 5523.26660156 4263.57421875 ... 5512.5        3779.07714844
 3380.71289062]",[0.        0.        0.        ... 1.6683486 3.2352855 1.0926445],[0.27982613 0.30143985 0.32449618 ... 0.39061603 0.42867023 0.38167787],[0.02148438 0.03662109 0.04833984 ... 0.06201172 0.05029297 0.03271484],"[2772.30106422 2773.40680174 2437.42537936 ... 2710.1670375  2225.40335837
 2128.42695131]"
TR480259,ART07024718,1323000,22050,"[3098.13177786 2824.16795807 2589.65323821 ... 2801.40767361 2852.18761522
 2943.49442181]","[6384.59472656 6244.62890625 6180.02929688 ... 6546.09375    6761.42578125
 7504.32128906]",[0.        0.        0.        ... 2.238075  0.9030616 1.2350281],[0.47623053 0.5694677  0.6470003  ... 0.39240262 0.36620846 0.32351395],[0.0546875  0.07617188 0.09326172 ... 0.11523438 0.13134766 0.10839844],"[2727.61881784 2741.02795415 2736.65810449 ... 2930.75491817 2959.31309347
 3134.48874193]"
TR609770,ART25707984,1323000,22050,"[2542.53505103 2754.08330076 3134.64258273 ... 2179.46164985 2187.65260744
 2182.44575819]","[5178.73535156 5738.59863281 6675.29296875 ... 6104.66308594 6126.19628906
 6136.96289062]",[0.        0.        0.        ... 0.5716777 0.5177881 0.8025179],[0.23433226 0.26372853 0.27145645 ... 0.22599143 0.22564119 0.19540395],[0.0390625  0.08935547 0.15771484 ... 0.05761719 0.06054688 0.046875  ],"[2324.92218681 2530.285484   2806.92203073 ... 2682.47987913 2692.882343
 2743.94599803]"
TR224256,ART25707984,1323000,22050,"[4788.22353885 5595.53164504 5941.7956296  ... 3568.10660536 3332.57238835
 3915.2620943 ]","[7655.05371094 8527.1484375  9000.87890625 ... 7461.25488281 7891.91894531
 8990.11230469]",[0.        0.        0.        ... 1.7457718 1.4367288 1.3894701],[0.05945453 0.07561254 0.08655214 ... 0.15226948 0.14093748 0.09820472],[0.20947266 0.36230469 0.45947266 ... 0.15039062 0.11523438 0.09619141],"[2749.83379679 2618.39110142 2680.15530624 ... 3093.71826576 3321.3362159
 3872.53487101]"
TR961564,ART25707984,1323000,22050,"[4068.92106568 4240.09115753 4119.72483919 ... 2167.87281323 2322.00032019
 2564.63071512]","[7676.58691406 7665.8203125  7601.22070312 ... 5307.93457031 5695.53222656
 6782.95898438]",[0.        0.        0.        ... 1.3194342 1.0107249 1.1915598],[0.30948216 0.3693715  0.40722072 ... 0.5679012  0.51887214 0.43785748],[0.11328125 0.17041016 0.21582031 ... 0.0234375  0.02050781 0.01611328],"[3022.67795442 2947.58935056 2901.4818767  ... 2782.79960958 2982.74829213
 3216.14372861]"
TR250056,ART25707984,1323000,22050,"[2298.67956837 2268.27544534 2285.95269294 ... 3028.6367989  3722.4476868
 4016.05897121]","[5264.86816406 5103.36914062 5028.00292969 ... 7127.49023438 7633.52050781
 7870.38574219]",[0.        0.        0.        ... 1.0479805 1.0251435 1.2913177],[0.16380098 0.20008136 0.22280517 ... 0.16011605 0.14635816 0.11418192],[0.05029297 0.07958984 0.10742188 ... 0.14257812 0.14892578 0.12695312],"[2624.55669894 2603.54660798 2538.12363155 ... 2931.20781727 3102.91761176
 3232.13304876]"
TR803061,ART25707984,1323000,22050,"[2066.27706018 2253.81610967 2740.24487828 ... 2605.1199398  3233.33601387
 2966.32149235]","[5749.36523438 6212.32910156 6869.09179688 ... 6029.296875   7332.05566406
 6912.15820312]",[0.         0.         0.         ... 0.89848804 0.5314007  0.6600364 ],[0.09122205 0.11697589 0.1375574  ... 0.24575575 0.21588798 0.17346564],[0.02636719 0.03173828 0.09716797 ... 0.11425781 0.11181641 0.08691406],"[2865.35968919 2929.72316855 3140.41941125 ... 2795.60283679 3188.05859248
 3113.01508007]"
TR660156,ART07024718,1323000,22050,"[1775.82135698 1617.95765349 2041.99034503 ... 2180.21246641 1645.02897533
 1596.54533553]","[3703.7109375  3133.08105469 4026.70898438 ... 5318.70117188 3305.34667969
 3326.87988281]",[0.        0.        0.        ... 2.1768303 3.684532  3.5105393],[0.12570468 0.1563548  0.18580101 ... 0.13408947 0.14450577 0.13370748],[0.03808594 0.0625     0.10009766 ... 0.12451172 0.078125   0.04492188],"[2024.40583422 1895.15839484 2268.95072785 ... 2769.44120278 1996.03766579
 2060.30807781]"
TR174989,ART25707984,1323000,22050,"[1500.33554129 1537.50762839 3015.34639261 ... 1729.4721148  1605.49960927
 1501.97056743]","[3240.74707031 3208.44726562 8171.85058594 ... 3456.07910156 3068.48144531
 2777.78320312]",[0.        0.        0.        ... 3.280581  1.8819486 1.4046549],[0.05360442 0.06344511 0.07691097 ... 0.20539986 0.17197771 0.1258263 ],[0.02099609 0.04882812 0.06005859 ... 0.05273438 0.0625     0.05761719],"[2101.55366692 2227.37810064 3382.61444399 ... 2319.72342558 2059.02663903
 1859.92806495]"
TR357474,ART07024718,1323000,22050,"[2870.90687447 2475.24141391 2043.96623184 ... 1885.82932305 1891.64496348
 2032.62472737]","[6836.79199219 6223.09570312 4295.87402344 ... 3671.41113281 3919.04296875
 4166.67480469]",[0.         0.         0.         ... 0.5654242  0.8292872  0.51254284],[0.1748185  0.2201766  0.25097325 ... 0.21152337 0.21288277 0.18037574],[0.05419922 0.07275391 0.08837891 ... 0.06396484 0.06738281 0.0546875 ],"[2994.8232047  2829.62087081 2560.89682349 ... 1804.72138627 1833.2917122
 1920.45191963]"
TR253898,ART07024718,1323000,22050,"[1093.10305989  883.31160145 1217.36175935 ... 2380.24106797 2394.41460456
 2405.88143541]","[1787.25585938  936.69433594 3456.07910156 ... 7116.72363281 7073.65722656
 7084.42382812]",[0.        0.        0.        ... 0.7215954 0.5669874 1.0314003],[0.36893082 0.45752746 0.5138908  ... 0.36133292 0.37086615 0.3297537 ],[0.00732422 0.01123047 0.01855469 ... 0.08886719 0.08203125 0.05859375],"[2019.05825947 1949.73519877 2390.10109531 ... 3024.34385368 2963.9181729
 2994.64571625]"
TR802307,ART07024718,1323000,22050,"[2808.9642819  3155.25565021 3020.70507341 ... 2876.67335296 2941.61013561
 2810.28742048]","[6621.45996094 7019.82421875 6922.92480469 ... 7719.65332031 8118.01757812
 7698.12011719]",[0.         0.         0.         ... 2.152489   0.48657995 0.5479058 ],[0.2811916  0.40047374 0.48717475 ... 0.49045017 0.5085311  0.43235764],[0.06054688 0.07324219 0.08300781 ... 0.05224609 0.04492188 0.03320312],"[2942.98385332 3070.9977562  3118.12375448 ... 3495.34350394 3658.80881351
 3410.4073295 ]"
TR198241,ART25707984,1323000,22050,"[ 825.72405537 1071.98388291 1397.54498285 ... 3376.01459333 2908.51580295
 2733.20202788]","[1399.65820312 1582.69042969 2734.71679688 ... 6804.4921875  6599.92675781
 6201.5625    ]",[0.        0.        0.        ... 1.6455647 2.7439156 3.6131375],[0.1429066  0.16335845 0.1881783  ... 0.2819265  0.28947493 0.2579999 ],[0.02001953 0.03564453 0.05078125 ... 0.08789062 0.08984375 0.07226562],"[1191.48080739 1770.24472063 2136.37649565 ... 3029.03359411 2883.14081187
 2771.16336994]"
TR958743,ART25707984,1323000,22050,"[3909.96536461 4163.18388467 4457.5836039  ... 2946.51484904 2823.82407738
 2936.0278011 ]","[8139.55078125 8408.71582031 8494.84863281 ... 6276.92871094 6201.5625
 6190.79589844]",[0.        0.        0.        ... 0.6985868 0.9773308 1.362725 ],[0.19202186 0.23395042 0.25932297 ... 0.14961985 0.15118864 0.12994394],[0.06005859 0.08935547 0.13232422 ... 0.16845703 0.16357422 0.125     ],"[3355.297104   3455.29658664 3461.01093937 ... 2805.26490935 2781.446142
 2741.10564077]"
TR414333,ART25707984,1323000,22050,"[2723.90280835 2490.8676635  1910.46426631 ... 2049.73143242 2537.88309715
 2417.67247347]","[6061.59667969 5792.43164062 4651.171875   ... 5824.73144531 6729.12597656
 6406.12792969]",[0.        0.        0.        ... 0.3082022 0.7134648 1.0198385],[0.1476137  0.15748496 0.15839487 ... 0.29433942 0.27789053 0.2109315 ],[0.02197266 0.02441406 0.03515625 ... 0.04882812 0.05175781 0.046875  ],"[2841.58719045 2779.21516481 2618.87253417 ... 2822.19208214 3093.10614101
 2977.20011112]"
TR988738,ART25707984,1323000,22050,"[2332.17898723 2565.91495737 2695.649595   ... 2869.19204591 2345.17358894
 1939.98748002]","[5103.36914062 5157.20214844 5792.43164062 ... 6115.4296875  5770.8984375
 4931.10351562]",[0.         0.         0.         ... 0.7686859  0.5710252  0.37105066],[0.2028874  0.2558514  0.2951961  ... 0.29516017 0.29891306 0.2795309 ],[0.03271484 0.06689453 0.10644531 ... 0.07226562 0.05664062 0.0234375 ],"[2565.51918989 2630.10910495 2687.83643902 ... 2928.09151193 2833.1794493
 2654.74544455]"
TR234738,ART25707984,1323000,22050,"[3964.57026894 4043.74675436 4023.89764915 ... 4141.79213582 3233.28247676
 2843.64730867]","[8591.74804688 8645.58105469 8527.1484375  ... 8656.34765625 7482.78808594
 6115.4296875 ]",[0.         0.         0.         ... 4.3315263  1.4999851  0.30843392],[0.04961249 0.05093013 0.05203642 ... 0.04492662 0.03957037 0.03421002],[0.06835938 0.10742188 0.11621094 ... 0.15673828 0.13769531 0.08691406],"[3426.8574671  3482.06742358 3445.249108   ... 3479.82302491 3185.50839032
 2860.39599654]"
TR532822,ART25707984,1323000,22050,"[ 341.73390485  947.59860717 1582.57134868 ... 2787.68640306 2615.48232798
 2127.06897155]","[ 322.99804688 1431.95800781 4543.50585938 ... 6395.36132812 6050.83007812
 5114.13574219]",[0.        0.        0.        ... 0.9413426 2.2489982 2.121217 ],[0.2924216  0.34250998 0.40063968 ... 0.26052693 0.23436484 0.1860761 ],[0.00244141 0.00585938 0.01904297 ... 0.09277344 0.09619141 0.07226562],"[ 989.68302974 2113.49628265 2520.81801055 ... 2884.29875832 2766.04409286
 2577.90248402]"
TR975112,ART25707984,1323000,22050,"[2387.80354868 2409.9236221  2354.9588463  ... 3481.97795518 3633.15168287
 3452.97217032]","[5501.73339844 5469.43359375 5534.03320312 ... 8118.01757812 8839.37988281
 8548.68164062]",[0.         0.         0.         ... 0.6125035  0.90833217 1.769366  ],[0.25554317 0.3043651  0.37971938 ... 0.30550396 0.31333998 0.28783742],[0.04492188 0.06689453 0.08007812 ... 0.12695312 0.12255859 0.08642578],"[2626.43590801 2632.32530928 2677.0949241  ... 3365.82793761 3472.93853795
 3348.93849446]"
TR576460,ART07024718,1323000,22050,"[3171.85527259 3694.86172529 3733.37399589 ... 5311.54548712 5911.19093774
 5349.64056171]","[6998.29101562 7288.98925781 7407.421875   ... 9194.67773438 9431.54296875
 9313.11035156]",[0.        0.        0.        ... 1.4842738 1.7087305 0.5683813],[0.15750316 0.19345853 0.22113265 ... 0.16201565 0.12950437 0.09208645],[0.08154297 0.11914062 0.14550781 ... 0.39794922 0.375      0.27880859],"[2926.07299499 2929.31529768 2970.32680857 ... 3652.69113198 3469.96018496
 3572.93333508]"
TR265400,ART07024718,1323000,22050,"[1459.46377258 1656.28077852 1753.78050784 ... 2550.48815183 1804.63641678
 2574.50684487]","[2659.35058594 3068.48144531 3434.54589844 ... 6513.79394531 5630.93261719
 6352.29492188]",[0.        0.        0.        ... 2.7376478 1.0486468 0.3347063],[0.3033089  0.37110555 0.43197358 ... 0.3659215  0.3544434  0.30336905],[0.02734375 0.04199219 0.05517578 ... 0.05126953 0.04833984 0.02197266],"[2087.94786765 2239.17902885 2286.39579402 ... 2933.02112931 2795.10498241
 3000.94142342]"
TR703446,ART25707984,1323000,22050,"[2751.04561007 2456.22851624 2067.41039323 ... 1705.31658226 1788.39201902
 2109.6129449 ]","[5986.23046875 5447.90039062 4242.04101562 ... 4005.17578125 4597.33886719
 5189.50195312]",[0.         0.         0.         ... 1.3754414  0.98659074 3.409637  ],[0.08898104 0.1459625  0.16819455 ... 0.29530022 0.229476   0.15628439],[0.07324219 0.09179688 0.11621094 ... 0.06347656 0.07617188 0.06152344],"[2755.90227862 2644.6189273  2367.36591896 ... 2220.34798931 2339.36003198
 2480.3093681 ]"
TR253127,ART07024718,1323000,22050,"[2449.66198602 2568.60357553 2702.48822472 ... 2548.28901925 2510.57973911
 2374.53604224]","[7224.38964844 6922.92480469 6567.62695312 ... 5211.03515625 5124.90234375
 4974.16992188]",[0.        0.        0.        ... 1.1870437 2.5926719 2.991563 ],[0.15977184 0.1831027  0.1978417  ... 0.25297835 0.2546985  0.22389348],[0.03808594 0.06347656 0.07128906 ... 0.06445312 0.07617188 0.05712891],"[3269.16242408 2995.76668632 2825.94933625 ... 2514.66310913 2475.74204815
 2470.29722386]"
TR226814,ART07024718,1323000,22050,"[1878.17153794 2066.81285631 2815.43990806 ... 4629.63886196 4579.90815988
 4640.52425803]","[3875.9765625  3800.61035156 6696.82617188 ... 8193.38378906 7988.81835938
 7881.15234375]",[0.        0.        0.        ... 0.9982229 0.7741212 0.8143824],[0.23952065 0.26219085 0.28933468 ... 0.13036227 0.12301645 0.10372499],[0.02001953 0.04589844 0.11181641 ... 0.40380859 0.38769531 0.27246094],"[2502.75878877 2427.47764528 2972.20340657 ... 2784.00570878 2698.61772801
 2627.60940908]"
TR232256,ART25707984,1323000,22050,"[3416.92185633 3992.54723498 4037.86353991 ... 3095.6663985  2791.4888651
 2587.90074736]","[7030.59082031 8064.18457031 8139.55078125 ... 6707.59277344 6276.92871094
 5878.56445312]",[0.        0.        0.        ... 1.9493107 0.9055334 1.4730315],[0.12364081 0.15412964 0.17864361 ... 0.18621284 0.16198476 0.12893511],[0.08251953 0.12353516 0.15087891 ... 0.14892578 0.12744141 0.08935547],"[3069.12226189 3223.21556983 3229.9609811  ... 2846.00978402 2636.58027353
 2500.44519737]"
TR343758,ART07024718,1323000,22050,"[2155.00510953 2151.8418815  1813.13425295 ... 2150.33007447 2324.16339294
 2427.25809412]","[5415.60058594 5641.69921875 4242.04101562 ... 4285.10742188 4586.57226562
 4586.57226562]",[0.         0.         0.         ... 0.45255476 0.6669252  0.7454387 ],[0.07363378 0.09414337 0.1142058  ... 0.09902962 0.09172037 0.07177002],[0.02832031 0.0390625  0.06054688 ... 0.1015625  0.12255859 0.10009766],"[2727.23418267 2799.9457434  2489.22444872 ... 2524.35524962 2582.07294195
 2505.63157576]"
TR382463,ART25707984,1323000,22050,"[3499.55330983 3842.59858697 3390.91154722 ... 4064.03516162 4043.82486801
 4165.9470341 ]","[7418.18847656 7676.58691406 7375.12207031 ... 8161.08398438 8128.78417969
 8225.68359375]",[0.        0.        0.        ... 0.1439345 0.2773702 1.5136102],[0.07732917 0.24191548 0.3175494  ... 0.06111569 0.06008811 0.05276272],[0.12158203 0.15234375 0.18066406 ... 0.19042969 0.20654297 0.15429688],"[3142.3649447  3105.29975914 3133.60664028 ... 3197.10657278 3155.11215174
 3125.4143027 ]"
TR553134,ART25707984,1323000,22050,"[1480.46461612 1562.19887713 1704.90401251 ... 2969.60374684 2799.75186864
 2545.93451696]","[2228.68652344 2368.65234375 2723.95019531 ... 7062.890625   6696.82617188
 5663.23242188]",[0.         0.         0.         ... 0.91635585 0.83147645 0.48853278],[0.03828005 0.04707786 0.05460301 ... 0.05115823 0.04413196 0.03462775],[0.04296875 0.06201172 0.08300781 ... 0.13818359 0.12548828 0.08447266],"[1859.84884727 1893.09631569 1938.33664869 ... 2777.41524023 2698.10117371
 2468.58750832]"
TR546164,ART07024718,1323000,22050,"[3535.40697292 4217.67562379 4341.46725594 ... 2037.33090548 2282.50228831
 2431.40844719]","[8871.6796875  9097.77832031 9076.24511719 ... 4295.87402344 4823.4375
 5103.36914062]",[0.       0.       0.       ... 3.331812 2.127267 2.100877],[0.16149332 0.19861774 0.22268264 ... 0.27111483 0.28666103 0.25039485],[0.06152344 0.10644531 0.14111328 ... 0.07177734 0.08056641 0.06640625],"[3770.99854353 3863.35980779 3904.20536232 ... 2476.05959977 2580.33633373
 2642.08971275]"
TR957680,ART25707984,1323000,22050,"[1762.27890601 2224.05126208 3858.03400343 ... 1913.89525478 1867.62393626
 1502.9130122 ]","[4403.54003906 6707.59277344 7870.38574219 ... 5049.53613281 4963.40332031
 3057.71484375]",[0.         0.         0.         ... 0.49725336 0.47368473 0.63824904],[0.20762035 0.25620815 0.29543287 ... 0.2602114  0.24326384 0.2116928 ],[0.01220703 0.02392578 0.05712891 ... 0.02441406 0.02880859 0.01904297],"[2746.43911615 3154.41922206 3393.45002552 ... 2799.53421047 2822.64505857
 2535.01911576]"
TR345528,ART25707984,1323000,22050,"[1781.69705736 2206.96377971 2223.41901132 ... 2820.31907415 2859.18070717
 2598.21733548]","[3779.07714844 4705.00488281 4629.63867188 ... 6115.4296875  6384.59472656
 5932.39746094]",[0.         0.         0.         ... 0.81335557 1.4275362  1.6904569 ],[0.11426499 0.13575996 0.158633   ... 0.34711173 0.3409986  0.27834803],[0.04101562 0.0625     0.08544922 ... 0.11865234 0.11035156 0.08105469],"[2176.67209776 2505.79896623 2477.88218312 ... 2705.15792605 2741.84766238
 2747.52815976]"
TR871111,ART25707984,1323000,22050,"[1500.33554129 1537.50762839 3015.34639261 ... 1729.4721148  1605.49960927
 1501.97056743]","[3240.74707031 3208.44726562 8171.85058594 ... 3456.07910156 3068.48144531
 2777.78320312]",[0.        0.        0.        ... 3.280581  1.8819486 1.4046549],[0.05360442 0.06344511 0.07691097 ... 0.20539986 0.17197771 0.1258263 ],[0.02099609 0.04882812 0.06005859 ... 0.05273438 0.0625     0.05761719],"[2101.55366692 2227.37810064 3382.61444399 ... 2319.72342558 2059.02663903
 1859.92806495]"
TR233630,ART25707984,1323000,22050,"[1969.40979626 2039.17576045 1801.62452637 ... 3482.68815164 2346.24285912
 2203.0523957 ]","[5286.40136719 5264.86816406 4586.57226562 ... 7590.45410156 6136.96289062
 5867.79785156]","[ 0.          0.          0.         ...  0.19211091  1.5001357
 11.670467  ]",[0.25524372 0.2865105  0.30838725 ... 0.28568742 0.3517134  0.35138115],[0.01611328 0.01855469 0.02246094 ... 0.37207031 0.24414062 0.09912109],"[2782.10444149 2719.69900576 2500.72608747 ... 3110.50982034 2848.02019431
 2794.81277222]"
TR508264,ART25707984,1323000,22050,"[2616.34729508 2497.50182493 1895.51800464 ... 2203.52048867 2696.92512957
 2929.3273145 ]","[7245.92285156 6976.7578125  5157.20214844 ... 5663.23242188 6621.45996094
 7321.2890625 ]",[0.        0.        0.        ... 1.6423362 1.0667573 0.6580898],[0.35586426 0.4945224  0.5583088  ... 0.51899743 0.46363157 0.36955374],[0.04541016 0.04882812 0.05615234 ... 0.02539062 0.03759766 0.03613281],"[3239.12193564 3112.82094011 2678.32448085 ... 2770.8451696  3025.45277122
 3207.92298053]"
TR249890,ART25707984,1323000,22050,"[1753.32129237 1982.6122345  2075.25842025 ... 2468.75254876 2323.64217373
 2192.27254182]","[4446.60644531 5038.76953125 5297.16796875 ... 7428.95507812 6890.625
 5813.96484375]",[0.        0.        0.        ... 0.3776621 2.7508736 3.6096482],[0.09824463 0.11775693 0.12901026 ... 0.23122762 0.2533064  0.23616377],[0.00585938 0.0078125  0.01171875 ... 0.0546875  0.0625     0.04882812],"[2532.95963144 2677.89021953 2726.31456746 ... 3195.61640162 3038.49134518
 2837.10156427]"
TR264422,ART25707984,1323000,22050,"[3331.48437982 3386.72798601 3348.96379398 ... 3013.14587407 2586.69251803
 2651.50286772]","[7127.49023438 7127.49023438 7105.95703125 ... 7267.45605469 6298.46191406
 6319.99511719]",[0.        0.        0.        ... 1.1535528 1.1520545 1.5109851],[0.12889655 0.15730481 0.18875675 ... 0.19106627 0.22029726 0.20931594],[0.08789062 0.12597656 0.15234375 ... 0.15722656 0.12011719 0.07666016],"[3010.67152984 3004.07491362 2997.63279628 ... 3034.28804164 2915.74336463
 2933.3852947 ]"
TR942520,ART25707984,1323000,22050,"[3037.49162861 3176.14030649 2914.86347819 ... 4637.42504668 4897.38739305
 3990.52717862]","[5620.16601562 5641.69921875 5598.6328125  ... 8903.97949219 8947.04589844
 7579.6875    ]",[0.         0.         0.         ... 0.09469379 0.03621845 1.4898996 ],[0.14789248 0.16799344 0.27565402 ... 0.03903251 0.10346999 0.10232668],[0.08056641 0.12597656 0.15039062 ... 0.27490234 0.29492188 0.24609375],"[2664.22722825 2629.90949258 2582.20366295 ... 3499.00383062 3276.7010373
 2922.8576503 ]"
TR701532,ART07024718,1323000,22050,"[4491.42003515 4351.76428454 3171.74193823 ... 1618.59693162 1119.6192917
 1967.98049965]","[8527.1484375  8796.31347656 7784.25292969 ... 4554.27246094 2465.55175781
 5006.46972656]",[0.         0.         0.         ... 0.8421789  0.5863259  0.13427702],[0.14680646 0.17594928 0.1924161  ... 0.41161776 0.4069494  0.3617486 ],[0.10009766 0.11474609 0.13427734 ... 0.03125    0.02197266 0.01660156],"[3474.06939312 3545.18330396 3322.27443431 ... 2383.81112324 2035.68831482
 2781.4230901 ]"
TR367642,ART07024718,1323000,22050,"[4920.48739323 5056.23636729 4905.18789844 ... 2497.66848452 2827.96751562
 2783.27484538]","[7622.75390625 7644.28710938 7665.8203125  ... 5770.8984375  6180.02929688
 6233.86230469]",[0.        0.        0.        ... 0.4971925 0.6152566 0.8639128],[0.14900118 0.17224537 0.21043849 ... 0.40759298 0.36383393 0.28501832],[0.21142578 0.31152344 0.35546875 ... 0.09472656 0.10009766 0.08300781],"[2609.05849758 2552.01537302 2601.66066159 ... 2657.21770651 2745.55848934
 2778.83220242]"
TR498962,ART07024718,1323000,22050,"[3139.48165993 3375.59728822 4530.0814564  ... 2278.45658889 2533.62182834
 2642.43041495]","[6330.76171875 6513.79394531 8193.38378906 ... 6503.02734375 6998.29101562
 7030.59082031]",[0.         0.         0.         ... 1.2004256  1.2003512  0.74666506],[0.09274183 0.10889865 0.12982692 ... 0.5080305  0.45947078 0.3623953 ],[0.11816406 0.20507812 0.34912109 ... 0.03564453 0.04931641 0.03955078],"[2728.28802377 2771.16250546 3015.64706392 ... 2979.2278938  3111.63787891
 3124.06536015]"
TR434327,ART25707984,1323000,22050,"[1790.84793794 2170.05671038 2160.97505104 ... 2429.93997648 2627.7920642
 2993.87030028]","[5124.90234375 6104.66308594 5921.63085938 ... 5620.16601562 6061.59667969
 6987.52441406]",[0.        0.        0.        ... 1.0510043 0.7896968 1.1018431],[0.16881655 0.19224374 0.20967555 ... 0.43284532 0.3781039  0.2848024 ],[0.02050781 0.03076172 0.03955078 ... 0.09179688 0.11328125 0.09570312],"[2686.94891263 2879.18981955 2788.67810392 ... 2682.40940878 2763.62466721
 2962.80394574]"
TR405648,ART07024718,1323000,22050,"[1320.27263962 1279.55949679 1212.2888707  ... 1131.2581263  1397.53128907
 1487.1963524 ]","[2400.95214844 2304.05273438 2207.15332031 ... 1916.45507812 2540.91796875
 2637.81738281]",[0.        0.        0.        ... 0.3275776 2.3825138 4.293486 ],[0.23207274 0.27500772 0.28669295 ... 0.43051574 0.40283296 0.33791313],[0.01806641 0.02734375 0.03320312 ... 0.03320312 0.05029297 0.04296875],"[1874.90033007 1755.60698645 1681.36778195 ... 1571.18504753 1675.54839273
 1749.86452609]"
TR219551,ART07024718,1323000,22050,"[1915.31592268 2230.1529727  2705.06660172 ... 3143.26751891 3204.53831777
 2585.76299598]","[4748.07128906 5910.86425781 6481.49414062 ... 7332.05566406 7881.15234375
 6782.95898438]",[0.         0.         0.         ... 0.54263556 0.7685643  0.86992383],[0.24887028 0.31616426 0.35605618 ... 0.29703557 0.28440285 0.23529167],[0.03369141 0.05517578 0.08496094 ... 0.07763672 0.05908203 0.03710938],"[2618.05058089 2835.03991245 2977.21474722 ... 3104.23552406 3263.81407161
 3148.61084174]"
TR161567,ART07024718,1323000,22050,"[3412.65210426 3301.92010351 3145.90306173 ... 1743.2205906  1802.36446949
 2109.02396379]","[7267.45605469 7138.25683594 6739.89257812 ... 3682.17773438 3380.71289062
 4102.07519531]",[0.         0.         0.         ... 0.69437313 1.029523   1.2258027 ],[0.02229276 0.02347046 0.02535441 ... 0.11914788 0.09771804 0.0767137 ],[0.08105469 0.12792969 0.20849609 ... 0.05029297 0.0703125  0.06054688],"[3282.96889045 3180.11097997 2832.5697411  ... 2139.17887205 2100.22649164
 2388.86479379]"
TR531180,ART07024718,1323000,22050,"[3934.23876795 4410.87413322 4831.4246674  ... 2337.92207113 2274.10835463
 2220.94661706]","[8128.78417969 8376.41601562 8451.78222656 ... 5351.00097656 5243.33496094
 5071.06933594]",[0.         0.         0.         ... 1.1474577  1.2293922  0.91581666],[0.24032076 0.27911818 0.3125411  ... 0.31786326 0.31707054 0.28147596],[0.13867188 0.23486328 0.32470703 ... 0.09667969 0.09960938 0.07470703],"[3257.91425348 3216.22868908 3073.12446916 ... 2464.31210439 2442.81233039
 2428.15901335]"
TR245679,ART25707984,1323000,22050,"[2828.63122594 2652.17499483 2374.19263755 ... 1648.83500994 1425.38151655
 1029.12829762]","[7202.85644531 7052.12402344 6040.06347656 ... 3746.77734375 2487.08496094
 1894.921875  ]",[0.         0.         0.         ... 1.8911023  1.5409237  0.65885746],[0.14921728 0.16293848 0.1770457  ... 0.13996002 0.13117109 0.10868583],[0.03759766 0.05615234 0.07421875 ... 0.03320312 0.03027344 0.02441406],"[3225.12673775 3177.8652611  2911.79636273 ... 2462.26030899 2318.28031924
 1916.82165044]"
TR177789,ART25707984,1323000,22050,"[1710.18233998 1901.20688027 1928.55742945 ... 2548.52121722 2603.41444248
 2559.52723649]","[3994.40917969 4726.53808594 4823.4375     ... 5512.5        5695.53222656
 5813.96484375]",[0.        0.        0.        ... 2.1111417 2.610871  1.7466547],[0.24452747 0.29654294 0.3184062  ... 0.24214807 0.21364987 0.15642247],[0.03125    0.04833984 0.07763672 ... 0.09619141 0.11035156 0.08447266],"[2267.49084071 2452.66803385 2445.70835463 ... 2481.26703133 2609.77673156
 2709.13226252]"
TR497858,ART25707984,1323000,22050,"[3150.00655133 3137.06073492 3411.40584884 ... 4382.26331588 2928.93623115
 2445.20721144]","[7848.85253906 8354.8828125  8462.54882812 ... 9431.54296875 8559.44824219
 7095.19042969]",[0.         0.         0.         ... 1.1651455  0.53761226 0.2904231 ],[0.16206162 0.18820842 0.29744115 ... 0.23020808 0.22858241 0.19951594],[0.04638672 0.06201172 0.07861328 ... 0.11132812 0.08251953 0.04345703],"[3491.88961116 3636.34750216 3640.66422538 ... 4021.3970899  3666.07004972
 3221.16483569]"
TR328499,ART07024718,1323000,22050,"[1827.15468301 2393.27544808 2465.79024372 ... 2668.87921741 2754.96335364
 2187.42224065]","[3865.20996094 5652.46582031 5889.33105469 ... 6395.36132812 6739.89257812
 6018.53027344]",[0.         0.         0.         ... 0.34212998 0.39275414 9.128764  ],[0.19195811 0.26194054 0.32855707 ... 0.24216452 0.24175411 0.21317112],[0.03076172 0.03857422 0.04492188 ... 0.04003906 0.04882812 0.04736328],"[2414.63843409 2678.29767475 2807.78056074 ... 2881.09477186 2968.69360388
 2922.79315716]"
TR316521,ART25707984,1323000,22050,"[1235.61864285  762.33128938  389.69327344 ... 2989.1516679  2478.07786334
 2394.2819212 ]","[2691.65039062  882.86132812  355.29785156 ... 6675.29296875 4888.03710938
 5092.60253906]",[0.         0.         0.         ... 0.44485843 0.87903535 0.52469444],[0.00382438 0.00477365 0.00512252 ... 0.1487646  0.18813282 0.16700177],[0.0078125  0.01074219 0.015625   ... 0.18994141 0.14941406 0.10888672],"[2100.48856463 1640.44526736 1127.62674151 ... 2744.86454245 2307.94366618
 2395.66932868]"
TR614818,ART07024718,1323000,22050,"[2480.03845339 2338.54870851 2127.60254406 ... 3015.34786516 2663.09199501
 2084.26559282]","[5749.36523438 5544.79980469 5264.86816406 ... 6944.45800781 6341.52832031
 4166.67480469]",[0.        0.        0.        ... 4.236619  2.7515159 1.7726389],[0.16881604 0.19712459 0.21897073 ... 0.19935201 0.21646187 0.19413957],[0.04296875 0.07617188 0.09667969 ... 0.12109375 0.11523438 0.07958984],"[2649.2208871  2579.02998389 2555.10772085 ... 2997.38938384 2816.16656694
 2303.48639963]"
TR866727,ART25707984,1323000,22050,"[2093.48653542 1987.76129246 1823.44588276 ... 2595.10806524 2464.50092333
 2344.67484104]","[5587.86621094 5146.43554688 4565.0390625  ... 5943.1640625  5544.79980469
 5447.90039062]",[0.        0.        0.        ... 1.24877   0.7307079 1.1225536],[0.23084578 0.2788811  0.316414   ... 0.2809627  0.28789523 0.25623307],[0.03369141 0.05029297 0.06884766 ... 0.11523438 0.09130859 0.05957031],"[2832.39129471 2675.58121281 2488.60649486 ... 2793.6492588  2668.87188838
 2683.15804424]"
TR156022,ART25707984,1323000,22050,"[3331.30587669 3120.47415137 2687.02247738 ... 1886.75278217 2682.09059734
 3182.13595527]","[7622.75390625 7149.0234375  5996.99707031 ... 3671.41113281 5351.00097656
 6535.32714844]",[0.        0.        0.        ... 0.5045128 0.5595342 0.6842351],[0.08305673 0.09567611 0.11411897 ... 0.1357881  0.18119903 0.16780768],[0.06103516 0.08154297 0.11230469 ... 0.11767578 0.12792969 0.10400391],"[3263.20451309 3131.62051765 2883.34686671 ... 1983.2401915  2531.33311679
 2704.66451931]"
TR904041,ART25707984,1323000,22050,"[1595.82341878 1594.45714646 1509.98982336 ... 2488.29376944 2598.16923457
 3582.46596636]","[4005.17578125 4134.375      3391.47949219 ... 7784.25292969 7536.62109375
 8344.11621094]",[0.         0.         0.         ... 0.19838527 0.65997064 0.65310955],[0.39568877 0.47844943 0.5206201  ... 0.35475364 0.33206293 0.2729133 ],[0.01269531 0.01855469 0.01953125 ... 0.03466797 0.03613281 0.03027344],"[2372.08205224 2372.31950551 2262.53821994 ... 3466.44709182 3420.44062534
 3524.81633239]"
TR733092,ART25707984,1323000,22050,"[1794.37709119 1556.17950308  928.64304746 ... 2373.74246714 2371.97780034
 2919.37799643]","[3509.91210938 3380.71289062 2336.35253906 ... 4521.97265625 5114.13574219
 7698.12011719]",[0.         0.         0.         ... 0.49360847 0.04489012 0.21050075],[0.26238516 0.40822268 0.5069983  ... 0.18971972 0.15431912 0.12613209],[0.02783203 0.03173828 0.03369141 ... 0.10693359 0.09912109 0.06884766],"[1950.24362445 1912.84232306 1608.98089549 ... 2380.4398817  2688.86777241
 3280.35463333]"
TR887990,ART25707984,1323000,22050,"[2233.64869549 2351.04233222 2144.79693978 ... 3353.82194488 3499.38666789
 3465.41766944]","[5103.36914062 5211.03515625 4683.47167969 ... 6675.29296875 7138.25683594
 7256.68945312]",[0.        0.        0.        ... 1.1157728 5.642957  5.3587065],[0.21022524 0.26272368 0.28394666 ... 0.27140522 0.30527434 0.26935118],[0.04736328 0.06835938 0.09179688 ... 0.18603516 0.19677734 0.16650391],"[2521.2751288  2566.19507807 2500.21925544 ... 2685.38649487 2774.47263441
 2799.27589188]"
TR700280,ART25707984,1323000,22050,"[2447.47122601 2302.7908312  1624.73954894 ... 1860.36200816 3266.66611256
 3416.10274825]","[5921.63085938 5587.86621094 4026.70898438 ... 4931.10351562 7687.35351562
 7945.75195312]",[0.        0.        0.        ... 1.785995  2.7015488 3.8386836],[0.3034129  0.3653063  0.4175392  ... 0.43206814 0.4377635  0.37885225],[0.01025391 0.01220703 0.01611328 ... 0.05175781 0.06103516 0.05615234],"[2739.81297639 2655.31327294 2328.14968484 ... 2670.92385885 3336.20280822
 3393.82575274]"
TR709968,ART25707984,1323000,22050,"[1595.99474997 1967.02788849 1786.71050042 ... 2803.41370454 2935.48485191
 2824.53032166]","[4521.97265625 4941.87011719 4155.90820312 ... 5598.6328125  5835.49804688
 5803.19824219]",[0.        0.        0.        ... 0.8505115 0.625664  0.7782737],[0.20304696 0.28941646 0.33745143 ... 0.32204244 0.2933106  0.23799151],[0.01220703 0.02978516 0.04638672 ... 0.109375   0.10351562 0.07470703],"[2692.18617404 2614.26979268 2298.0481535  ... 2535.6725651  2600.16587949
 2585.86062948]"
TR816395,ART07024718,1323000,22050,"[2896.78120901 2964.15197723 3627.37167333 ... 4039.68207995 4643.97549118
 5704.17775409]","[8720.94726562 8817.84667969 9226.97753906 ... 7332.05566406 8494.84863281
 9345.41015625]",[0.        0.        0.        ... 2.0910544 1.3151366 1.5053358],[0.43466714 0.50848216 0.55857825 ... 0.26139438 0.2361774  0.19871825],[0.03564453 0.04882812 0.06884766 ... 0.265625   0.36328125 0.29980469],"[3749.4623625  3845.14351644 4087.11464022 ... 2653.37130919 2928.43490101
 3119.35552673]"
TR219883,ART25707984,1323000,22050,"[2896.30396539 3133.38478234 2873.87558277 ... 2925.76464807 3156.35358305
 3065.71243297]","[6126.19628906 6406.12792969 6050.83007812 ... 6319.99511719 6535.32714844
 6276.92871094]",[0.         0.         0.         ... 4.337848   1.5735018  0.88888365],[0.22183481 0.26325428 0.31959245 ... 0.35385627 0.3124019  0.24107188],[0.05615234 0.08544922 0.11523438 ... 0.08642578 0.07958984 0.06738281],"[2815.88007264 2938.38481709 2867.85640438 ... 2689.77679389 2727.33942412
 2776.83188927]"
TR828726,ART07024718,1323000,22050,"[1778.73115496 1679.79569669 1519.7316496  ... 1356.91439571 1444.30139238
 1557.91618802]","[3789.84375    3208.44726562 2551.68457031 ... 3090.01464844 3240.74707031
 3380.71289062]",[0.         0.         0.         ... 0.70016813 0.76421314 0.8901021 ],[0.23637462 0.25789633 0.29220453 ... 0.31606072 0.31835815 0.28106362],[0.03076172 0.04345703 0.06103516 ... 0.04785156 0.05419922 0.04296875],"[2124.1170728  2039.11304208 1925.06004126 ... 1927.15942251 2135.98722793
 2260.51409273]"
TR519371,ART25707984,1323000,22050,"[2413.49173059 2447.47877153 2431.7758111  ... 1840.4954145  1810.25045154
 1832.95096156]","[5329.46777344 5383.30078125 5340.234375   ... 4198.97460938 4198.97460938
 4220.5078125 ]",[0.         0.         0.         ... 0.69294626 0.7880442  0.9664051 ],[0.16405946 0.20759313 0.2399663  ... 0.10273299 0.0993177  0.08487839],[0.02978516 0.04248047 0.05566406 ... 0.10400391 0.11083984 0.0859375 ],"[2696.79602874 2732.53481689 2715.54278803 ... 2313.30077445 2310.68840348
 2313.08305427]"
TR708095,ART07024718,1323000,22050,"[3506.0675607  4228.2634499  4774.78757809 ... 5669.93394271 5322.1780435
 3768.17277889]","[8451.78222656 8979.34570312 9226.97753906 ... 8720.94726562 8365.64941406
 7784.25292969]",[0.         0.         0.         ... 2.1490018  0.69865215 0.21216859],[0.20381428 0.2542216  0.29815245 ... 0.12492049 0.13257165 0.11657688],[0.03955078 0.06005859 0.09179688 ... 0.39892578 0.33837891 0.22216797],"[3664.6656476  3791.28575927 3953.55804932 ... 2897.24679422 2866.44280239
 3179.09571833]"
TR313565,ART07024718,1323000,22050,"[2894.38798311 4331.11696126 5431.08315202 ... 1945.37059302 2312.10806798
 2452.26471077]","[5426.3671875  7633.52050781 8010.3515625  ... 5490.96679688 6136.96289062
 6255.39550781]",[0.         0.         0.         ... 2.0195591  0.43529522 1.1051414 ],[0.08018329 0.17297612 0.22871292 ... 0.55675477 0.5910065  0.51982695],[0.12451172 0.25390625 0.39257812 ... 0.02783203 0.02490234 0.02001953],"[2488.63897985 2859.93410987 2540.03592504 ... 2811.89599019 2789.55784678
 2864.26127556]"
TR518927,ART25707984,1323000,22050,"[2743.52716038 2596.6466177  2191.46531984 ... 2751.32892947 4081.02822477
 3656.75646388]","[6556.86035156 6363.06152344 5243.33496094 ... 7116.72363281 8397.94921875
 8214.91699219]",[0.         0.         0.         ... 0.2659098  0.51357263 8.818698  ],[0.14188081 0.16835535 0.18678969 ... 0.32113576 0.33454454 0.2996504 ],[0.04882812 0.06689453 0.08105469 ... 0.05957031 0.07080078 0.06689453],"[2892.80457658 2836.22876053 2591.80409703 ... 3262.92178769 3491.74640345
 3443.49829128]"
TR451705,ART25707984,1323000,22050,"[1536.27667996 1464.19923406 1155.52822918 ... 2741.9950168  2680.69514054
 2417.242954  ]","[3036.18164062 2680.88378906 2077.95410156 ... 5727.83203125 5953.93066406
 5501.73339844]",[0.         0.         0.         ... 1.0236219  0.86683416 0.47853705],[0.19863637 0.24889787 0.28936484 ... 0.45810702 0.46449485 0.4049509 ],[0.01025391 0.01318359 0.01660156 ... 0.08203125 0.07177734 0.046875  ],"[2287.10825708 2171.30023146 1872.03792562 ... 2611.29440276 2707.13827501
 2652.13051304]"
TR844218,ART25707984,1323000,22050,"[2945.42048355 2872.62287532 2542.93486441 ... 2151.10617586 1977.91677319
 1740.32935338]","[6459.9609375  6513.79394531 5867.79785156 ... 5006.46972656 4931.10351562
 4511.20605469]",[0.        0.        0.        ... 5.315256  1.3100791 0.4903432],[0.07257938 0.08127363 0.11999188 ... 0.485193   0.53772825 0.48051196],[0.05224609 0.06201172 0.11767578 ... 0.06445312 0.04199219 0.02539062],"[2772.22007667 2805.63656831 2642.72799339 ... 2509.69395358 2560.12385221
 2519.03496047]"
TR459679,ART07024718,1323000,22050,"[2176.2446485  2386.94619798 2344.36378732 ... 2212.84976658 2087.79857407
 1972.32351551]","[4931.10351562 5286.40136719 4931.10351562 ... 4597.33886719 4242.04101562
 4123.60839844]",[0.        0.        0.        ... 1.249749  2.3962486 1.5319219],[0.16254708 0.2064172  0.23931435 ... 0.17147821 0.10651022 0.04709075],[0.03564453 0.05224609 0.0703125  ... 0.06494141 0.06201172 0.04589844],"[2764.02483982 2849.01989203 2740.42443551 ... 2470.95612431 2430.79459327
 2393.58343919]"
TR370663,ART25707984,1323000,22050,"[2523.40684797 2834.56361319 2797.14650577 ... 3526.019754   3598.0139632
 3758.66106508]","[6029.296875   6276.92871094 5975.46386719 ... 6976.7578125  7245.92285156
 7870.38574219]",[0.        0.        0.        ... 2.5380628 0.8715737 1.3098845],[0.31441194 0.39565405 0.42664158 ... 0.2599332  0.1982784  0.13751897],[0.05664062 0.09082031 0.13427734 ... 0.15039062 0.17382812 0.13671875],"[2758.64169879 2777.69236271 2631.30584651 ... 2912.7608218  2975.59203624
 3117.90347997]"
TR998032,ART07024718,1323000,22050,"[3270.40241978 4070.34188588 4372.67442522 ... 3404.62143964 2774.9449352
 3099.87922304]","[6578.39355469 7655.05371094 8161.08398438 ... 8031.88476562 6772.19238281
 6739.89257812]",[0.         0.         0.         ... 0.08687554 0.14051029 3.9480152 ],[0.18072046 0.22268258 0.25610244 ... 0.12095883 0.17945419 0.1742278 ],[0.06982422 0.11669922 0.15283203 ... 0.09130859 0.11523438 0.10253906],"[3073.41211437 3095.62803895 3108.32603278 ... 3451.86690877 3050.11932707
 2921.12337528]"
TR895378,ART25707984,1323000,22050,"[3447.18687983 3655.45360734 3387.22893791 ... 1781.17489866 1709.177878
 1700.22739893]","[7579.6875     7870.38574219 6427.66113281 ... 4392.7734375  4123.60839844
 4392.7734375 ]",[0.         0.         0.         ... 1.7454864  0.26973897 0.54910433],[0.04965029 0.13197924 0.17827933 ... 0.4599285  0.40323162 0.33629736],[0.07617188 0.12548828 0.17333984 ... 0.02685547 0.02832031 0.02050781],"[3094.45623643 3098.34287513 2458.4295143  ... 2443.02564767 2472.9317874
 2541.84349766]"
TR759934,ART07024718,1323000,22050,"[1858.67894318 2057.16879994 2261.46551777 ... 2118.36694318 1633.69496007
 2147.92863174]","[3466.84570312 3865.20996094 4446.60644531 ... 4554.27246094 3122.31445312
 4726.53808594]",[0.         0.         0.         ... 0.8255276  0.3148757  0.22810358],[0.18669352 0.2231199  0.24248683 ... 0.23575006 0.24313255 0.2066423 ],[0.04394531 0.06689453 0.09521484 ... 0.0859375  0.08740234 0.06445312],"[2144.69115877 2319.28622185 2541.8201165  ... 2786.79410114 2085.99917649
 2538.43899189]"
TR597065,ART25707984,1323000,22050,"[1305.81660358 1383.95848185 1377.44594844 ... 2092.32370006 2035.45326456
 1766.75204988]","[2573.21777344 2842.3828125  2820.84960938 ... 4338.94042969 4425.07324219
 3800.61035156]",[0.         0.         0.         ... 2.2415047  2.0523236  0.86492735],[0.1003731  0.11919891 0.13757621 ... 0.39794657 0.40499505 0.35952014],[0.02050781 0.02880859 0.03613281 ... 0.06298828 0.05615234 0.03808594],"[2014.29002037 2083.93666528 2070.52276699 ... 2319.29071753 2334.95470599
 2213.27349993]"
TR459295,ART07024718,1323000,22050,"[2610.24300728 2553.4053695  2332.21452293 ... 1578.91943896 1427.33485714
 1475.16854019]","[5243.33496094 5286.40136719 5264.86816406 ... 2444.01855469 2583.984375
 2853.14941406]",[0.        0.        0.        ... 1.7085358 1.2205238 0.8465553],[0.14315571 0.15390307 0.16329812 ... 0.22954598 0.21462011 0.17471075],[0.06054688 0.08154297 0.10058594 ... 0.06347656 0.05761719 0.04052734],"[2510.34196092 2556.45590523 2583.21521403 ... 2008.71203274 1923.80488682
 2090.80605702]"
TR550536,ART25707984,1323000,22050,"[1737.01493006 1981.62853833 2514.62826218 ... 3210.85470249 5304.0897666
 4934.02838338]","[5038.76953125 5221.80175781 5996.99707031 ... 7493.5546875  9743.77441406
 9549.97558594]",[0.         0.         0.         ... 0.42963907 0.55880845 0.06606933],[0.14649086 0.30087006 0.4604167  ... 0.0848687  0.09505343 0.07553235],[0.00976562 0.02294922 0.02734375 ... 0.19824219 0.18408203 0.17041016],"[2542.80663506 2673.39205965 2870.32674114 ... 3278.67405982 3793.73053171
 3603.43006565]"
TR618043,ART25707984,1323000,22050,"[1141.74860454 1124.71332419 1593.23144698 ... 1506.73172891 1527.19617065
 1835.79778323]","[1991.82128906 2056.42089844 2723.95019531 ... 2444.01855469 2734.71679688
 3639.11132812]",[0.        0.        0.        ... 2.047122  3.251348  3.5584106],[0.1137853  0.11447185 0.11885291 ... 0.22037192 0.23489933 0.21646257],[0.03369141 0.05712891 0.07910156 ... 0.07324219 0.06152344 0.04394531],"[1852.47126458 1736.75426703 1832.56310585 ... 1722.64308109 1862.7651963
 2246.29258564]"
TR248802,ART25707984,1323000,22050,"[1791.44182415 1713.48868242 1627.50204999 ... 2197.84405206 2373.98490935
 2548.23758582]","[3617.578125   3509.91210938 3229.98046875 ... 4801.90429688 5501.73339844
 6223.09570312]",[0.         0.         0.         ... 1.840543   1.6510968  0.88137275],[0.02013825 0.0265809  0.03324319 ... 0.40126646 0.38712883 0.3314435 ],[0.04394531 0.06445312 0.08300781 ... 0.03027344 0.03759766 0.02929688],"[2118.47038223 2044.17364886 2015.31270504 ... 2649.12765923 2790.35639709
 3011.45829889]"
TR693043,ART25707984,1323000,22050,"[1955.72082357 2347.16289155 2411.83365286 ... 2380.77973066 1983.83655781
 1239.70590636]","[4554.27246094 5361.76757812 5200.26855469 ... 6266.16210938 4974.16992188
 2637.81738281]",[0.        0.        0.        ... 2.7630265 3.5928688 1.5606453],[0.21531527 0.26833415 0.31660202 ... 0.35966784 0.34707087 0.29395428],[0.02197266 0.0390625  0.05517578 ... 0.03710938 0.02929688 0.01367188],"[2427.89849176 2642.35692635 2529.73931761 ... 3063.01795141 2847.95112902
 2366.69260196]"
TR809759,ART07024718,1323000,22050,"[ 787.20605726  914.19922668 1106.54070103 ... 2770.10576377 2233.65171709
 1690.26883111]","[1141.25976562 1808.7890625  2508.61816406 ... 6040.06347656 5038.76953125
 3542.21191406]",[0.        0.        0.        ... 5.1550136 5.086808  1.3742844],[0.01881528 0.02041647 0.02107556 ... 0.1025249  0.11655331 0.10488574],[0.01806641 0.02734375 0.03759766 ... 0.13623047 0.12060547 0.07177734],"[1302.27304766 1409.88788022 1530.928365   ... 2554.2860474  2324.67963973
 1941.56123967]"
TR106318,ART07024718,1323000,22050,"[1369.01960881 1283.06572928 1144.5904965  ... 1595.79049847 1037.57848815
 1090.55744741]","[2680.88378906 2605.51757812 2271.75292969 ... 4489.67285156 2217.91992188
 2379.41894531]",[0.       0.       0.       ... 3.03002  7.349383 4.37414 ],[0.1774732  0.1844626  0.18636087 ... 0.24789196 0.28154457 0.28031194],[0.02490234 0.04003906 0.06005859 ... 0.09570312 0.07617188 0.01611328],"[1862.93011237 1762.7654721  1599.34678253 ... 2433.38785474 1861.32491079
 1786.2843693 ]"
TR724796,ART25707984,1323000,22050,"[3528.10732554 3477.93143422 3026.14877514 ... 2100.50282688 2637.83214241
 3369.91136001]","[8645.58105469 8634.81445312 7859.61914062 ... 4457.37304688 7009.05761719
 7472.02148438]",[0.        0.        0.        ... 4.8217826 1.7819394 1.2831192],[0.17795931 0.20736122 0.23666006 ... 0.2901476  0.27733687 0.23533027],[0.06201172 0.08691406 0.11621094 ... 0.06689453 0.10595703 0.09277344],"[3545.2128206  3505.35520971 3295.52281608 ... 2604.34342183 2983.07544518
 3269.39539669]"
TR591345,ART07024718,1323000,22050,"[1459.35357507 1267.46387862 1094.27628799 ... 1986.50767053 1975.96833433
 1941.5661569 ]","[3316.11328125 2799.31640625 2444.01855469 ... 3402.24609375 3014.6484375
 2896.21582031]",[0.         0.         0.         ... 1.5135518  0.05732452 0.05349609],[0.39780727 0.4687623  0.49886477 ... 0.0457174  0.01497692 0.01275376],[0.00439453 0.00537109 0.00634766 ... 0.13232422 0.13476562 0.1015625 ],"[2312.50953534 2308.50072725 2301.23753598 ... 1980.61498929 1741.45126764
 1692.67215996]"
TR307565,ART07024718,1323000,22050,"[ 953.08085653 1775.76266201 2783.9922     ... 1401.22259312 1375.76167918
 1589.20320644]","[1884.15527344 4963.40332031 6093.89648438 ... 3165.38085938 2691.65039062
 3273.046875  ]",[0.        0.        0.        ... 4.119566  1.9899235 2.723023 ],[0.18696788 0.22612156 0.2915314  ... 0.48181808 0.43079403 0.3141129 ],[0.01025391 0.03125    0.04248047 ... 0.03613281 0.0390625  0.03662109],"[1995.40570811 2585.06021116 2877.2450503  ... 2175.3679202  1925.28710807
 2117.39202881]"
TR613459,ART25707984,1323000,22050,"[2772.17983719 2895.03352652 3193.77155607 ... 2759.02097379 2581.1492468
 2396.17926158]","[5953.93066406 5953.93066406 6083.12988281 ... 6072.36328125 5663.23242188
 5490.96679688]",[0.        0.        0.        ... 3.6010451 1.173586  0.4863671],[0.05508579 0.06282525 0.06917806 ... 0.09662814 0.09378488 0.07524318],[0.05908203 0.10351562 0.15087891 ... 0.07714844 0.06640625 0.05859375],"[2733.8352642  2697.11982615 2756.37869993 ... 2914.30403399 2700.4679164
 2544.44387601]"
TR472274,ART07024718,1323000,22050,"[3275.28512006 3395.02921475 2965.06291576 ... 3097.67676869 3156.4343911
 3297.60945579]","[7773.48632812 7762.71972656 7461.25488281 ... 7062.890625   7299.75585938
 7547.38769531]",[0.        0.        0.        ... 1.6673943 1.5675521 1.6392139],[0.18773979 0.23001209 0.27221334 ... 0.24450183 0.24423651 0.20942546],[0.05566406 0.07568359 0.11523438 ... 0.10742188 0.11083984 0.08300781],"[3502.28172768 3446.97889548 3218.43821525 ... 2882.48058146 2949.12001564
 3084.87659546]"
TR547354,ART25707984,1323000,22050,"[1409.63898863 1585.44408346 1457.7659172  ...  981.32904099  525.17030147
  745.15345606]","[3520.67871094 4478.90625    3660.64453125 ...  947.4609375   333.76464844
 1259.69238281]","[ 0.          0.          0.         ... 12.314429    2.520967
  0.08375581]",[0.20976253 0.33372712 0.47955072 ... 0.22794649 0.20876649 0.16557431],[0.01220703 0.02197266 0.02490234 ... 0.0078125  0.00683594 0.00537109],"[2234.45558217 2380.71666985 2357.27919882 ... 2253.41602679 1518.55532428
 1806.8029553 ]"
TR165212,ART07024718,1323000,22050,"[1968.60386837 2105.46112445 2276.36011042 ... 3656.47628071 4402.8665508
 4241.00790958]","[3800.61035156 3972.87597656 4274.34082031 ... 7009.05761719 7245.92285156
 7138.25683594]",[0.        0.        0.        ... 2.9779851 4.6874685 1.1841096],[0.22110328 0.27224252 0.30268055 ... 0.32523617 0.34530237 0.3210894 ],[0.04931641 0.08349609 0.13427734 ... 0.14501953 0.15966797 0.12207031],"[2255.67367467 2307.40687542 2331.07028634 ... 2968.94352057 2830.05853255
 2802.14885211]"
TR569937,ART07024718,1323000,22050,"[3368.22697396 3467.20311081 3823.2725267  ... 1705.9802054  1516.81467009
 1457.36882725]","[6858.32519531 6933.69140625 7364.35546875 ... 3273.046875   3014.6484375
 2939.28222656]",[0.         0.         0.         ... 0.73592746 0.80452067 1.49634   ],[0.15461111 0.17113186 0.20851144 ... 0.20856318 0.25432813 0.2420573 ],[0.11914062 0.19384766 0.24511719 ... 0.10302734 0.08105469 0.04833984],"[2871.79068178 2878.0987793  2960.73342486 ... 1503.60356118 1410.59451999
 1369.30569949]"
TR793808,ART25707984,1323000,22050,"[1426.37408408 1298.11828401 1357.37586761 ... 3857.6038991  2922.50152461
 2231.07705151]","[2519.38476562 1927.22167969 2099.48730469 ... 7095.19042969 6438.42773438
 5749.36523438]",[0.         0.         0.         ... 9.229489   3.941468   0.41623515],[0.14960709 0.29458007 0.3971036  ... 0.260061   0.23687787 0.20175289],[0.03320312 0.03759766 0.04394531 ... 0.16894531 0.15087891 0.06494141],"[1947.23630564 2005.01914943 2246.78080961 ... 2807.34368661 2836.47538359
 2900.48658549]"
TR170292,ART07024718,1323000,22050,"[4543.6689259  4035.05046535 2819.82089889 ... 2772.5078584  2772.39992161
 2602.14526392]","[8796.31347656 8193.38378906 6621.45996094 ... 6201.5625     6233.86230469
 6040.06347656]",[0.        0.        0.        ... 0.8729905 0.7786091 0.6279496],[0.23707162 0.3052121  0.35501626 ... 0.2510791  0.25658083 0.2273577 ],[0.07910156 0.10009766 0.12304688 ... 0.10449219 0.08789062 0.06396484],"[3538.65564303 3378.05511552 2961.34861422 ... 2838.48996499 2894.27198277
 2855.26863288]"
TR307833,ART25707984,1323000,22050,"[ 905.26638088  947.37607653  990.30887679 ... 1947.70713726 2522.2006607
 2203.77732479]","[1001.29394531 1022.82714844 1076.66015625 ... 3639.11132812 4188.20800781
 4166.67480469]",[0.         0.         0.         ... 0.62478    0.23067307 2.013082  ],[0.06424134 0.07470641 0.08605164 ... 0.0354686  0.02640506 0.02355381],[0.02197266 0.03320312 0.04443359 ... 0.10742188 0.11376953 0.09863281],"[1442.84073307 1475.41801294 1501.35492195 ... 2031.87220276 2090.88805098
 2321.8208731 ]"
TR482736,ART25707984,1323000,22050,"[2802.67387421 2986.40084731 3019.859892   ... 3834.02652554 3357.06733529
 2843.15396887]","[6416.89453125 6556.86035156 6793.72558594 ... 8182.6171875  7493.5546875
 6696.82617188]",[0.        0.        0.        ... 3.1949768 5.6310782 5.8267894],[0.22744355 0.2714308  0.30364326 ... 0.25957868 0.3182857  0.29727557],[0.03369141 0.05273438 0.06445312 ... 0.21826172 0.14746094 0.07373047],"[3017.24821283 3047.75724023 3048.3284454  ... 3426.90361131 3320.65685825
 3012.99071211]"
TR260784,ART25707984,1323000,22050,"[2651.63920728 2581.53621862 2547.45208879 ... 3052.36150953 2860.17007279
 2922.45419795]","[4963.40332031 4898.80371094 4844.97070312 ... 6567.62695312 6427.66113281
 6513.79394531]",[0.        0.        0.        ... 8.815605  2.9997003 1.1087363],[0.11231606 0.1475713  0.18097785 ... 0.29345903 0.28700837 0.2450341 ],[0.07568359 0.10302734 0.13232422 ... 0.13525391 0.13964844 0.09619141],"[2176.52226556 2175.64639199 2209.83433505 ... 2970.54960476 2818.04118291
 2859.9871118 ]"
TR611877,ART07024718,1323000,22050,"[2124.7778933  2085.60011658 2047.65595204 ... 1699.21381047 1713.97846898
 2995.70078166]","[3488.37890625 3499.14550781 3402.24609375 ... 4059.00878906 4091.30859375
 7149.0234375 ]",[0.        0.        0.        ... 1.535294  0.7662914 0.5902901],[0.17805347 0.23898008 0.27548766 ... 0.46528488 0.47372758 0.43174386],[0.08203125 0.11621094 0.14697266 ... 0.02539062 0.04199219 0.03613281],"[1915.49728359 1873.18889169 1793.66454292 ... 2140.0266221  2283.87772316
 3122.33786642]"
TR731668,ART07024718,1323000,22050,"[1377.98421707 1483.74083597 1710.66220139 ... 2005.52716084 2018.03844135
 1921.23240409]","[2562.45117188 2670.1171875  3477.61230469 ... 3854.44335938 3983.64257812
 3768.31054688]",[0.         0.         0.         ... 0.58199555 0.4834809  0.56664336],[0.25745717 0.31157163 0.36374393 ... 0.15112099 0.14879286 0.12982912],[0.02832031 0.04248047 0.0546875  ... 0.05908203 0.05957031 0.04248047],"[1817.49813393 1937.86906717 2277.68101918 ... 2100.51165644 2123.69991228
 2128.46857241]"
TR895644,ART25707984,1323000,22050,"[2522.81772429 3840.71364845 5033.927841   ... 4176.61496819 3699.15056767
 3014.31553889]","[6115.4296875  8096.484375   8839.37988281 ... 7773.48632812 7138.25683594
 6556.86035156]",[0.         0.         0.         ... 3.3093402  1.0512956  0.98349303],[0.12862857 0.14008437 0.14786907 ... 0.1934533  0.18077882 0.15189096],[0.06542969 0.15527344 0.21582031 ... 0.25       0.21142578 0.13623047],"[2780.76192771 3279.2063548  3269.35920538 ... 2989.94025945 2879.85488682
 2722.80536976]"
TR565958,ART25707984,1323000,22050,"[2012.10828171 2311.21824618 2515.10238803 ... 2449.58123739 2687.71031176
 2587.49786195]","[4705.00488281 5297.16796875 5404.83398438 ... 5146.43554688 5932.39746094
 5932.39746094]",[0.        0.        0.        ... 0.8638576 1.2617047 1.1917961],[0.26438725 0.32533315 0.3646502  ... 0.08376979 0.08839183 0.07662916],[0.02392578 0.03710938 0.05126953 ... 0.12011719 0.12060547 0.09130859],"[2416.38230269 2500.02459256 2441.9426027  ... 2507.65417554 2585.0932706
 2616.94731412]"
TR965133,ART07024718,1323000,22050,"[1039.88640433  996.38895851 1056.82898863 ... 1213.90023211 1024.69764837
  994.83901287]","[1765.72265625 1571.92382812 1658.05664062 ... 2799.31640625 2099.48730469
 1658.05664062]",[0.         0.         0.         ... 4.6233544  1.7976229  0.25785455],[0.23535562 0.2683935  0.28952283 ... 0.3839729  0.43610233 0.39003453],[0.01025391 0.01513672 0.02392578 ... 0.02246094 0.01123047 0.00732422],"[1905.7635369  1813.96514731 1855.26951889 ... 2362.23755265 2139.67818041
 2058.65587001]"
TR955411,ART07024718,1323000,22050,"[2615.20126562 2467.54747017 2241.2521941  ... 1126.59386778 2671.4239538
 3702.71072294]","[6115.4296875  5706.29882812 5351.00097656 ... 2088.72070312 7784.25292969
 8893.21289062]",[0.         0.         0.         ... 0.09586705 0.33491623 0.8807471 ],[0.23927496 0.29656556 0.3344876  ... 0.14506067 0.20914917 0.20678468],[0.05615234 0.07617188 0.09912109 ... 0.02294922 0.03564453 0.03027344],"[2764.46085778 2630.49068445 2485.2321569  ... 1996.83261702 3473.1994582
 3763.17972105]"
TR844036,ART25707984,1323000,22050,"[1103.19900414 1441.39944331 1898.43411896 ... 2865.25849694 2176.87264982
 1918.64243544]","[2024.12109375 3359.1796875  4360.47363281 ... 6535.32714844 4844.97070312
 4306.640625  ]",[0.        0.        0.        ... 1.7020183 8.413914  4.4300747],[0.28320795 0.36677012 0.42202666 ... 0.28212342 0.28485477 0.2542157 ],[0.01367188 0.01953125 0.02392578 ... 0.04199219 0.05712891 0.046875  ],"[2024.6302189  2295.07907035 2584.08262883 ... 2992.07127093 2561.34908841
 2306.69792694]"
TR296960,ART25707984,1323000,22050,"[2017.46290084 1850.11927793 1821.94274053 ... 1869.82948762 1550.1337693
 1840.9953301 ]","[4080.54199219 3456.07910156 3348.41308594 ... 3703.7109375  3154.61425781
 3746.77734375]",[0.         0.         0.         ... 0.19046263 0.6236612  8.380281  ],[0.18633094 0.28066424 0.3526361  ... 0.17953229 0.2503559  0.2500041 ],[0.05859375 0.07910156 0.09814453 ... 0.11816406 0.11474609 0.06835938],"[1998.30594698 1751.44798724 1693.50103792 ... 1990.71758702 1684.07973083
 2019.23029226]"
TR420459,ART25707984,1323000,22050,"[3120.17159432 3246.84403497 3217.95436246 ... 3488.81544526 3087.90203983
 2683.01914221]","[6567.62695312 6729.12597656 6793.72558594 ... 7170.55664062 6589.16015625
 6007.76367188]",[0.        0.        0.        ... 7.2115874 4.1601853 1.1270688],[0.1060786  0.14232688 0.15702266 ... 0.19890691 0.2339083  0.21426374],[0.08837891 0.13183594 0.17041016 ... 0.14306641 0.11328125 0.06152344],"[2745.58089432 2771.91449927 2800.83787054 ... 2815.4497796  2871.19166616
 2845.0853839 ]"
TR572044,ART07024718,1323000,22050,"[2966.89078436 3672.62280677 4179.32227877 ... 4661.94422586 5330.57838413
 5035.61895258]","[7805.78613281 8171.85058594 8484.08203125 ... 9539.20898438 9431.54296875
 9097.77832031]",[0.        0.        0.        ... 1.4089063 3.261611  2.5959482],[0.16878136 0.19942683 0.22590058 ... 0.18576373 0.1666224  0.14141443],[0.08691406 0.14257812 0.18359375 ... 0.18359375 0.23291016 0.19677734],"[3353.06793382 3506.94714066 3590.03050446 ... 3913.22954687 3699.35796179
 3488.07549837]"
TR845385,ART07024718,1323000,22050,"[2977.03954194 2406.92537137 1764.60482716 ... 2479.43615842 1925.92041822
 2136.96244985]","[7547.38769531 7127.49023438 5006.46972656 ... 6309.22851562 4834.20410156
 5878.56445312]",[0.         0.         0.         ... 1.2501595  0.7747771  0.22940342],[0.34286767 0.42567998 0.4891152  ... 0.21945089 0.18930373 0.1334885 ],[0.04345703 0.05566406 0.0625     ... 0.07080078 0.05615234 0.03466797],"[3340.69258334 3209.48749709 2724.00016594 ... 2859.39830816 2580.49269722
 2967.11794133]"
TR297175,ART07024718,1323000,22050,"[2366.0211477  2451.99797982 2044.78526706 ... 1647.46635653 2110.81514508
 2241.70159457]","[6438.42773438 6847.55859375 6287.6953125  ... 3305.34667969 5028.00292969
 5340.234375  ]",[0.         0.         0.         ... 0.22358836 0.283332   1.1743146 ],[0.10892056 0.12715252 0.14661667 ... 0.272604   0.26485372 0.22109926],[0.02734375 0.03857422 0.04589844 ... 0.06396484 0.07373047 0.05664062],"[2722.46562161 2910.14052599 2809.75896941 ... 2058.78908032 2521.59607785
 2576.68401569]"
TR435845,ART25707984,1323000,22050,"[2071.94405148 2015.34646253 1807.00922172 ... 1660.96337264 2749.13440134
 2635.94556069]","[4392.7734375  4500.43945312 4285.10742188 ... 5264.86816406 7482.78808594
 7428.95507812]",[0.        0.        0.        ... 5.1220303 3.9885287 3.1311126],[0.20094989 0.27911007 0.35832235 ... 0.3323679  0.307741   0.24434732],[0.03515625 0.04296875 0.04882812 ... 0.03027344 0.03076172 0.02832031],"[2437.49553856 2482.46819782 2403.18808942 ... 2784.61672378 3470.00649963
 3469.86473521]"
TR136811,ART25707984,1323000,22050,"[4635.35400182 4483.67366907 3247.16911371 ... 3667.3957709  3891.56926993
 4262.70534021]","[9119.31152344 8860.91308594 7310.52246094 ... 7816.55273438 7891.91894531
 8171.85058594]",[0.         0.         0.         ... 1.7028716  0.59219223 0.54205114],[0.1179725  0.14301185 0.16196252 ... 0.19176799 0.16312811 0.12719041],[0.09912109 0.12597656 0.15332031 ... 0.13769531 0.16308594 0.13085938],"[3481.32896999 3406.3303231  3173.8800624  ... 3381.60810326 3370.92996612
 3330.02190297]"
TR811753,ART25707984,1323000,22050,"[1888.19537205 2448.27050831 3055.23910999 ... 2852.4401807  3391.9318466
 2886.32233252]","[5566.33300781 7084.42382812 7590.45410156 ... 5932.39746094 6922.92480469
 6427.66113281]",[0.         0.         0.         ... 1.3670496  0.7879313  0.99799484],[0.3445181  0.3741617  0.3838     ... 0.33636796 0.42100886 0.39310947],[0.03271484 0.04882812 0.06591797 ... 0.14599609 0.11767578 0.08642578],"[2863.55927867 3154.90471873 3216.92488675 ... 2680.24287929 2922.09971184
 2940.18915857]"
TR492188,ART25707984,1323000,22050,"[1337.76448336 1871.87661979 2602.3720275  ... 1331.7043685  2492.25605603
 3286.13205349]","[2659.35058594 3660.64453125 4995.703125   ... 1873.38867188 6492.26074219
 8107.25097656]",[0.        0.        0.        ... 5.8471546 3.0181456 5.0105534],[0.04889128 0.16511886 0.18323861 ... 0.23832594 0.24908133 0.21268839],[0.01318359 0.03466797 0.078125   ... 0.07177734 0.08056641 0.06738281],"[2079.01111308 2122.74789083 2233.04419649 ... 2202.97797229 3071.15058348
 3359.72157152]"
TR481276,ART25707984,1323000,22050,"[3042.03413968 3167.31066402 3171.21825036 ... 4293.46193122 3745.93335087
 3484.20528105]","[7073.65722656 7321.2890625  7310.52246094 ... 8354.8828125  8031.88476562
 7601.22070312]",[0.         0.         0.         ... 0.3165844  0.70317566 4.2170815 ],[0.24593887 0.3038859  0.35201338 ... 0.35203966 0.3517973  0.3028766 ],[0.04541016 0.06640625 0.07714844 ... 0.16064453 0.14941406 0.11083984],"[3182.59503778 3230.41243311 3215.91221614 ... 3406.90935319 3320.80614936
 3210.38217474]"
TR168277,ART25707984,1323000,22050,"[2094.62955888 2154.68896946 2184.02587289 ... 3158.80422638 2845.88344604
 2443.64815435]","[4877.27050781 5124.90234375 5243.33496094 ... 7913.45214844 6933.69140625
 4909.5703125 ]",[0.         0.         0.         ... 0.94743526 1.2226175  0.62343764],[0.00721581 0.00902657 0.01059064 ... 0.14276312 0.1159002  0.09365495],[0.04394531 0.05419922 0.07519531 ... 0.11767578 0.13085938 0.09472656],"[2514.41731076 2583.91103375 2618.53158372 ... 3300.30905348 3088.21215159
 2681.90487945]"
TR845296,ART07024718,1323000,22050,"[2002.14722807 2275.40226296 2994.32768632 ... 2011.66600029 1828.0873567
 1757.58262498]","[4059.00878906 4511.20605469 6255.39550781 ... 4898.80371094 4005.17578125
 3692.94433594]",[0.         0.         0.         ... 2.1931589  1.5376633  0.57118255],[0.15130547 0.16332111 0.1793268  ... 0.46419615 0.4523219  0.3885    ],[0.03369141 0.08544922 0.13720703 ... 0.07568359 0.07373047 0.05517578],"[2097.79026207 2257.45086361 2735.81278015 ... 2596.00932835 2295.70687506
 2194.29603337]"
TR754276,ART25707984,1323000,22050,"[1526.46985524 1586.50462579 1476.05381192 ... 2542.27072517 2225.6692287
 4123.57468677]","[2304.05273438 2400.95214844 2217.91992188 ... 7967.28515625 6847.55859375
 8301.04980469]",[0.         0.         0.         ... 1.0278084  0.69787234 0.02145905],[0.11404006 0.12509283 0.1406971  ... 0.1643714  0.14719431 0.10825323],[0.04248047 0.05664062 0.07177734 ... 0.04931641 0.06103516 0.05273438],"[1972.34275653 2011.02875499 2044.87034865 ... 3414.48764308 3203.17086353
 3496.74666035]"
TR178473,ART25707984,1323000,22050,"[2365.90310068 2833.87503478 2525.67221094 ... 1646.89985366 1941.89218147
 2172.68414064]","[7310.52246094 7590.45410156 6772.19238281 ... 4715.77148438 4995.703125
 5221.80175781]",[0.        0.        0.        ... 3.5867226 0.759277  0.4741966],[0.3785185  0.44121373 0.4849602  ... 0.52547896 0.49893528 0.39374262],[0.01123047 0.02001953 0.03613281 ... 0.04248047 0.04638672 0.04199219],"[3266.89624493 3389.34307867 3037.97107517 ... 2374.6986806  2515.45630131
 2596.08850958]"
TR124631,ART07024718,1323000,22050,"[1473.86885798 1594.69488237 1602.86970759 ... 1718.22040934 1621.31046519
 1762.32264459]","[2885.44921875 3283.81347656 3305.34667969 ... 3628.34472656 3509.91210938
 3649.87792969]",[0.         0.         0.         ... 0.42395964 0.8683398  0.9745523 ],[0.20478044 0.24377961 0.28253925 ... 0.38569367 0.3701338  0.34210086],[0.03662109 0.05566406 0.07226562 ... 0.05615234 0.06494141 0.04101562],"[1966.28597085 2167.00096473 2243.99689748 ... 2163.8398786  2159.85076435
 2201.83666352]"
TR237531,ART07024718,1323000,22050,"[3647.78845565 4110.32820336 3748.01410488 ... 2110.80230337 2164.88559135
 1908.56978454]","[7934.98535156 8085.71777344 7816.55273438 ... 5932.39746094 5630.93261719
 4005.17578125]",[0.         0.         0.         ... 0.7131004  0.46089342 2.313462  ],[0.20159893 0.2448369  0.2667579  ... 0.40351605 0.3701257  0.305331  ],[0.08251953 0.11572266 0.14599609 ... 0.03808594 0.04492188 0.03515625],"[3245.76542145 3142.40938366 3129.34376389 ... 2970.14108687 2840.97694647
 2388.30991587]"
TR607550,ART25707984,1323000,22050,"[3021.12065385 2333.85931511 2259.78023134 ... 2306.92754221 2310.26281624
 2204.68685495]","[8085.71777344 6050.83007812 5598.6328125  ... 5394.06738281 5178.73535156
 4726.53808594]",[0.         0.         0.         ... 0.9170293  0.74903774 0.94337994],[0.3707374  0.4661949  0.5118005  ... 0.32704073 0.31141168 0.26205707],[0.08740234 0.10498047 0.12451172 ... 0.07275391 0.07861328 0.06640625],"[3488.66266667 2962.04571834 2770.75334567 ... 2892.33141818 2843.55694361
 2723.57696223]"
TR333448,ART07024718,1323000,22050,"[ 936.40153793 1027.48634834  943.64051357 ... 1992.03216787 2012.00966949
 1843.13913775]","[1970.28808594 2142.55371094 1410.42480469 ... 4285.10742188 4317.40722656
 4048.2421875 ]",[0.         0.         0.         ... 0.22763392 0.34310186 0.67116034],[0.15395546 0.24634647 0.29627562 ... 0.4315948  0.4299242  0.36862588],[0.01220703 0.02294922 0.03466797 ... 0.05859375 0.05615234 0.04199219],"[1718.51029366 1782.8251948  1632.19800615 ... 2711.99205403 2719.40932534
 2584.70702733]"
TR476850,ART07024718,1323000,22050,"[1863.20099257 1949.91316699 1863.98364173 ... 3095.84392948 2738.76481431
 2448.99076325]","[3025.41503906 3111.54785156 2960.81542969 ... 7375.12207031 6266.16210938
 5221.80175781]",[0.        0.        0.        ... 2.5560255 1.8706859 1.6126807],[0.08285714 0.10514092 0.12295071 ... 0.16192558 0.14387575 0.11126366],[0.05712891 0.08251953 0.15136719 ... 0.13671875 0.12402344 0.10253906],"[1977.49656435 1963.21502503 1896.15459115 ... 3153.21300142 2741.86676539
 2564.64111895]"
TR671007,ART25707984,1323000,22050,"[3665.74744083 3261.24627653 2765.82455492 ... 2878.46738674 2615.78462111
 2589.91885896]","[8193.38378906 7676.58691406 7030.59082031 ... 5383.30078125 5394.06738281
 5910.86425781]",[0.        0.        0.        ... 0.7129905 1.4852723 1.0673178],[0.12353287 0.14597161 0.16120584 ... 0.28991616 0.41474864 0.40221053],[0.06738281 0.08300781 0.10839844 ... 0.17236328 0.14453125 0.09716797],"[3313.37342951 3262.48083011 3066.55885271 ... 2319.0111688  2530.38317759
 2794.51771333]"
TR708528,ART07024718,1323000,22050,"[2058.65963392 1942.47429765 1628.17194602 ... 1563.319121   1999.38319642
 2687.59766382]","[3865.20996094 3854.44335938 3262.28027344 ... 2853.14941406 3994.40917969
 7245.92285156]",[0.         0.         0.         ... 0.79266775 1.1551893  0.5056112 ],[0.0685585  0.13066052 0.15562391 ... 0.17459717 0.14631285 0.10368674],[0.04980469 0.06396484 0.08496094 ... 0.06689453 0.08203125 0.07177734],"[2148.90351457 2393.32492376 2202.02336362 ... 2223.49356163 2620.82689743
 3047.95031365]"
TR547400,ART25707984,1323000,22050,"[2347.70682546 2234.29037303 2167.47752415 ... 2615.01898025 2498.82790769
 2572.97284216]","[4855.73730469 4112.84179688 3994.40917969 ... 5211.03515625 4748.07128906
 4672.70507812]",[0.        0.        0.        ... 2.547565  2.8931315 1.8983167],[0.23436482 0.31798095 0.39946353 ... 0.33752567 0.29995775 0.24363635],[0.08935547 0.11425781 0.13574219 ... 0.14501953 0.17626953 0.13476562],"[2172.45242744 2003.68907468 2205.71114608 ... 2322.41746656 2114.39490885
 2064.6353148 ]"
TR114955,ART25707984,1323000,22050,"[1898.18772376  965.63945181  648.67327822 ... 2465.66404893 2491.46584815
 4555.3426557 ]","[4554.27246094 2024.12109375 1152.02636719 ... 5727.83203125 6093.89648438
 8979.34570312]",[0.        0.        0.        ... 4.182007  2.4178314 1.7849618],[0.24601935 0.34219396 0.40220776 ... 0.24715564 0.19264886 0.12744091],[0.04443359 0.04589844 0.046875   ... 0.08935547 0.2109375  0.19433594],"[2696.8105744  1865.18461496 1495.60968833 ... 2761.0782106  2927.18347149
 3643.97527866]"
TR750485,ART07024718,1323000,22050,"[3276.51530395 3128.17898866 3001.68465335 ... 3218.58617358 2329.35723608
 1748.91662334]","[7159.79003906 7149.0234375  7332.05566406 ... 6599.92675781 4683.47167969
 3122.31445312]","[ 0.          0.          0.         ...  0.0415299   0.29560593
 13.290976  ]",[0.30561414 0.37945372 0.40360558 ... 0.12167332 0.24252047 0.2424833 ],[0.0625     0.08154297 0.10644531 ... 0.12060547 0.12207031 0.09375   ],"[3029.51467468 3084.43946366 3191.17070036 ... 2973.15144886 2607.99709461
 2065.10283515]"
TR393241,ART07024718,1323000,22050,"[2473.10047606 2368.75849899 2199.50918832 ... 2185.76990952 2721.39925656
 3133.45803407]","[7181.32324219 7364.35546875 6718.359375   ... 4877.27050781 5415.60058594
 5684.765625  ]",[0.        0.        0.        ... 2.0662463 1.2780083 1.7790769],[0.06446017 0.07861122 0.0881267  ... 0.18160251 0.16660687 0.14595956],[0.04492188 0.06298828 0.08349609 ... 0.11523438 0.16259766 0.13916016],"[3058.68733202 3058.86640373 2986.7604607  ... 2336.96030856 2399.16287713
 2415.18223763]"
TR842852,ART25707984,1323000,22050,"[1244.74964598 1382.65092904 1318.64738923 ... 1639.70400427 1399.53446118
  993.3799652 ]","[2077.95410156 2347.11914062 2347.11914062 ... 3779.07714844 3079.24804688
 2013.35449219]",[0.         0.         0.         ... 0.6961133  0.32424024 0.8796257 ],[0.1583206  0.19128762 0.22376883 ... 0.15032284 0.15267372 0.12956488],[0.02832031 0.03662109 0.04394531 ... 0.06689453 0.04931641 0.03125   ],"[1932.26759824 2179.17194292 2226.47187925 ... 2339.85694002 2153.55317292
 1674.14380761]"
TR120106,ART25707984,1323000,22050,"[2323.66327198 2580.36033333 2820.06098414 ... 4061.58347945 4465.73334989
 4841.94485871]","[5695.53222656 6427.66113281 6686.05957031 ... 7881.15234375 8031.88476562
 8473.31542969]",[0.        0.        0.        ... 0.6084621 2.252946  1.4959494],[0.31026822 0.3814798  0.41778085 ... 0.24392399 0.23182806 0.19075052],[0.02832031 0.05322266 0.08935547 ... 0.23291016 0.3125     0.26904297],"[2681.69539458 2737.61680816 2833.36764786 ... 3292.4832329  3295.37092378
 3320.0974581 ]"
TR912864,ART07024718,1323000,22050,"[2163.8892303  1835.45936245 1463.10136242 ... 2615.89552473 2779.33955401
 2108.59297976]","[6287.6953125  5824.73144531 4037.47558594 ... 6847.55859375 7245.92285156
 6804.4921875 ]",[0.        0.        0.        ... 1.0704209 1.8920931 2.5653894],[0.1843078  0.26861122 0.30719754 ... 0.13471009 0.13253395 0.11141811],[0.01660156 0.01806641 0.02050781 ... 0.03271484 0.02832031 0.02148438],"[2911.37571412 2798.58913546 2547.78751006 ... 3124.03405327 3321.84867742
 3166.20696604]"
TR167740,ART25707984,1323000,22050,"[3340.60471124 3514.32376917 3358.86093705 ... 2771.2004392  3176.27376517
 2939.83253838]","[7353.58886719 7558.15429688 7633.52050781 ... 7138.25683594 7515.08789062
 7256.68945312]",[0.         0.         0.         ... 3.1183367  2.0030339  0.92127156],[0.14377673 0.17106219 0.19640806 ... 0.35754177 0.34851658 0.29479775],[0.05664062 0.07470703 0.08935547 ... 0.10400391 0.09814453 0.07568359],"[3251.08483012 3247.45370603 3298.37347757 ... 3026.68670371 3173.14647861
 3102.75259943]"
TR930775,ART07024718,1323000,22050,"[1514.40501426 1562.89749092 1864.6432977  ... 1165.02950835 1033.99096128
 1003.85092536]","[2745.48339844 2551.68457031 3682.17773438 ... 2594.75097656 2314.81933594
 2304.05273438]",[0.        0.        0.        ... 2.0386975 4.082001  1.4145737],[0.16704698 0.21220046 0.23493434 ... 0.46810496 0.46842515 0.39799234],[0.03613281 0.06054688 0.08398438 ... 0.01757812 0.01953125 0.01464844],"[2020.06261511 1978.89492475 2273.50641096 ... 2048.3667985  1888.48298896
 1915.00926299]"
TR691943,ART07024718,1323000,22050,"[1435.03266727 1290.9740737  1197.7148532  ...  990.3108908   994.81133836
 1173.48506313]","[2993.11523438 2465.55175781 2217.91992188 ... 1765.72265625 1787.25585938
 2336.35253906]",[0.         0.         0.         ... 0.18800466 0.38743192 0.2942968 ],[0.05344696 0.06862942 0.08113547 ... 0.1941062  0.19819574 0.16970523],[0.01708984 0.02783203 0.03710938 ... 0.03417969 0.03466797 0.02539062],"[2047.01700142 1846.28817059 1712.31735317 ... 1656.83422136 1707.17157033
 1908.61396126]"
TR588523,ART25707984,1323000,22050,"[3804.44803638 3774.31661671 3794.66679621 ... 3811.02576467 3764.18533884
 2976.42884151]","[7730.41992188 7622.75390625 7687.35351562 ... 7622.75390625 7396.65527344
 6470.72753906]",[0.         0.         0.         ... 0.49941957 5.20756    2.608188  ],[0.08469549 0.09863719 0.10093199 ... 0.24242465 0.24184108 0.20024101],[0.13183594 0.17919922 0.22460938 ... 0.14355469 0.15332031 0.1171875 ],"[3037.90276566 2995.14121095 3057.48972804 ... 3066.93817616 2970.23873123
 2805.78558654]"
TR978886,ART07024718,1323000,22050,"[4316.5240392  4741.43512188 4885.89163615 ... 2865.52336984 2915.72103671
 2899.79373052]","[8171.85058594 8408.71582031 8484.08203125 ... 6492.26074219 6599.92675781
 6869.09179688]",[0.         0.         0.         ... 0.61159194 1.3953502  0.8807647 ],[0.0886575  0.11766445 0.15606172 ... 0.2702052  0.2722622  0.23893262],[0.19091797 0.27050781 0.32519531 ... 0.09472656 0.08984375 0.06494141],"[3042.83725539 2969.86979958 3001.10329927 ... 2899.92173784 2957.23145211
 3041.52770836]"
TR537942,ART25707984,1323000,22050,"[1731.45774503 1768.89503162 2468.75548726 ... 3251.8627139  3242.2729443
 3174.55468081]","[3402.24609375 3628.34472656 5512.5        ... 6686.05957031 6664.52636719
 6546.09375   ]",[0.         0.         0.         ... 0.30450815 0.42343235 0.43794894],[0.07186182 0.13956107 0.20866291 ... 0.2909905  0.28638098 0.2523278 ],[0.05078125 0.07373047 0.10791016 ... 0.20507812 0.19384766 0.14550781],"[1899.28641553 1984.29869895 2519.03837935 ... 2756.35689997 2756.81230192
 2720.25406909]"
TR709016,ART25707984,1323000,22050,"[1179.23496619  797.33207012  528.1121017  ... 1165.11403096 1018.91666121
  905.27486736]","[2530.15136719 1184.32617188  387.59765625 ... 1841.08886719 1647.29003906
 1302.75878906]",[0.        0.        0.        ... 1.448085  1.0675843 1.100442 ],[0.04743556 0.05635845 0.0627724  ... 0.29052743 0.26929647 0.21714343],[0.00683594 0.01074219 0.01416016 ... 0.03320312 0.03076172 0.02001953],"[2076.48897331 1718.66394353 1337.43226437 ... 2041.95595656 1890.28034555
 1816.04928998]"
TR690143,ART25707984,1323000,22050,"[2997.32436237 3507.32495095 3773.61821193 ... 2481.33210963 2484.16271869
 2616.61434738]","[7547.38769531 8042.65136719 8279.51660156 ... 5986.23046875 6244.62890625
 6513.79394531]",[0.        0.        0.        ... 1.7267357 1.8357768 1.1827178],[0.21757698 0.26587594 0.30211365 ... 0.23197618 0.1984252  0.15270355],[0.01953125 0.02734375 0.03662109 ... 0.06054688 0.08398438 0.06835938],"[3310.64089751 3432.02723487 3455.68599765 ... 2825.49231626 2917.8281433
 2947.09895324]"
TR588490,ART25707984,1323000,22050,"[ 836.81450248  766.37811973 3402.90444859 ... 2306.69859207 2355.62657136
 2345.67107137]","[1528.85742188 1238.15917969 7547.38769531 ... 4866.50390625 4931.10351562
 4984.93652344]",[0.        0.        0.        ... 1.4449195 1.9989882 1.3786784],[0.06006963 0.07108272 0.21069635 ... 0.2965329  0.3036782  0.2593461 ],[0.00195312 0.01806641 0.07568359 ... 0.06689453 0.07226562 0.05859375],"[1820.34147747 1763.92701253 3039.90569854 ... 2484.1709717  2497.05551423
 2517.77548365]"
TR413349,ART07024718,1323000,22050,"[2593.98922478 2782.9429957  2903.6517195  ... 3208.2478119  3338.10999609
 3081.3575403 ]","[5706.29882812 6233.86230469 6416.89453125 ... 7558.15429688 7848.85253906
 7138.25683594]",[0.        0.        0.        ... 3.814433  3.8235419 1.5003076],[0.12843832 0.14752375 0.16620052 ... 0.26773512 0.28461012 0.25880218],[0.06298828 0.10009766 0.13037109 ... 0.15136719 0.13623047 0.10302734],"[2715.22432058 2823.00739656 2839.74360397 ... 3104.85424424 3209.43981071
 2990.88319049]"
TR485842,ART07024718,1323000,22050,"[3599.65654495 4059.0378149  4520.2854932  ... 2537.69138394 2433.58294293
 2878.74937936]","[7622.75390625 8225.68359375 8559.44824219 ... 5447.90039062 5404.83398438
 6276.92871094]",[0.        0.        0.        ... 1.1515645 3.034966  1.0502675],[0.16626956 0.18658274 0.19944924 ... 0.22901271 0.23412994 0.19425423],[0.07666016 0.15820312 0.26855469 ... 0.12792969 0.11230469 0.078125  ],"[3184.68658845 3265.97608    3184.296421   ... 2713.67246518 2660.87335153
 2805.13045341]"
TR770488,ART25707984,1323000,22050,"[ 991.85874531  766.22575752  925.45809726 ... 3860.23531652 3729.57777529
 3142.32365317]","[1442.72460938  818.26171875 1119.7265625  ... 8225.68359375 7881.15234375
 7159.79003906]","[ 0.          0.          0.         ...  0.67457557 11.1730385
  6.1018147 ]",[0.258856   0.3123384  0.3726773  ... 0.1439648  0.16239871 0.15345797],[0.00439453 0.00634766 0.01171875 ... 0.13916016 0.14697266 0.10351562],"[2051.82898117 1766.68892747 2086.11216945 ... 3199.79207658 3123.52517412
 2967.03276845]"
TR580051,ART25707984,1323000,22050,"[2610.86962118 2750.28199744 2562.99547957 ... 2983.20183332 3072.36792745
 3081.04117322]","[6072.36328125 6438.42773438 6072.36328125 ... 5663.23242188 5706.29882812
 5878.56445312]",[0.        0.        0.        ... 1.1490337 1.1004611 1.1121659],[0.19527313 0.2276102  0.26636472 ... 0.27469552 0.2716537  0.23308648],[0.05322266 0.08007812 0.10302734 ... 0.16064453 0.15820312 0.12158203],"[2882.17743487 2958.45667153 2808.12605411 ... 2556.11304281 2651.19424883
 2697.54428744]"
TR172746,ART25707984,1323000,22050,"[2045.64494374 1877.31206384 1813.03854969 ... 1779.70248668 1725.62353104
 1709.58911711]","[4446.60644531 4295.87402344 4252.80761719 ... 3865.20996094 3962.109375
 3908.27636719]",[0.        0.        0.        ... 0.9334788 1.1502485 0.916036 ],[0.18500842 0.24242283 0.28823042 ... 0.30803117 0.30655044 0.2672652 ],[0.02148438 0.03955078 0.06689453 ... 0.02636719 0.02929688 0.02246094],"[2483.14535462 2454.55656984 2395.08049839 ... 2184.47293165 2227.55308568
 2245.99729556]"
TR904420,ART25707984,1323000,22050,"[3063.01893678 3320.23144882 3622.55202328 ... 3664.00963617 3669.77491675
 3460.42540199]","[7105.95703125 7407.421875   7558.15429688 ... 7805.78613281 7730.41992188
 7547.38769531]",[0.         0.         0.         ... 0.72552896 0.7673345  0.779125  ],[0.06893545 0.07624552 0.08321407 ... 0.12408122 0.11242144 0.09187726],[0.11132812 0.17333984 0.22509766 ... 0.13671875 0.13574219 0.09667969],"[2967.5144159  3022.18241942 3040.81111264 ... 3160.57342077 3166.06575148
 3119.88441271]"
TR975085,ART25707984,1323000,22050,"[2234.76588811 2351.74692876 2465.81378279 ... 3805.5605187  4014.83078172
 3606.13354646]","[5167.96875    5458.66699219 5738.59863281 ... 8311.81640625 8214.91699219
 7396.65527344]",[0.        0.        0.        ... 0.5100874 0.6172257 1.1760408],[0.26289406 0.33213344 0.40861705 ... 0.26869047 0.26972643 0.23934127],[0.04492188 0.06445312 0.078125   ... 0.14990234 0.16162109 0.13134766],"[2484.03329703 2570.51810328 2766.86495867 ... 3426.28191335 3304.91680393
 3074.56168094]"
TR917955,ART25707984,1323000,22050,"[2881.64563887 3367.74067592 3992.92446251 ... 2810.61437408 2887.9238769
 2570.60145501]","[6869.09179688 7461.25488281 7773.48632812 ... 6470.72753906 6599.92675781
 6050.83007812]","[ 0.          0.          0.         ...  0.46468773 14.087086
  8.616803  ]",[0.08144949 0.08960418 0.09846912 ... 0.2995292  0.33156648 0.31611648],[0.06884766 0.12158203 0.17773438 ... 0.06005859 0.07226562 0.06542969],"[3079.83517082 3204.09473868 3212.15123182 ... 2978.29718989 2990.66127584
 2828.9251706 ]"
TR376028,ART07024718,1323000,22050,"[1084.17218517  862.45855127  647.91431452 ... 2419.6765648  2478.70333893
 2404.10604379]","[2368.65234375 1862.62207031 1582.69042969 ... 6190.79589844 6136.96289062
 5846.26464844]",[0.         0.         0.         ... 3.533916   0.9407537  0.29865783],[0.26172543 0.29404175 0.30756322 ... 0.41789898 0.3878279  0.31505883],[0.00195312 0.00341797 0.00537109 ... 0.03027344 0.03222656 0.02490234],"[2048.32837303 1808.42218926 1422.1208159  ... 2931.36141232 2897.53719589
 2803.65523707]"
TR591366,ART25707984,1323000,22050,"[3183.76847046 4281.23491061 4861.03466951 ... 2844.28739091 1840.75997121
 1286.26185241]","[8354.8828125  9173.14453125 9302.34375    ... 6965.99121094 4500.43945312
 2400.95214844]",[0.         0.         0.         ... 4.2014356  0.21017183 0.7326878 ],[0.15149528 0.18550183 0.21472634 ... 0.3466685  0.34834892 0.32661176],[0.05078125 0.08203125 0.11572266 ... 0.12597656 0.06933594 0.03369141],"[3571.70469089 3759.69393189 3757.06893513 ... 3186.97339832 2543.38387188
 2052.95898015]"
TR392741,ART25707984,1323000,22050,"[2787.52660743 2880.75752443 2990.84923952 ... 1168.88414262  696.75427371
  759.22980029]","[5846.26464844 5932.39746094 5932.39746094 ... 2260.98632812 1281.22558594
 1313.52539062]",[0.         0.         0.         ... 0.6295546  0.04599174 0.0566285 ],[0.03415906 0.0383353  0.04193219 ... 0.02095498 0.01802676 0.01547301],[0.05419922 0.09521484 0.13916016 ... 0.03515625 0.01953125 0.01416016],"[2522.14768781 2546.24440012 2560.24510219 ... 2160.9674308  1416.3969072
 1539.45796645]"
TR600057,ART25707984,1323000,22050,"[1516.40049334 1457.52863898 1237.80896866 ... 2586.6152461  1896.90976897
 1850.27532714]","[3682.17773438 3563.74511719 2853.14941406 ... 5770.8984375  4317.40722656
 3800.61035156]",[0.         0.         0.         ... 0.71434975 0.17369398 0.15702976],[0.35886753 0.43063164 0.4812307  ... 0.08402053 0.12251925 0.11467032],[0.00683594 0.00878906 0.01123047 ... 0.10058594 0.07958984 0.05224609],"[2392.15477199 2395.10130675 2212.75427531 ... 2707.44869045 2550.84656617
 2528.05523745]"
TR772758,ART25707984,1323000,22050,"[2386.60833663 2689.49891378 2900.95697736 ... 3616.65442366 3516.82654656
 3332.24473538]","[5835.49804688 6029.296875   6212.32910156 ... 7493.5546875  7245.92285156
 6836.79199219]",[0.         0.         0.         ... 5.218496   1.9546112  0.45693398],[0.23140557 0.27924103 0.31623834 ... 0.21748295 0.17387226 0.13364099],[0.03271484 0.05761719 0.07910156 ... 0.19628906 0.19042969 0.13720703],"[2657.7806261  2774.43599745 2818.99460539 ... 2925.12289566 2825.90435102
 2864.19546426]"
TR895785,ART25707984,1323000,22050,"[3370.57153674 3307.54803272 3356.90341758 ... 3706.67196503 3589.45493568
 2799.30407743]","[6858.32519531 6653.75976562 7127.49023438 ... 8430.24902344 8322.58300781
 6556.86035156]",[0.         0.         0.         ... 0.43679228 0.7095569  1.0692965 ],[0.16399024 0.19492072 0.22326188 ... 0.22305144 0.27540633 0.24853344],[0.09179688 0.14453125 0.19238281 ... 0.11767578 0.13427734 0.12109375],"[2850.74822217 2864.45172954 2935.41038177 ... 3561.87005609 3439.47592237
 2930.39861207]"
TR219347,ART25707984,1323000,22050,"[3976.7434762  3916.99501242 3090.37219146 ... 3547.9560342  2674.82122083
 2691.95836753]","[7881.15234375 7838.0859375  6976.7578125  ... 8128.78417969 6093.89648438
 5867.79785156]",[ 0.        0.        0.       ... 19.354    15.07559   5.229343],[0.01061418 0.0115658  0.01217334 ... 0.10152915 0.1265171  0.1224189 ],[0.11083984 0.12353516 0.14306641 ... 0.22753906 0.19091797 0.10058594],"[3136.0866027  3105.66867119 2962.34536046 ... 3128.13400938 2742.69999434
 2614.28029006]"
TR801490,ART25707984,1323000,22050,"[ 612.16863725 2253.59603199 2642.76797637 ... 1423.73706002 1619.50248592
 1625.28351795]","[ 699.82910156 6546.09375    6718.359375   ... 2670.1171875  3402.24609375
 3251.51367188]",[0.         0.         0.         ... 0.91811216 0.44014326 0.7293454 ],[0.09079574 0.16749045 0.21424758 ... 0.12453863 0.1158925  0.10073155],[0.02294922 0.04296875 0.06445312 ... 0.03564453 0.03515625 0.02539062],"[1368.18529147 2959.57430514 2900.70659216 ... 2151.94287839 2330.61540784
 2399.68568181]"
TR952064,ART07024718,1323000,22050,"[5027.0770825  4523.06632418 5239.6378334  ... 1679.61823604 1644.40438101
 1641.08012015]","[9474.609375   9119.31152344 9571.50878906 ... 3617.578125   3865.20996094
 3466.84570312]",[0.         0.         0.         ... 1.1788327  1.0620728  0.14022622],[0.11783292 0.17470868 0.20958522 ... 0.29630175 0.29546583 0.2624286 ],[0.15576172 0.27636719 0.3359375  ... 0.046875   0.04345703 0.03320312],"[3573.16165829 3488.34341026 3586.94385389 ... 2366.86285561 2432.76956265
 2420.1546368 ]"
TR472380,ART25707984,1323000,22050,"[3075.35753218 3464.05769215 3146.52410997 ... 2732.79020903 2597.1742991
 1882.57666138]","[8031.88476562 8484.08203125 7504.32128906 ... 6298.46191406 6373.828125
 5523.26660156]",[0.        0.        0.        ... 2.0646055 2.6688395 1.4052159],[0.3089228  0.3829315  0.44404095 ... 0.3396706  0.32017583 0.26887894],[0.03320312 0.04980469 0.07324219 ... 0.04101562 0.03320312 0.01953125],"[3496.27395491 3573.60900307 3235.0048132  ... 2962.05606415 3021.35540843
 2925.33772537]"
TR700059,ART07024718,1323000,22050,"[4463.95754507 4323.07511925 3892.01845616 ... 1557.13435351 1472.30391878
 1328.65368348]","[6836.79199219 6621.45996094 6363.06152344 ... 3111.54785156 2917.74902344
 2670.1171875 ]",[0.        0.        0.        ... 0.9522884 1.472685  1.0540627],[0.12291653 0.16509116 0.22238718 ... 0.2978409  0.32194668 0.27522525],[0.20263672 0.27001953 0.32226562 ... 0.04980469 0.046875   0.03173828],"[2449.68822963 2420.28613817 2530.1944641  ... 2098.26332906 1920.41944727
 1846.77754344]"
TR696046,ART25707984,1323000,22050,"[2264.17146269 2643.61687784 2912.27585697 ... 3288.90096793 3330.62796843
 2839.8069643 ]","[5243.33496094 5813.96484375 6093.89648438 ... 6373.828125   6632.2265625
 6384.59472656]","[ 0.          0.          0.         ... 14.639866    6.2275567
  0.37344277]",[0.10927149 0.13660115 0.16134171 ... 0.16321813 0.15163012 0.09561293],[0.04931641 0.07861328 0.10107422 ... 0.21386719 0.13574219 0.08007812],"[2346.03427317 2617.85015402 2728.02928468 ... 2632.77240136 2744.77692846
 2745.90617689]"
TR213252,ART07024718,1323000,22050,"[1844.37886008 1778.81639818 1859.25865016 ... 1423.57145478 1492.14333934
 1441.25335867]","[4188.20800781 3951.34277344 4123.60839844 ... 2670.1171875  2971.58203125
 2756.25      ]",[0.        0.        0.        ... 1.4077206 1.1655285 0.7045394],[0.05107493 0.06455027 0.07641809 ... 0.33285752 0.338838   0.29828998],[0.04638672 0.06542969 0.08691406 ... 0.03515625 0.03027344 0.02148438],"[1869.01588295 1808.16648366 1803.75135031 ... 2112.51323813 2191.55039777
 2156.54938694]"
TR751110,ART25707984,1323000,22050,"[3164.04720686 4118.90749941 3526.80904158 ... 4882.13122416 3471.63016982
 2839.56969952]","[7482.78808594 7633.52050781 6912.15820312 ... 9560.7421875  7655.05371094
 6772.19238281]",[0.         0.         0.         ... 0.22568806 8.387624   5.0037985 ],[0.01324504 0.03669109 0.06954944 ... 0.05813612 0.07291906 0.07118068],[0.10253906 0.1875     0.20605469 ... 0.1640625  0.17236328 0.06835938],"[2999.50643973 2912.65656624 2963.45359418 ... 3576.98812907 3359.0001851
 3082.29794286]"
TR901455,ART25707984,1323000,22050,"[2963.86433287 2745.23737361 2592.63046586 ... 2510.09990583 2330.79139455
 1716.3658723 ]","[7245.92285156 6481.49414062 6115.4296875  ... 6782.95898438 6104.66308594
 3359.1796875 ]",[0.        0.        0.        ... 1.6725469 0.869442  0.6034642],[0.20620136 0.2692952  0.35833868 ... 0.45946914 0.44939783 0.3976227 ],[0.06347656 0.08105469 0.09472656 ... 0.04052734 0.03857422 0.02246094],"[3144.2682911  2899.03108741 2791.81246404 ... 3104.5192331  2908.21093539
 2208.76908383]"
TR751225,ART25707984,1323000,22050,"[1826.41255119 2261.52651973 1929.55165397 ... 3176.02910154 3036.50388297
 2429.27491043]","[4705.00488281 5663.23242188 4274.34082031 ... 6599.92675781 6255.39550781
 4898.80371094]",[0.        0.        0.        ... 3.6277297 4.9219236 1.7135735],[0.1959535  0.26174393 0.31005627 ... 0.19036622 0.18215449 0.14554185],[0.02734375 0.046875   0.06542969 ... 0.13769531 0.12207031 0.08544922],"[2553.16462978 2696.29006404 2332.82481377 ... 2699.80989047 2628.16912301
 2351.87430457]"
TR239743,ART25707984,1323000,22050,"[1514.75124209 1837.42283457 2282.74364459 ... 2200.71132351 1714.4276152
 1540.98653547]","[2971.58203125 3897.50976562 4565.0390625  ... 5232.56835938 4198.97460938
 4134.375     ]",[0.         0.         0.         ... 0.4577412  0.6196033  0.72037196],[0.00395252 0.00454225 0.00528722 ... 0.4509119  0.4165615  0.33371514],[0.03271484 0.06689453 0.10253906 ... 0.04882812 0.03222656 0.01611328],"[2157.72222804 2311.48953019 2427.87621293 ... 2616.3409594  2375.98797751
 2420.50053539]"
TR517220,ART25707984,1323000,22050,"[2447.7170874  2798.72777772 3008.14160866 ... 2116.2805224  1936.30890615
 2197.56279617]","[5587.86621094 5964.69726562 6169.26269531 ... 5081.8359375  5081.8359375
 6169.26269531]",[0.         0.         0.         ... 0.73647726 2.4802675  2.6828074 ],[0.24021117 0.2857791  0.31304002 ... 0.3814133  0.4289217  0.42547157],[0.04150391 0.07080078 0.08886719 ... 0.08691406 0.06298828 0.01757812],"[2628.99777862 2729.10123168 2774.81152507 ... 2737.18760064 2812.90036774
 3010.98654147]"
TR960740,ART25707984,1323000,22050,"[2637.46330916 2384.4863541  1562.25705639 ... 2695.38781665 2727.95220136
 3121.11007633]","[7310.52246094 6589.16015625 3660.64453125 ... 6287.6953125  6406.12792969
 7138.25683594]",[0.         0.         0.         ... 1.78797    0.41664982 0.6965805 ],[0.07557453 0.08681942 0.10130882 ... 0.18238965 0.17432834 0.15230124],[0.02197266 0.02783203 0.03222656 ... 0.09912109 0.12255859 0.09423828],"[3277.31210374 3120.53565061 2578.88814947 ... 2776.13030188 2862.91689398
 3171.37743742]"
TR203683,ART07024718,1323000,22050,"[3224.60161705 3459.29969321 3415.3714782  ... 2113.75440666 2158.29589429
 2282.89195566]","[7827.31933594 7310.52246094 6933.69140625 ... 5135.66894531 4877.27050781
 4769.60449219]",[0.        0.        0.        ... 4.2841177 4.3361015 3.581606 ],[0.16838081 0.21874346 0.24425033 ... 0.30090985 0.3009387  0.26184478],[0.07373047 0.13769531 0.20117188 ... 0.03466797 0.04199219 0.03662109],"[3239.07921392 3084.24521709 2830.45404311 ... 2657.88805277 2733.92028527
 2750.25056641]"
TR742051,ART25707984,1323000,22050,"[1465.33084423 1451.49048046 1947.52944963 ... 6183.57335748 6135.72387042
 5672.39966472]","[3402.24609375 3972.87597656 4941.87011719 ... 9442.30957031 9474.609375
 9323.87695312]",[0.         0.         0.         ... 1.3189873  1.8855817  0.90691483],[0.31765568 0.4119645  0.4660338  ... 0.06463395 0.04233858 0.03163991],[0.01025391 0.02685547 0.046875   ... 0.59228516 0.52001953 0.37695312],"[2331.69441309 2392.95577022 2535.32606568 ... 2861.79818075 2907.23042076
 2934.23180337]"
TR778894,ART25707984,1323000,22050,"[2002.71353323 2036.01748036 1898.42129508 ... 1842.89347612 1993.1004033
 2360.06865577]","[4855.73730469 4952.63671875 4565.0390625  ... 4328.17382812 4446.60644531
 4974.16992188]",[0.         0.         0.         ... 0.83227205 1.3646032  1.2101207 ],[0.32391265 0.41360924 0.47014517 ... 0.3317405  0.2736068  0.19279274],[0.01025391 0.02636719 0.05517578 ... 0.08154297 0.09375    0.08007812],"[2487.03457246 2520.46408638 2358.18072719 ... 2248.15948715 2313.98326297
 2444.50760926]"
TR837586,ART25707984,1323000,22050,"[1453.01217626 1206.07096731 1708.80464761 ... 1714.85566575 2028.32422534
 1978.45018411]","[3552.97851562 2422.48535156 3757.54394531 ... 3671.41113281 4640.40527344
 4565.0390625 ]",[0.         0.         0.         ... 0.6975013  0.22406699 0.67265236],[0.09034029 0.10257912 0.19603077 ... 0.11215961 0.10701138 0.09521901],[0.01171875 0.03271484 0.04980469 ... 0.05322266 0.05175781 0.04101562],"[2300.82636201 1966.213001   2226.38288486 ... 2307.50051814 2576.79708908
 2583.86840594]"
TR872232,ART25707984,1323000,22050,"[2102.44766999 1848.75013604  985.48151999 ... 1812.73312245 2396.98701281
 4004.37579351]","[6007.76367188 4844.97070312 1776.48925781 ... 4715.77148438 6007.76367188
 7299.75585938]",[0.        0.        0.        ... 0.9776975 0.7624342 0.5326627],[0.04796093 0.23369268 0.39487964 ... 0.18987401 0.16885631 0.13567837],[0.03173828 0.03710938 0.03857422 ... 0.08154297 0.12402344 0.10839844],"[2649.36690095 2378.1791877  1747.89931863 ... 2502.0216265  2886.59470265
 2980.17908603]"
TR438358,ART25707984,1323000,22050,"[1911.11004314 2186.8448294  2126.46218768 ... 4582.98833815 4036.14309552
 3907.2779007 ]","[5157.20214844 5652.46582031 5200.26855469 ... 8720.94726562 7881.15234375
 7795.01953125]",[0.         0.         0.         ... 1.6272714  0.7931071  0.19767116],[0.2606911  0.31576055 0.36960086 ... 0.3105407  0.30656838 0.26569143],[0.01318359 0.02392578 0.04150391 ... 0.06591797 0.06542969 0.04541016],"[2695.74932756 2721.158135   2636.53322248 ... 3623.36139773 3514.02277761
 3519.93395673]"
TR320814,ART07024718,1323000,22050,"[2725.37877614 3052.6413852  3327.62178576 ... 3630.13282278 3887.97638994
 4199.43174975]","[6782.95898438 7428.95507812 8139.55078125 ... 8828.61328125 8764.01367188
 8451.78222656]",[0.         0.         0.         ... 1.2426     0.8522204  0.45850843],[0.18427701 0.23955852 0.28284982 ... 0.18476832 0.1695326  0.13350618],[0.04248047 0.08105469 0.11328125 ... 0.16699219 0.12890625 0.10302734],"[3103.52341074 3195.24406127 3388.54139209 ... 3517.94220525 3580.95586764
 3530.18009622]"
TR108446,ART25707984,1323000,22050,"[2326.97557484 2386.71994558 2262.18955135 ... 2366.73419948 2566.48376311
 2382.05211156]","[5103.36914062 5232.56835938 5017.23632812 ... 6180.02929688 6933.69140625
 6233.86230469]",[0.        0.        0.        ... 1.0846884 1.090089  3.4949992],[0.10892207 0.14649655 0.17430884 ... 0.38793674 0.46712005 0.46149072],[0.04492188 0.05859375 0.07617188 ... 0.10400391 0.06396484 0.03857422],"[2653.22890977 2663.10077304 2599.72725119 ... 2974.69171834 3196.20800705
 2978.49393103]"
TR204867,ART25707984,1323000,22050,"[1714.5136415  1656.1851123  1590.9581352  ... 2525.384847   2610.00982519
 2540.26098637]","[4005.17578125 3822.14355469 3402.24609375 ... 5394.06738281 5598.6328125
 6147.72949219]",[0.         0.         0.         ... 0.69851726 0.90428245 0.87170446],[0.03418096 0.03569204 0.03612396 ... 0.12152211 0.10252666 0.07270284],[0.046875   0.06103516 0.078125   ... 0.10595703 0.09765625 0.07080078],"[2250.47997011 2207.46503087 2161.8058464  ... 2440.22594033 2557.93138393
 2751.08883935]"
TR231277,ART07024718,1323000,22050,"[4589.1207141  4727.16549193 4892.13308915 ... 3659.66759635 2390.30933254
 2245.31918932]","[9194.67773438 9377.70996094 9410.00976562 ... 8387.18261719 6266.16210938
 6449.19433594]",[0.        0.        0.        ... 3.712066  2.3643723 2.2225206],[0.17122906 0.205149   0.23860066 ... 0.20988195 0.22639593 0.2123798 ],[0.12548828 0.20507812 0.26171875 ... 0.28076172 0.16210938 0.07177734],"[3599.60457624 3682.30420979 3714.03406019 ... 3326.61152846 2756.59767372
 2703.80204716]"
TR137864,ART25707984,1323000,22050,"[1807.28934727 2045.97570098 1554.29454502 ... 3040.89623577 3290.53910668
 3443.21452395]","[4974.16992188 6029.296875   4920.33691406 ... 7568.92089844 7547.38769531
 8064.18457031]",[0.         0.         0.         ... 0.11477254 3.946865   6.029964  ],[0.22223984 0.25229606 0.2730546  ... 0.0938456  0.10168258 0.09692608],[0.01123047 0.01513672 0.01660156 ... 0.09667969 0.12451172 0.10693359],"[2722.7441095  2981.26573756 2720.01405638 ... 3192.3945802  3155.90359642
 3281.10368388]"
TR627217,ART07024718,1323000,22050,"[2281.85449589 2345.18042469 2447.59242934 ... 2479.7221783  2510.64255243
 2403.62151265]","[5178.73535156 5264.86816406 5394.06738281 ... 4694.23828125 4748.07128906
 4629.63867188]",[0.        0.        0.        ... 5.2055197 6.686159  3.1790457],[0.15846865 0.18872136 0.21198794 ... 0.27943602 0.28725997 0.23719883],[0.0546875  0.09228516 0.11914062 ... 0.11865234 0.13525391 0.11132812],"[2313.52561268 2277.76254459 2349.94604341 ... 2239.95991254 2294.88665664
 2363.51187277]"
TR397401,ART25707984,1323000,22050,"[4829.09309118 5202.88840097 4419.57668635 ... 3338.73624813 1884.17884167
 1746.67601732]","[8742.48046875 9270.04394531 8817.84667969 ... 8236.45019531 4608.10546875
 3369.94628906]",[0.         0.         0.         ... 0.45780444 1.4867517  2.4747229 ],[0.06915487 0.09734488 0.11409647 ... 0.2871454  0.3173215  0.30613837],[0.17773438 0.21191406 0.23486328 ... 0.19628906 0.14648438 0.05761719],"[3415.90842792 3474.35326042 3469.96172342 ... 3472.50042098 2587.18031609
 2305.32527288]"
TR975259,ART07024718,1323000,22050,"[1952.09115804 2009.13303488 1963.22701597 ... 4191.60798639 3909.72393312
 3375.8224588 ]","[4888.03710938 5157.20214844 4769.60449219 ... 7515.08789062 7256.68945312
 6438.42773438]",[0.        0.        0.        ... 1.0499983 2.5968726 0.808564 ],[0.1677191  0.17633967 0.19302244 ... 0.24127546 0.22154428 0.16926718],[0.03662109 0.04638672 0.06494141 ... 0.29199219 0.24023438 0.15087891],"[2337.93235217 2372.0608383  2370.33836955 ... 2786.62193887 2735.26280879
 2543.16178742]"
TR115652,ART25707984,1323000,22050,"[2876.38522109 3621.71172543 4151.02216666 ... 2395.06974604 2409.03347142
 2322.15269372]","[6266.16210938 6944.45800781 7472.02148438 ... 5770.8984375  6395.36132812
 6233.86230469]",[0.         0.         0.         ... 0.66098666 0.7191464  1.5575528 ],[0.09736546 0.1294835  0.15066075 ... 0.22116043 0.25274575 0.23383981],[0.10791016 0.17871094 0.27636719 ... 0.07910156 0.06933594 0.05371094],"[2815.58111238 2960.61524468 2982.98729194 ... 2753.95539941 2939.08816069
 2889.05630374]"
TR428837,ART07024718,1323000,22050,"[1363.28912489 1416.34816788 1374.87626939 ... 3210.9155426  2776.5847868
 2616.75606707]","[2422.48535156 2422.48535156 2293.28613281 ... 6944.45800781 6589.16015625
 6470.72753906]",[0.        0.        0.        ... 1.5389383 4.2737136 4.2491407],[0.21944053 0.27708328 0.31216034 ... 0.20322406 0.23445314 0.2257412 ],[0.03710938 0.04589844 0.05224609 ... 0.13232422 0.13671875 0.10742188],"[1642.91150526 1720.3781488  1803.95635779 ... 2883.24133984 2605.76976031
 2547.88302882]"
TR411730,ART07024718,1323000,22050,"[2032.96021448 2196.00509043 2352.66735631 ... 2910.49851669 3399.29094663
 3733.11384721]","[5264.86816406 5695.53222656 6352.29492188 ... 6470.72753906 7364.35546875
 7547.38769531]",[0.        0.        0.        ... 1.7561601 2.23369   1.1549884],[0.31195438 0.38008592 0.42699528 ... 0.18886878 0.22145703 0.20517357],[0.03027344 0.04150391 0.05078125 ... 0.12939453 0.12548828 0.08251953],"[2731.05133476 2819.33020655 2962.01230706 ... 2849.34055111 3079.56467854
 3127.08536883]"
TR933884,ART25707984,1323000,22050,"[2143.9869641  2209.89911549 2321.37488927 ... 3020.26071192 2808.52452862
 3181.14537448]","[4177.44140625 4220.5078125  4220.5078125  ... 5824.73144531 5641.69921875
 5910.86425781]",[0.        0.        0.        ... 5.249501  9.790451  1.6092151],[0.10378199 0.12805912 0.14398639 ... 0.25341845 0.26311547 0.18893953],[0.06396484 0.09375    0.13330078 ... 0.26855469 0.15234375 0.10595703],"[2088.82434564 2154.94137435 2124.73827054 ... 2557.31161491 2583.63635619
 2795.19036374]"
TR589489,ART25707984,1323000,22050,"[4045.13531203 3884.76766039 3693.37222508 ... 1849.43240981 1885.8672606
 2079.10223071]","[7396.65527344 7332.05566406 7192.08984375 ... 3983.64257812 3994.40917969
 5017.23632812]",[0.        0.        0.        ... 0.2651842 2.1694746 5.4974003],[0.04251695 0.04434671 0.04498598 ... 0.28945792 0.29084828 0.27419013],[0.12597656 0.1796875  0.26416016 ... 0.05859375 0.06933594 0.05078125],"[2728.02936218 2766.09085026 2787.32965661 ... 2384.52335453 2256.79344184
 2475.86455784]"
TR552809,ART07024718,1323000,22050,"[2004.00659549 2090.95642236 1925.8418215  ... 2120.35480196 1648.76027047
 1677.79059181]","[3994.40917969 4123.60839844 4134.375      ... 6933.69140625 5221.80175781
 4769.60449219]",[0.         0.         0.         ... 0.46162862 0.09569398 0.4410243 ],[0.26417854 0.3295849  0.38311207 ... 0.36213726 0.3876289  0.32791656],[0.01416016 0.01708984 0.02246094 ... 0.02490234 0.01171875 0.00878906],"[2294.03588319 2331.36775136 2341.60133178 ... 3285.60894901 2904.95349047
 2832.58069018]"
TR606252,ART07024718,1323000,22050,"[2199.49097622 3190.91091607 3132.57999632 ... 3454.68324827 3709.24709457
 2709.24641014]","[5932.39746094 7558.15429688 7332.05566406 ... 8344.11621094 8537.91503906
 6729.12597656]",[0.         0.         0.         ... 0.42811543 0.18188247 2.5962744 ],[0.08271366 0.09844489 0.11165847 ... 0.0930232  0.08526106 0.07469884],[0.05371094 0.08447266 0.10595703 ... 0.0625     0.078125   0.07080078],"[2758.98059467 3180.45075118 3134.06817454 ... 3620.77837723 3633.83673474
 3008.98968102]"
TR935336,ART25707984,1323000,22050,"[4193.7184995  4592.31713439 4099.4874372  ... 3203.62248217 3059.63918191
 3199.53634331]","[8484.08203125 8527.1484375  8171.85058594 ... 6276.92871094 6298.46191406
 6556.86035156]",[0.        0.        0.        ... 2.3984358 3.4532917 2.362994 ],[0.03927483 0.07750041 0.12121186 ... 0.12912637 0.13177049 0.11894707],[0.16796875 0.22705078 0.25634766 ... 0.17333984 0.16894531 0.11083984],"[3269.93555238 2989.50870471 3010.38300284 ... 2651.50932586 2548.02948475
 2664.56940698]"
TR525576,ART25707984,1323000,22050,"[3214.49632737 3418.86019147 3611.08660422 ... 3273.97028351 3255.9784593
 2899.73517799]","[5781.66503906 6180.02929688 6266.16210938 ... 5835.49804688 6147.72949219
 5943.1640625 ]",[0.         0.         0.         ... 0.46742415 0.48121297 0.31670246],[0.03922373 0.05526162 0.08173333 ... 0.16649626 0.12615702 0.09008216],[0.07958984 0.13183594 0.16503906 ... 0.18505859 0.15722656 0.11230469],"[2570.03740971 2612.72600919 2482.13562898 ... 2336.08142872 2478.18601174
 2558.80771103]"
TR704705,ART25707984,1323000,22050,"[3663.46442486 3762.52626186 3827.95223087 ... 3314.82099247 3342.87176653
 3707.09267593]","[8322.58300781 8171.85058594 7881.15234375 ... 7019.82421875 6976.7578125
 7762.71972656]",[0.         0.         0.         ... 0.6600667  0.4742286  0.25353634],[0.19437796 0.22443682 0.23671837 ... 0.25055566 0.2067776  0.16082571],[0.08447266 0.13671875 0.20117188 ... 0.14746094 0.16503906 0.13330078],"[3194.78726543 3114.6773862  2950.21691724 ... 2866.59710579 2835.77420028
 3027.32635257]"
TR672561,ART25707984,1323000,22050,"[2083.09121297 2128.42964966 1858.92162867 ... 3806.81124316 2772.40922829
 2451.25797831]","[5114.13574219 5189.50195312 4952.63671875 ... 8591.74804688 6093.89648438
 5297.16796875]",[0.        0.        0.        ... 1.3334477 0.5330148 0.8971556],[0.1370951  0.14546837 0.14791854 ... 0.16663982 0.2014062  0.18931584],[0.03076172 0.04345703 0.05761719 ... 0.15917969 0.11962891 0.07177734],"[2447.78316402 2479.02385932 2415.62558393 ... 3447.13457452 2880.79509782
 2638.62197454]"
TR162052,ART25707984,1323000,22050,"[2813.47346177 3417.67636494 3494.31536464 ... 2549.25358645 1996.70800699
 1911.17808528]","[7149.0234375  8225.68359375 8225.68359375 ... 4984.93652344 4145.14160156
 3380.71289062]",[0.         0.         0.         ... 5.9123673  1.7303913  0.55847377],[0.06046627 0.07915612 0.1279751  ... 0.14711428 0.12915194 0.11410177],[0.07519531 0.11621094 0.13134766 ... 0.13525391 0.11962891 0.07568359],"[3077.61408375 3317.29381044 3307.74190652 ... 2298.18811218 2230.41356214
 2159.73210816]"
TR609228,ART07024718,1323000,22050,"[2170.90773237 2169.89752736 2155.58500897 ...  957.24230048 1025.83070232
 1368.99605271]","[5426.3671875  5458.66699219 5609.39941406 ... 1862.62207031 2002.58789062
 3100.78125   ]",[0.        0.        0.        ... 0.8851124 0.6311025 0.3581916],[0.17523612 0.20464565 0.2226026  ... 0.33058107 0.3219211  0.28693852],[0.04248047 0.05859375 0.07421875 ... 0.01708984 0.01806641 0.01513672],"[2607.66701648 2586.83805486 2543.12197673 ... 1913.93984025 1818.0578715
 2003.06142478]"
TR885055,ART07024718,1323000,22050,"[1686.99580455 2240.03055818 2416.71281823 ... 2244.07229803 2180.72940938
 2108.88695309]","[4048.2421875  6212.32910156 6772.19238281 ... 6104.66308594 5953.93066406
 6169.26269531]",[0.         0.         0.         ... 1.2398393  0.88011163 0.82753295],[0.32087955 0.38175258 0.43381894 ... 0.35756227 0.3716452  0.32672927],[0.02148438 0.03759766 0.04736328 ... 0.07519531 0.06835938 0.04833984],"[2667.94146042 2933.82110655 2945.07179607 ... 2746.09158172 2708.28544229
 2788.78661264]"
TR143367,ART25707984,1323000,22050,"[2373.08896037 2458.74268652 2977.23128555 ... 2630.87556644 2728.2218723
 3392.37047893]","[6104.66308594 6115.4296875  6729.12597656 ... 6395.36132812 6912.15820312
 8064.18457031]",[0.        0.        0.        ... 0.3514036 0.8705779 0.8278645],[0.12228529 0.15135407 0.19799355 ... 0.08929911 0.07259315 0.06295708],[0.01708984 0.04003906 0.08154297 ... 0.109375   0.12744141 0.09863281],"[2869.39013019 2899.27285296 3007.85370628 ... 2890.54048219 3077.5343035
 3339.24046391]"
TR830393,ART07024718,1323000,22050,"[3038.57861981 2717.84038546 3461.57635288 ... 2208.82385892 1846.60039672
 1480.39254965]","[7719.65332031 7719.65332031 8893.21289062 ... 5307.93457031 4403.54003906
 3240.74707031]",[0.        0.        0.        ... 1.5409229 2.5583377 1.0169907],[0.357879   0.4349974  0.50116163 ... 0.35579625 0.32564244 0.2641114 ],[0.02783203 0.04589844 0.05664062 ... 0.03222656 0.0234375  0.01171875],"[3402.63564761 3418.8566576  3858.66655423 ... 2847.75957629 2586.33463677
 2479.95414366]"
TR625764,ART07024718,1323000,22050,"[2293.05491813 2522.48790714 3047.76239284 ... 1740.6659143  1820.2344846
 1999.90085513]","[5264.86816406 5900.09765625 7245.92285156 ... 2799.31640625 3122.31445312
 3714.47753906]",[0.        0.        0.        ... 0.7151649 1.5724258 1.3628814],[0.06659953 0.07763784 0.08993638 ... 0.2217561  0.23280716 0.19679756],[0.04833984 0.08789062 0.17773438 ... 0.08251953 0.07421875 0.05859375],"[2546.88999593 2724.41842482 3104.80652668 ... 1981.89362016 2057.79420233
 2164.29708189]"
TR229193,ART07024718,1323000,22050,"[   0.            0.            0.         ... 4827.31104519 4305.82190261
 3195.38776696]","[   0.            0.            0.         ... 9011.64550781 8817.84667969
 7881.15234375]",[0.        0.        0.        ... 0.9476447 2.442717  1.665    ],[0.         0.         0.         ... 0.02095332 0.0214231  0.0174793 ],[0.         0.         0.         ... 0.25537109 0.24853516 0.16943359],"[   0.            0.            0.         ... 3518.49012527 3617.4137344
 3249.6979912 ]"
TR314648,ART07024718,1323000,22050,"[3387.95907263 3527.69648654 4134.20457738 ... 3448.55421681 4544.69745754
 5363.72784984]","[7891.91894531 7945.75195312 8236.45019531 ... 8688.64746094 9603.80859375
 9851.44042969]",[0.         0.         0.         ... 1.1713094  0.20721228 0.6339523 ],[0.27902517 0.34177443 0.3792898  ... 0.25652367 0.1895014  0.14286776],[0.07373047 0.12109375 0.21728516 ... 0.20947266 0.28759766 0.26269531],"[3258.26216504 3316.10493393 3289.58737474 ... 3500.92447991 3849.00822784
 3934.08911709]"
TR511876,ART07024718,1323000,22050,"[2726.37092874 3506.69078826 4115.67630192 ... 2506.95914816 2709.47331829
 2776.22132686]","[5555.56640625 5824.73144531 5986.23046875 ... 5383.30078125 5566.33300781
 6083.12988281]",[0.        0.        0.        ... 3.8335366 1.8264978 1.5151273],[0.07659055 0.09386735 0.10601631 ... 0.31986225 0.317054   0.24365215],[0.11914062 0.19287109 0.26953125 ... 0.08544922 0.07763672 0.06494141],"[2183.42830773 2240.1811195  2124.18407699 ... 2698.45894856 2682.41722992
 2843.38799823]"
TR220174,ART25707984,1323000,22050,"[3163.34260565 3545.83274402 3610.00257358 ... 2975.27721504 2918.06620293
 3407.66426688]","[7730.41992188 7967.28515625 7891.91894531 ... 6793.72558594 6459.9609375
 7428.95507812]",[0.        0.        0.        ... 1.8231412 1.9608177 0.7393535],[0.11724517 0.1322579  0.1519404  ... 0.14874063 0.09329474 0.05414184],[0.03759766 0.08349609 0.12597656 ... 0.09326172 0.11816406 0.09179688],"[3325.22678797 3361.2752274  3297.72900861 ... 2961.67944451 2930.29646078
 3070.86490269]"
TR310455,ART07024718,1323000,22050,"[2514.12945036 2450.05391224 2299.72499808 ... 3104.88665754 2858.8143238
 3320.961037  ]","[6739.89257812 6739.89257812 6072.36328125 ... 6729.12597656 6223.09570312
 6933.69140625]",[0.         0.         0.         ... 2.8809395  0.6374425  0.33277008],[0.18578312 0.20750542 0.29953033 ... 0.27559403 0.26228032 0.23395172],[0.04296875 0.06591797 0.07958984 ... 0.17285156 0.17529297 0.12255859],"[2907.20607835 2894.72844557 2816.17052169 ... 2815.18943755 2742.54150009
 2901.14388509]"
TR901226,ART07024718,1323000,22050,"[3730.94198567 3515.76890061 3568.31867708 ... 1525.84190559 1024.62481932
 2383.76480977]","[7041.35742188 6761.42578125 6922.92480469 ... 4737.3046875  1205.859375
 5695.53222656]",[0.         0.         0.         ... 0.6650715  0.49410832 0.14041013],[0.10177459 0.11875196 0.13193563 ... 0.3158662  0.31489068 0.2697774 ],[0.12988281 0.19921875 0.29345703 ... 0.02587891 0.02099609 0.0078125 ],"[2642.55770891 2661.96808789 2764.59749659 ... 2898.13233008 2367.55866304
 3088.98598471]"
TR998998,ART25707984,1323000,22050,"[1927.99840941 1934.09903995 1839.53823233 ... 2644.87091997 2901.08171747
 2543.32313206]","[4392.7734375  4941.87011719 4952.63671875 ... 6589.16015625 6933.69140625
 6233.86230469]",[0.         0.         0.         ... 0.49525976 0.8095842  1.1083341 ],[0.31579822 0.43759555 0.53013086 ... 0.43196023 0.33574373 0.24148329],[0.02392578 0.03125    0.03466797 ... 0.04589844 0.05371094 0.04345703],"[2494.80120885 2612.14765657 2650.30730949 ... 3016.03224238 3044.54315845
 2914.16822734]"
TR561901,ART25707984,1323000,22050,"[2508.71240941 2383.69905928 2092.43588032 ... 3058.85618176 2865.38631017
 2825.26836223]","[5534.03320312 5275.63476562 4812.67089844 ... 7052.12402344 6869.09179688
 7342.82226562]",[0.         0.         0.         ... 1.7365336  1.4753036  0.89889413],[0.16404335 0.24675676 0.31934035 ... 0.11046052 0.0893639  0.0625532 ],[0.05664062 0.07714844 0.08789062 ... 0.08740234 0.09716797 0.07275391],"[2504.37578557 2500.75089709 2543.14804884 ... 2851.36010684 2863.71192477
 3127.91007892]"
TR996231,ART07024718,1323000,22050,"[3746.69159425 3794.39806171 3322.71333989 ... 1748.91973239 1743.57786303
 1635.42452834]","[8074.95117188 7988.81835938 7385.88867188 ... 3811.37695312 3606.81152344
 3326.87988281]",[0.         0.         0.         ... 0.5561894  0.68198436 0.7579813 ],[0.14718738 0.19848178 0.24890147 ... 0.35304466 0.3154869  0.26242888],[0.08740234 0.125      0.15527344 ... 0.06591797 0.07470703 0.05810547],"[3331.07180375 3261.30508364 3029.26600197 ... 2301.85037358 2232.08363636
 2149.00568842]"
TR100524,ART25707984,1323000,22050,"[1040.32292826  962.58306942  961.27330256 ... 1962.13308086 1450.22271102
 1006.62470911]","[2110.25390625 2024.12109375 2088.72070312 ... 5114.13574219 3671.41113281
 2056.42089844]",[0.         0.         0.         ... 0.49037695 0.223008   0.5289733 ],[0.19728802 0.24738948 0.2921986  ... 0.22146551 0.19528823 0.16407311],[0.00683594 0.00976562 0.01318359 ... 0.05126953 0.03222656 0.01611328],"[1752.54697041 1585.30331527 1548.77106273 ... 2451.44252233 2118.16238431
 1742.49551215]"
TR234697,ART25707984,1323000,22050,"[2084.89063547 2334.92094793 2654.45133459 ... 1337.92745188 1894.70620038
 2290.39729669]","[4748.07128906 5264.86816406 6492.26074219 ... 3240.74707031 4618.87207031
 5415.60058594]",[0.         0.         0.         ... 5.821476   1.9761485  0.27639687],[0.08600894 0.08897287 0.08993617 ... 0.45766997 0.4546997  0.33751944],[0.04248047 0.05712891 0.06591797 ... 0.03955078 0.04882812 0.04345703],"[2308.81205342 2547.89961243 2933.90257646 ... 2139.10525951 2494.25507925
 2624.22840835]"
TR237380,ART25707984,1323000,22050,"[1629.91221559 1758.22412617 1952.02430651 ... 2894.56061543 2797.14191466
 2346.04019658]","[3639.11132812 3832.91015625 4069.77539062 ... 5749.36523438 5932.39746094
 4974.16992188]",[0.        0.        0.        ... 5.5187917 1.8133025 0.5764298],[0.20910962 0.24319379 0.25767738 ... 0.17344624 0.10750102 0.04866113],[0.02392578 0.04492188 0.07128906 ... 0.12353516 0.11669922 0.07763672],"[2142.72023594 2223.31841834 2380.66113923 ... 2641.60878422 2781.44915253
 2663.33077823]"
TR444078,ART07024718,1323000,22050,"[2636.64126303 2701.63418081 2699.34940078 ... 1728.57237618 1937.79872773
 2027.13777493]","[6309.22851562 6158.49609375 6126.19628906 ... 4726.53808594 4317.40722656
 4198.97460938]",[0.         0.         0.         ... 0.24361987 0.86935353 2.3363369 ],[0.19954158 0.24810487 0.2737764  ... 0.32078767 0.2767418  0.24264313],[0.06298828 0.08935547 0.10546875 ... 0.03027344 0.04589844 0.04199219],"[2823.20443898 2743.30945316 2733.79114409 ... 2680.55778098 2531.96439108
 2492.24742291]"
TR744298,ART25707984,1323000,22050,"[2973.78455112 3077.13412081 3127.3025518  ... 2216.85260523 2433.9898347
 2527.75644059]","[6061.59667969 6309.22851562 6782.95898438 ... 5178.73535156 5221.80175781
 5394.06738281]",[0.        0.        0.        ... 1.7285471 1.2437422 0.5135536],[0.23373707 0.3022324  0.34788412 ... 0.335043   0.3455927  0.28091553],[0.07617188 0.10888672 0.14501953 ... 0.07177734 0.06640625 0.05175781],"[2751.31490799 2827.50451375 2970.52485464 ... 2670.3176342  2793.02778268
 2786.51462221]"
TR446619,ART25707984,1323000,22050,"[3067.59612839 3139.17976573 3685.47031087 ... 3931.73933351 3372.63048196
 2689.37372651]","[6987.52441406 7278.22265625 8074.95117188 ... 8290.28320312 7999.58496094
 6298.46191406]",[0.         0.         0.         ... 8.325745   2.679534   0.29233733],[0.24987568 0.3125766  0.36861306 ... 0.16406187 0.15507583 0.10737651],[0.09033203 0.13476562 0.14257812 ... 0.15966797 0.09033203 0.05371094],"[2936.26626935 3056.57075703 3297.60774404 ... 3446.4747807  3375.66943181
 3034.9900863 ]"
TR273806,ART07024718,1323000,22050,"[1922.77494931 2269.89564851 2348.6164195  ... 2842.12906019 3115.276024
 3084.9084251 ]","[5275.63476562 6212.32910156 6244.62890625 ... 6675.29296875 6858.32519531
 6933.69140625]",[0.        0.        0.        ... 1.6105849 1.9810622 0.9299329],[0.2712381  0.33040348 0.39314184 ... 0.23360248 0.23862977 0.19447398],[0.02734375 0.03857422 0.04638672 ... 0.14501953 0.14306641 0.11230469],"[2689.71839481 2941.95413409 2914.82160993 ... 2862.80245063 2876.32188624
 2891.11554733]"
TR448877,ART07024718,1323000,22050,"[1669.14932078 3405.28416304 3105.64947736 ...  814.78573812  754.50761015
  696.95694951]","[4521.97265625 8279.51660156 7708.88671875 ... 1561.15722656 1453.49121094
 1324.29199219]",[0.         0.         0.         ... 0.03960212 0.17366003 0.6460058 ],[0.11722901 0.16759449 0.22030586 ... 0.0768817  0.07342516 0.06304289],[0.02490234 0.03515625 0.04589844 ... 0.02148438 0.01904297 0.01367188],"[2612.14456704 3518.15210622 3358.52284468 ... 1477.61134283 1404.75166645
 1342.98208305]"
TR870721,ART25707984,1323000,22050,"[2701.23391486 2545.17067763 2273.60702134 ... 2384.57355032 2548.66051925
 2331.98696771]","[5953.93066406 5910.86425781 5544.79980469 ... 5609.39941406 6223.09570312
 5534.03320312]",[0.        0.        0.        ... 1.0845594 1.0542673 1.4982054],[0.1243188  0.14381239 0.15303761 ... 0.13806213 0.13688874 0.12294793],[0.05810547 0.07080078 0.08740234 ... 0.08251953 0.08056641 0.06152344],"[2701.24703454 2695.13503666 2652.22715042 ... 2738.24485269 2871.74316254
 2726.44111263]"
TR166646,ART25707984,1323000,22050,"[2209.48806447 2223.37189664 2194.76313933 ... 3924.73487433 4250.51831741
 3608.36345587]","[4963.40332031 4661.93847656 4382.00683594 ... 9216.2109375  9259.27734375
 8602.51464844]",[0.         0.         0.         ... 0.5053528  0.6068767  0.53870773],[0.22089149 0.28895023 0.32596248 ... 0.23377214 0.21169974 0.18846463],[0.05224609 0.06982422 0.1015625  ... 0.16210938 0.16259766 0.12792969],"[2490.98273258 2349.96327339 2216.15148291 ... 3724.792374   3702.76300422
 3511.16294635]"
TR267048,ART25707984,1323000,22050,"[1639.16228477 1534.76549774 1438.51972673 ... 2646.25301458 2315.44528184
 1873.46995732]","[3574.51171875 3229.98046875 2982.34863281 ... 6449.19433594 5447.90039062
 4091.30859375]",[0.         0.         0.         ... 0.47251123 1.367214   1.2642696 ],[0.14569502 0.16811481 0.1924972  ... 0.48239568 0.478291   0.41908503],[0.02490234 0.04248047 0.05566406 ... 0.04101562 0.03613281 0.02001953],"[2183.53735306 1998.30238049 1875.28002548 ... 2826.65437098 2764.08221328
 2478.15893418]"
TR218393,ART25707984,1323000,22050,"[1184.93990191 1915.29347749 2881.14063937 ... 3066.02850462 3604.08869812
 4370.99956794]","[2540.91796875 4532.73925781 6115.4296875  ... 7439.72167969 7353.58886719
 7030.59082031]",[0.        0.        0.        ... 3.8722749 2.426552  3.5387115],[0.12442604 0.15775543 0.1970046  ... 0.07907333 0.07555134 0.06047299],[0.02050781 0.04785156 0.10449219 ... 0.16113281 0.23583984 0.20556641],"[2063.52097714 2542.71498019 2680.85462945 ... 2961.39696464 2932.70083035
 2595.33921575]"
TR251094,ART25707984,1323000,22050,"[2384.13846675 2147.74260114 1351.89012061 ... 3305.23531588 3364.36840247
 3429.56013293]","[4963.40332031 4834.20410156 3176.14746094 ... 6869.09179688 7149.0234375
 7396.65527344]",[0.        0.        0.        ... 1.9608278 1.354079  0.8708628],[0.09523048 0.11114398 0.12938897 ... 0.24565399 0.24560428 0.21437283],[0.01708984 0.01855469 0.02001953 ... 0.1328125  0.125      0.08935547],"[2359.70508644 2338.11831069 2150.88550582 ... 2920.63643262 3006.9957033
 3099.77703331]"
TR845575,ART25707984,1323000,22050,"[1511.80049995 1626.52483665 1914.04381101 ... 3415.1773875  3170.62888407
 2288.29527663]","[3509.91210938 3972.87597656 5103.36914062 ... 6524.56054688 6126.19628906
 5114.13574219]",[0.        0.        0.        ... 1.2476162 0.9528697 0.1968073],[0.14737181 0.17335042 0.20856434 ... 0.36966848 0.37797567 0.30026308],[0.00634766 0.01708984 0.02490234 ... 0.12109375 0.07177734 0.05224609],"[2332.61703003 2457.55971007 2709.36444055 ... 2905.5734056  2767.15276012
 2491.88369537]"
TR105364,ART25707984,1323000,22050,"[2110.40486621 2183.28391011 1965.96526188 ... 1877.30633784 2363.21786018
 2805.59710267]","[4737.3046875  4855.73730469 4371.24023438 ... 4565.0390625  6104.66308594
 6718.359375  ]",[0.         0.         0.         ... 2.6863742  0.88011444 1.1653504 ],[0.01887605 0.0218337  0.02817422 ... 0.08167848 0.07769296 0.07052399],[0.03076172 0.04833984 0.06689453 ... 0.05517578 0.07177734 0.05957031],"[2483.21456454 2512.39739663 2401.79736232 ... 2371.38284448 2908.13099635
 3097.56570468]"
TR550520,ART07024718,1323000,22050,"[1863.44893671 1941.8192673  1888.67345218 ... 1677.51508489 1593.62955736
 1615.27295236]","[3531.4453125  3563.74511719 3499.14550781 ... 3746.77734375 2616.28417969
 2896.21582031]",[0.         0.         0.         ... 0.39392108 1.0082577  2.1662924 ],[0.0916527  0.09778047 0.10251796 ... 0.10197986 0.09982457 0.09189138],[0.04248047 0.0546875  0.06396484 ... 0.06396484 0.06787109 0.046875  ],"[2136.52490572 2196.89528055 2159.06819348 ... 2376.10822571 2282.63133546
 2291.49196132]"
TR709616,ART25707984,1323000,22050,"[1694.20539697 2005.67514373 1997.87556306 ... 2825.20027402 2872.29825561
 2808.74121028]","[4349.70703125 5254.1015625  5243.33496094 ... 6739.89257812 6826.02539062
 6955.22460938]",[0.         0.         0.         ... 2.3181274  0.40340036 0.6715639 ],[0.38919333 0.4760446  0.5503792  ... 0.5398351  0.5421493  0.46656302],[0.01513672 0.02148438 0.02539062 ... 0.03564453 0.02929688 0.02294922],"[2545.64263793 2706.13190747 2679.96565605 ... 2933.59628871 2965.33809261
 3050.05206946]"
TR121405,ART25707984,1323000,22050,"[3800.49781055 3218.66792953 3427.77137285 ... 2271.14635057 2011.30956363
 3383.78611781]","[8430.24902344 7730.41992188 8451.78222656 ... 7170.55664062 5932.39746094
 8645.58105469]",[0.         0.         0.         ... 0.75872636 0.24913865 0.43344736],[0.15657489 0.1909978  0.29633066 ... 0.40621865 0.3321924  0.28169766],[0.02539062 0.05957031 0.08935547 ... 0.04150391 0.07714844 0.06884766],"[3463.24396313 3206.02199946 3423.13959727 ... 3253.05802951 3098.95209531
 3579.40701254]"
TR561056,ART25707984,1323000,22050,"[3125.98762082 3443.92519742 3505.25214641 ... 2257.68126402 2179.98528267
 2579.90520332]","[7105.95703125 7321.2890625  7687.35351562 ... 5684.765625   5566.33300781
 6352.29492188]",[0.         0.         0.         ... 0.83317083 0.85092944 0.5203019 ],[0.18170746 0.21861857 0.23374312 ... 0.51240945 0.439867   0.40757224],[0.06005859 0.08300781 0.10449219 ... 0.04638672 0.07617188 0.05322266],"[3074.27474444 3186.37215663 3296.12696579 ... 2793.19886458 2783.94727325
 3051.35254902]"
TR838304,ART25707984,1323000,22050,"[2505.69853758 2561.52902014 2635.71276982 ... 2230.57017726 3392.83918685
 3352.75274059]","[5254.1015625  5437.13378906 5673.99902344 ... 3865.20996094 7181.32324219
 7967.28515625]",[0.         0.         0.         ... 0.9330336  0.34709635 0.24150312],[0.23199643 0.27636525 0.31109348 ... 0.06885481 0.06365826 0.0596711 ],[0.05566406 0.08251953 0.10009766 ... 0.15283203 0.18017578 0.14599609],"[2673.1958168  2777.01339769 2820.04175105 ... 2126.52235733 2954.65707761
 3176.07686466]"
TR800085,ART25707984,1323000,22050,"[3075.33727979 3059.50897113 2725.45161721 ... 2037.4519663  1954.57210299
 1896.2700423 ]","[6847.55859375 6406.12792969 5921.63085938 ... 4069.77539062 3886.74316406
 3779.07714844]",[0.        0.        0.        ... 3.331409  2.532147  1.0987612],[0.15219872 0.21637848 0.25413755 ... 0.21802656 0.20372579 0.18255283],[0.05126953 0.06445312 0.06884766 ... 0.08056641 0.08789062 0.06396484],"[2913.53890419 2871.46850494 2752.95939532 ... 2184.29606741 2152.4375356
 2078.46400946]"
TR791255,ART07024718,1323000,22050,"[2738.18243233 2431.70666185 2144.32278769 ... 2734.28347547 4256.74262454
 5899.58648341]","[6965.99121094 6729.12597656 5996.99707031 ... 7170.55664062 9302.34375
 9679.17480469]",[0.        0.        0.        ... 3.181422  2.3979695 1.797886 ],[0.22930612 0.32656372 0.3569555  ... 0.2600708  0.251769   0.21699585],[0.02880859 0.03222656 0.05322266 ... 0.09765625 0.16894531 0.14550781],"[3141.1668039  3014.83390302 2839.86760677 ... 3164.29698864 3885.33642637
 3894.42974975]"
TR351380,ART25707984,1323000,22050,"[5287.4459601  5027.01463418 4185.2678512  ... 3733.04946588 3827.92538581
 3657.12807679]","[7978.05175781 7859.61914062 6912.15820312 ... 7536.62109375 7622.75390625
 7364.35546875]",[0.         0.         0.         ... 1.5102546  0.36575294 0.5411026 ],[0.195811   0.2698952  0.32009414 ... 0.12366963 0.12351752 0.10668024],[0.17382812 0.21386719 0.25292969 ... 0.17822266 0.17138672 0.12939453],"[2350.4672663  2571.15194736 2603.42676123 ... 3046.02909874 3043.08974998
 2898.05244929]"
TR978195,ART25707984,1323000,22050,"[3516.00728244 3779.00395061 3626.93733585 ... 1718.80480599 1846.59506079
 1972.40236868]","[5749.36523438 5770.8984375  5727.83203125 ... 3660.64453125 3929.80957031
 4543.50585938]",[0.        0.        0.        ... 0.5702057 1.1640749 0.7636652],[0.06053711 0.07590042 0.08706329 ... 0.33315685 0.29593536 0.22233948],[0.15478516 0.22607422 0.29443359 ... 0.05175781 0.06103516 0.05273438],"[2201.58391514 2038.12078367 1979.48878537 ... 1912.37666722 2126.56951248
 2320.40597238]"
TR409731,ART25707984,1323000,22050,"[1651.69791616 1823.31480011 1904.55807374 ... 4961.00645639 4691.12821876
 4342.191575  ]","[3499.14550781 3779.07714844 3789.84375    ... 9000.87890625 8656.34765625
 8408.71582031]",[0.         0.         0.         ... 3.298458   2.8851757  0.82377356],[0.13356386 0.1555446  0.17438255 ... 0.17640713 0.15272518 0.10608955],[0.03564453 0.05859375 0.06738281 ... 0.33447266 0.32910156 0.23095703],"[1877.3038661  1936.0885478  1944.47684047 ... 3227.2999409  3152.14846242
 3199.61885706]"
TR247713,ART25707984,1323000,22050,"[2429.38888904 2626.83817861 2995.46035731 ... 3203.32430349 2846.04623068
 2590.8488324 ]","[5372.53417969 5544.79980469 6029.296875   ... 7493.5546875  6427.66113281
 6503.02734375]",[0.        0.        0.        ... 1.090587  0.6285174 0.5624799],[0.17403556 0.19778392 0.21076532 ... 0.17869173 0.22139347 0.20297   ],[0.06933594 0.10986328 0.18896484 ... 0.14257812 0.10595703 0.07080078],"[2503.35955399 2513.39092784 2700.33836836 ... 3078.63658397 2961.39106924
 3060.36713816]"
TR448308,ART25707984,1323000,22050,"[3392.38419905 3430.52176376 4117.76088046 ... 1396.76852821 1314.42910578
 1212.82516498]","[9097.77832031 8947.04589844 9054.71191406 ... 3488.37890625 3423.77929688
 3014.6484375 ]",[0.         0.         0.         ... 1.3640301  0.82899624 0.19608232],[0.11514542 0.12748803 0.15958975 ... 0.35405016 0.28829053 0.19698735],[0.04150391 0.11474609 0.16162109 ... 0.03417969 0.03125    0.01757812],"[3835.05710017 3739.19379971 3723.17928179 ... 1988.43061495 1952.06380729
 1923.10392934]"
TR466521,ART25707984,1323000,22050,"[1768.08266245 2007.09962107 2099.21930411 ... 1704.63675782 1553.37545804
 1368.22802801]","[4941.87011719 5157.20214844 5157.20214844 ... 3746.77734375 3391.47949219
 3046.94824219]",[0.       0.       0.       ... 7.248525 8.095667 3.343496],[0.25960705 0.3025566  0.32934037 ... 0.24904612 0.2900152  0.28092632],[0.03222656 0.04052734 0.04736328 ... 0.07128906 0.03808594 0.01806641],"[2631.74513133 2714.19135049 2725.6093039  ... 2204.79320334 2143.24769542
 2067.73037326]"
TR466354,ART25707984,1323000,22050,"[5263.34647957 4698.25562303 3088.50122649 ... 2574.55302151 2578.62187212
 2803.03862904]","[9356.17675781 9259.27734375 7493.5546875  ... 6363.06152344 6427.66113281
 6955.22460938]",[0.        0.        0.        ... 6.2338905 4.203719  1.3638662],[0.14251783 0.20083073 0.22685596 ... 0.32610962 0.30634007 0.24012855],[0.07617188 0.1015625  0.11425781 ... 0.09814453 0.10107422 0.07714844],"[3645.45258677 3703.97515226 3204.2814657  ... 2894.7668164  2899.85656794
 3032.42778214]"
TR412854,ART25707984,1323000,22050,"[1650.67907261 2192.90734631 2574.51985873 ... 3231.47246946 3086.97012151
 2547.3028967 ]","[3585.27832031 4758.83789062 5447.90039062 ... 7472.02148438 7461.25488281
 6922.92480469]",[0.         0.         0.         ... 0.42414147 0.28128672 0.32619798],[0.15791643 0.19073184 0.21828175 ... 0.12719832 0.19352211 0.18459152],[0.03222656 0.07861328 0.11914062 ... 0.12255859 0.11083984 0.07910156],"[2386.29789818 2497.57839673 2582.32782737 ... 3092.30901506 3177.25747115
 3167.93946227]"
TR601309,ART07024718,1323000,22050,"[3788.97651352 2888.82847862 2288.78442737 ... 3038.49778802 4128.55472021
 5510.9230714 ]","[8193.38378906 6739.89257812 5167.96875    ... 7159.79003906 8807.08007812
 9528.44238281]",[0.        0.        0.        ... 5.1426454 2.7814856 1.4611815],[0.17326204 0.2184888  0.23988949 ... 0.27461183 0.2437012  0.1746605 ],[0.07373047 0.10498047 0.13720703 ... 0.16796875 0.29785156 0.27099609],"[3175.03151513 2902.33113541 2514.46164685 ... 3178.1717829  3479.55567448
 3516.81674189]"
TR674795,ART25707984,1323000,22050,"[3396.19509035 3007.70827765 2506.73943385 ... 2076.17864239 2543.02370364
 2191.67942427]","[7784.25292969 7708.88671875 6912.15820312 ... 5275.63476562 7116.72363281
 6255.39550781]",[0.         0.         0.         ... 0.30972287 0.19648692 5.2679925 ],[0.14252692 0.17671409 0.1923239  ... 0.14780042 0.16897611 0.1607263 ],[0.06347656 0.07226562 0.08544922 ... 0.02587891 0.03955078 0.03515625],"[3315.1674394  3317.33931318 3205.35957607 ... 2819.35403097 3045.37900697
 2934.84254164]"
TR775377,ART25707984,1323000,22050,"[3253.01785945 3188.54394421 3081.52002352 ... 2846.97952623 3109.15707747
 3115.87936705]","[7256.68945312 6976.7578125  6373.828125   ... 7084.42382812 7159.79003906
 6998.29101562]",[0.         0.         0.         ... 0.6508484  1.0375973  0.95857537],[0.20499824 0.23497751 0.26355302 ... 0.3706383  0.26975408 0.20840709],[0.08154297 0.11132812 0.14501953 ... 0.04443359 0.07324219 0.06738281],"[3020.496139   2934.85112607 2778.32495826 ... 3154.51442166 3131.02826203
 2979.15012309]"
TR840488,ART07024718,1323000,22050,"[1622.82293864 1820.8318704  1890.58681895 ... 2794.94601582 2413.35725543
 2243.65969562]","[4252.80761719 4866.50390625 4920.33691406 ... 6815.25878906 6276.92871094
 5512.5       ]",[0.        0.        0.        ... 0.9115498 5.264937  3.196255 ],[0.27248728 0.33347604 0.38125297 ... 0.30250955 0.2969648  0.263706  ],[0.00732422 0.01025391 0.01318359 ... 0.05859375 0.06835938 0.05615234],"[2607.14456882 2847.30235915 2914.14019331 ... 3127.61185926 3004.29937715
 2895.17679006]"
TR290267,ART25707984,1323000,22050,"[2851.67374743 3013.2999748  3034.97065391 ... 3076.26925452 3424.24759658
 3279.88025763]","[6287.6953125  6804.4921875  7073.65722656 ... 6933.69140625 7515.08789062
 7439.72167969]",[0.         0.         0.         ... 0.717133   0.35462928 5.791706  ],[0.00079106 0.0009523  0.00113503 ... 0.23358345 0.34158787 0.34003717],[0.078125   0.10498047 0.12890625 ... 0.12841797 0.11230469 0.0859375 ],"[2667.7958475  2758.57496058 2838.94202768 ... 2992.5197439  3131.21391653
 3189.6152006 ]"
TR873026,ART25707984,1323000,22050,"[2175.50258333 2299.80895992 2542.7442315  ... 2284.09009674 2751.21217959
 3042.22444222]","[4823.4375     4931.10351562 5264.86816406 ... 4737.3046875  6513.79394531
 6793.72558594]",[0.         0.         0.         ... 1.720382   0.7271014  0.60234094],[0.16812387 0.19624762 0.21053387 ... 0.21503319 0.21751036 0.19860424],[0.03417969 0.06445312 0.10205078 ... 0.07666016 0.07080078 0.04931641],"[2421.78753464 2405.43423145 2540.6595988  ... 2492.13331851 2857.06664106
 3000.65614546]"
TR583833,ART07024718,1323000,22050,"[2306.51953121 2295.65787207 2332.47669121 ... 3569.75008912 4142.08368107
 3487.49992502]","[4543.50585938 4694.23828125 5124.90234375 ... 9022.41210938 9205.44433594
 9076.24511719]",[0.         0.         0.         ... 0.5916998  0.21008764 0.3806072 ],[0.05988205 0.0684309  0.07500687 ... 0.08931974 0.09183063 0.08139318],[0.04394531 0.05810547 0.07958984 ... 0.17285156 0.16796875 0.13671875],"[2379.21434738 2459.38693487 2614.73524616 ... 3775.76511598 3816.22058019
 3793.55158361]"
TR424160,ART07024718,1323000,22050,"[2222.31097315 2288.55138847 2255.78768865 ... 2432.49775286 2407.00319088
 2230.39814044]","[4166.67480469 4306.640625   4500.43945312 ... 5221.80175781 5900.09765625
 5200.26855469]",[0.         0.         0.         ... 0.58977777 1.0150691  0.9271873 ],[0.21102683 0.2527995  0.28547427 ... 0.30311623 0.3106076  0.2750237 ],[0.05029297 0.07373047 0.10742188 ... 0.11328125 0.09472656 0.06103516],"[2064.0047156  2147.92091276 2204.59723253 ... 2562.37466775 2643.83020497
 2354.35803752]"
TR453640,ART07024718,1323000,22050,"[ 881.24333034  789.69296574  729.00920077 ... 1702.79296837 2098.10311238
 2119.88563553]","[1604.22363281 1571.92382812 1464.2578125  ... 4285.10742188 5318.70117188
 5340.234375  ]",[0.        0.        0.        ... 1.0336511 1.4594178 2.260671 ],[0.10726628 0.13432729 0.15129127 ... 0.38703117 0.43428934 0.39388794],[0.00683594 0.0078125  0.00976562 ... 0.04248047 0.04931641 0.03466797],"[1611.0439858  1380.72127053 1294.85997969 ... 2486.66759805 2473.9882464
 2500.79183732]"
TR693094,ART07024718,1323000,22050,"[2605.6790029  2408.0651593  1802.7559845  ... 2077.7917804  2076.47475175
 2072.94326941]","[5986.23046875 5835.49804688 4565.0390625  ... 5135.66894531 4941.87011719
 4995.703125  ]",[0.        0.        0.        ... 0.2555417 1.7575186 3.5739243],[0.00981948 0.01551407 0.01928368 ... 0.01171135 0.01257266 0.01154943],[0.04345703 0.05126953 0.05566406 ... 0.08447266 0.09033203 0.06347656],"[2676.15932588 2716.59815448 2528.24143444 ... 2567.89137871 2503.83535803
 2517.29098426]"
TR684216,ART07024718,1323000,22050,"[1185.33690954  869.279006    634.26064067 ... 4455.4063131  2071.85905028
 1072.24282618]","[2734.71679688 1421.19140625  925.92773438 ... 8860.91308594 5566.33300781
 2734.71679688]",[0.        0.        0.        ... 9.509281  7.1788673 2.9783998],[0.43397298 0.53188384 0.5578383  ... 0.2305494  0.34719568 0.34210533],[0.00683594 0.00927734 0.01318359 ... 0.20117188 0.18554688 0.04785156],"[2101.51241372 1775.99857406 1373.25395623 ... 3509.57837095 2814.0407296
 1951.65048074]"
TR770885,ART07024718,1323000,22050,"[3018.58244287 3071.86186698 3104.90040779 ... 1295.629106   1391.85828811
 1329.97477016]","[6503.02734375 6653.75976562 7213.62304688 ... 2282.51953125 2702.41699219
 2250.21972656]",[0.        0.        0.        ... 3.5831711 1.7021983 1.3601313],[0.23015243 0.26619577 0.29488504 ... 0.26560172 0.26431474 0.21927616],[0.07470703 0.09570312 0.10742188 ... 0.04736328 0.04833984 0.03808594],"[2833.79615764 2840.39918531 3011.97470916 ... 1792.87502292 1799.46869707
 1800.26071566]"
TR884950,ART25707984,1323000,22050,"[1127.39621516  971.73626272 1061.46127437 ... 3687.60348688 3273.9128051
 2604.91723864]","[1593.45703125 1281.22558594 1302.75878906 ... 6524.56054688 6201.5625
 5900.09765625]",[ 0.         0.         0.        ... 13.066396   9.56456    1.8689383],[0.21663903 0.24008001 0.34547853 ... 0.17221424 0.18795614 0.14879827],[0.01220703 0.01904297 0.02441406 ... 0.15820312 0.14648438 0.06689453],"[1915.42772891 1806.35124506 1935.4601899  ... 2530.19357093 2588.2604113
 2645.9846978 ]"
TR113702,ART07024718,1323000,22050,"[1754.18714743 1727.31801996 1866.85642551 ... 1743.87238651 1769.92988465
 1687.93248491]","[3359.1796875  3369.94628906 3531.4453125  ... 3122.31445312 3197.68066406
 3003.88183594]",[0.        0.        0.        ... 2.5737925 4.8565545 5.02318  ],[0.14317298 0.14523004 0.15340765 ... 0.3033815  0.3047636  0.26924056],[0.03710938 0.06152344 0.10205078 ... 0.07275391 0.08007812 0.05859375],"[1909.51909548 1967.92959341 2141.57651797 ... 1866.7169215  1840.00164607
 1753.04920406]"
TR300576,ART25707984,1323000,22050,"[3120.17159432 3246.84403497 3217.95436246 ... 3488.81544526 3087.90203983
 2683.01914221]","[6567.62695312 6729.12597656 6793.72558594 ... 7170.55664062 6589.16015625
 6007.76367188]",[0.        0.        0.        ... 7.2115874 4.1601853 1.1270688],[0.1060786  0.14232688 0.15702266 ... 0.19890691 0.2339083  0.21426374],[0.08837891 0.13183594 0.17041016 ... 0.14306641 0.11328125 0.06152344],"[2745.58089432 2771.91449927 2800.83787054 ... 2815.4497796  2871.19166616
 2845.0853839 ]"
TR303682,ART07024718,1323000,22050,"[1373.72852137 1249.24215388 1405.07663495 ... 1020.43555418  882.82544542
  865.34587879]","[3014.6484375  2508.61816406 2756.25       ... 1959.52148438 1539.62402344
 1410.42480469]",[0.        0.        0.        ... 1.4622498 1.515818  2.53912  ],[0.39980587 0.46016532 0.5035236  ... 0.39099455 0.4881191  0.45579073],[0.0078125  0.015625   0.02587891 ... 0.01367188 0.01220703 0.00830078],"[2179.73516712 2087.70311711 2268.18342025 ... 2069.22821368 1701.10302914
 1788.42865855]"
TR919804,ART07024718,1323000,22050,"[1749.86615825 2049.90868456 2464.79276659 ... 2421.38137563 1613.8564912
 1429.8308169 ]","[3951.34277344 5372.53417969 7245.92285156 ... 7009.05761719 3994.40917969
 3294.58007812]",[0.        0.        0.        ... 3.148997  2.2713099 1.4794652],[0.26014134 0.2871043  0.30413184 ... 0.38633853 0.44580448 0.42088842],[0.03369141 0.046875   0.07128906 ... 0.05224609 0.04541016 0.02587891],"[2754.34842518 2970.40908036 3046.22885977 ... 3083.51896171 2462.42437708
 2180.17016138]"
TR511007,ART07024718,1323000,22050,"[1902.75545167 2007.49292648 2198.81220891 ... 2309.12962704 2025.29997448
 1998.03583869]","[3800.61035156 4059.00878906 4511.20605469 ... 5738.59863281 4931.10351562
 4726.53808594]",[0.        0.        0.        ... 0.6099912 0.5552673 0.4086318],[0.1301753  0.13952874 0.16708371 ... 0.34373018 0.3612251  0.31713662],[0.0390625  0.07080078 0.08691406 ... 0.07177734 0.05664062 0.03857422],"[2351.81994768 2423.72721377 2484.23729121 ... 2791.10575793 2611.89030819
 2596.39015481]"
TR591369,ART25707984,1323000,22050,"[3381.0800457  3341.54694793 3401.22856705 ... 3045.84279939 3110.11272593
 3053.22744462]","[8042.65136719 7698.12011719 7655.05371094 ... 6686.05957031 6836.79199219
 7052.12402344]",[0.        0.        0.        ... 1.2280083 1.2594566 0.8578354],[0.10819887 0.12645052 0.130179   ... 0.06559969 0.07297695 0.06033689],[0.04394531 0.08154297 0.10205078 ... 0.10253906 0.10888672 0.09228516],"[3334.69245714 3177.28625358 3111.97272219 ... 2957.00343022 2974.22681888
 3026.40215237]"
TR991289,ART25707984,1323000,22050,"[1639.16228477 1534.76549774 1438.51972673 ... 2646.25301458 2315.44528184
 1873.46995732]","[3574.51171875 3229.98046875 2982.34863281 ... 6449.19433594 5447.90039062
 4091.30859375]",[0.         0.         0.         ... 0.47251123 1.367214   1.2642696 ],[0.14569502 0.16811481 0.1924972  ... 0.48239568 0.478291   0.41908503],[0.02490234 0.04248047 0.05566406 ... 0.04101562 0.03613281 0.02001953],"[2183.53735306 1998.30238049 1875.28002548 ... 2826.65437098 2764.08221328
 2478.15893418]"
TR981948,ART25707984,1323000,22050,"[3616.28524708 3350.29245001 2386.86990961 ... 2931.39192416 2690.6027691
 2350.18204474]","[7838.0859375  7611.98730469 5996.99707031 ... 6782.95898438 6319.99511719
 5727.83203125]",[0.        0.        0.        ... 3.255096  2.9716523 1.7420418],[0.11405793 0.18669467 0.28591907 ... 0.33516866 0.33686036 0.28376806],[0.08984375 0.11230469 0.11572266 ... 0.08886719 0.08544922 0.06005859],"[3108.53621132 3107.03326727 2820.91153719 ... 3091.97180823 2930.49220283
 2754.68307637]"
TR854907,ART07024718,1323000,22050,"[4189.91836243 4471.75900543 4868.52268109 ... 3829.99098863 3213.47878513
 2564.55756503]","[9356.17675781 9377.70996094 9377.70996094 ... 8710.18066406 8408.71582031
 7019.82421875]",[0.        0.        0.        ... 1.2449986 0.5145088 3.3068712],[0.21463937 0.2607236  0.30550858 ... 0.26447153 0.27741307 0.258018  ],[0.08154297 0.12548828 0.14794922 ... 0.12451172 0.12646484 0.10986328],"[3891.07594482 3888.67218086 3821.69467816 ... 3629.22782815 3503.99478943
 3223.82800571]"
TR116528,ART07024718,1323000,22050,"[3451.20854158 3198.16487138 2394.00861883 ... 2470.08391101 2045.94187228
 1841.92539162]","[7450.48828125 7041.35742188 5641.69921875 ... 5587.86621094 4295.87402344
 3208.44726562]",[0.         0.         0.         ... 0.87249595 0.7774596  1.7514603 ],[0.19372185 0.26505688 0.3438845  ... 0.19637942 0.20719062 0.1909595 ],[0.08447266 0.10498047 0.11279297 ... 0.0703125  0.0703125  0.06152344],"[3059.65727582 2954.43094872 2686.21787473 ... 2652.13660372 2411.12856587
 2310.16177512]"
TR832166,ART07024718,1323000,22050,"[3184.89732084 3103.09186965 2687.19312676 ... 2045.79042931 2021.56044276
 1950.73350526]","[7159.79003906 7181.32324219 6729.12597656 ... 5114.13574219 4909.5703125
 4274.34082031]",[0.        0.        0.        ... 0.4675155 1.0444777 1.6095861],[0.20188272 0.41423485 0.5370491  ... 0.15322845 0.14300892 0.12479886],[0.06542969 0.06982422 0.07470703 ... 0.08984375 0.09375    0.06982422],"[2850.22127097 2997.75383325 3048.14487547 ... 2411.94849637 2290.16668416
 2206.00803924]"
TR377739,ART07024718,1323000,22050,"[2945.20675125 2843.63508071 2187.72859468 ... 2206.80766845 2290.44672468
 2202.22222584]","[8430.24902344 8268.75       6513.79394531 ... 5534.03320312 5598.6328125
 5351.00097656]",[0.         0.         0.         ... 0.69287294 0.82816625 0.5593937 ],[0.26180395 0.32719347 0.3672208  ... 0.49171078 0.4823594  0.40998027],[0.01953125 0.03076172 0.04931641 ... 0.03808594 0.04003906 0.03369141],"[3654.72163104 3596.11557962 3065.91224541 ... 2656.47973035 2700.02117183
 2682.3130507 ]"
TR646735,ART25707984,1323000,22050,"[2293.14336284 2485.6244095  2409.92990452 ... 1877.11907785 1594.93720501
 1771.22644724]","[4597.33886719 5254.1015625  5178.73535156 ... 3929.80957031 3143.84765625
 3800.61035156]",[0.         0.         0.         ... 3.5400803  1.0017335  0.48784703],[0.08611426 0.09434759 0.10380563 ... 0.10430625 0.10520967 0.09002388],[0.06640625 0.08740234 0.10839844 ... 0.10839844 0.08056641 0.05761719],"[2498.40032456 2681.54219445 2699.5560482  ... 2046.7775568  1822.81211935
 2136.13918563]"
TR344080,ART25707984,1323000,22050,"[2995.970157   3008.92349856 3163.16833258 ... 2220.34766331 3015.62054953
 2809.92460792]","[5813.96484375 5609.39941406 5458.66699219 ... 5157.20214844 6858.32519531
 6169.26269531]",[0.         0.         0.         ... 1.0673921  0.08620548 1.4246808 ],[0.13093135 0.15017077 0.18337041 ... 0.10911451 0.16161951 0.15891492],[0.05957031 0.09033203 0.11132812 ... 0.08398438 0.09375    0.08398438],"[2613.56920619 2401.68277692 2231.06488129 ... 2787.22142457 3025.79669563
 2952.83993361]"
TR935995,ART07024718,1323000,22050,"[4470.3330199  4314.55275793 3728.57521677 ... 2942.57511117 2657.89241582
 2318.04935008]","[8947.04589844 8365.64941406 7838.0859375  ... 6395.36132812 6449.19433594
 6610.69335938]",[0.        0.        0.        ... 2.7522862 2.3652167 0.6607075],[0.00390235 0.00556186 0.00760227 ... 0.00464916 0.00418028 0.00310658],[0.13183594 0.15625    0.18261719 ... 0.12109375 0.07910156 0.04345703],"[3360.74534677 3211.69154014 3183.99183482 ... 2662.03323611 2784.50697571
 2941.12359511]"
TR842840,ART07024718,1323000,22050,"[1872.51095737 1911.72161262 2060.85434219 ... 3120.20789194 3236.68807299
 3254.19156054]","[4511.20605469 4575.80566406 5264.86816406 ... 7644.28710938 7601.22070312
 7590.45410156]",[0.        0.        0.        ... 1.895107  1.0157045 1.2114111],[0.27944493 0.3441829  0.40427333 ... 0.32603624 0.29900718 0.2527281 ],[0.02148438 0.02929688 0.03759766 ... 0.11865234 0.140625   0.11035156],"[2445.33275755 2541.15375914 2701.50964463 ... 3021.84423257 2997.14084372
 2950.45074071]"
TR674523,ART07024718,1323000,22050,"[2607.27921182 4293.22121015 4790.59589578 ... 1839.65443673 2082.85255171
 2159.26303811]","[7310.52246094 8591.74804688 9270.04394531 ... 3886.74316406 4812.67089844
 4791.13769531]",[0.         0.         0.         ... 1.5741336  0.8199226  0.62969154],[0.12569252 0.16175294 0.19162205 ... 0.14443067 0.14237395 0.11603765],[0.07714844 0.12890625 0.15576172 ... 0.07617188 0.08056641 0.06152344],"[3183.50447384 3724.04866068 3742.6533814  ... 2291.25335617 2555.40275784
 2524.64697257]"
TR419042,ART07024718,1323000,22050,"[2282.93916009 2408.10623874 2407.73001619 ... 3203.97751215 2793.0610602
 2630.53040517]","[5114.13574219 5017.23632812 4834.20410156 ... 7202.85644531 5835.49804688
 5351.00097656]",[0.         0.         0.         ... 0.9861166  0.87199724 0.91250515],[0.06011614 0.07824198 0.09587432 ... 0.04798061 0.05741292 0.0543934 ],[0.03613281 0.06005859 0.08056641 ... 0.11962891 0.10546875 0.07861328],"[2557.18158723 2423.62183519 2333.80852242 ... 2996.32601755 2623.47650798
 2525.84918061]"
TR850160,ART07024718,1323000,22050,"[1025.86832743  672.8810908    89.55775648 ...  965.52750575 1059.08302672
 1215.09583989]","[2207.15332031  968.99414062   64.59960938 ... 2347.11914062 2433.25195312
 2799.31640625]",[0.         0.         0.         ... 0.19068873 0.32671973 0.67147243],[0.3512017  0.39265156 0.41806275 ... 0.46652678 0.45430696 0.37894973],[0.00195312 0.00341797 0.00488281 ... 0.02929688 0.03369141 0.02832031],"[2016.26916807 1676.91914678  308.19284734 ... 1663.161659   1716.82302362
 1816.44331092]"
TR340036,ART25707984,1323000,22050,"[2939.24175278 2648.31155911 2156.79753026 ... 3550.64242614 3507.27530053
 3336.63456077]","[7730.41992188 7332.05566406 5221.80175781 ... 7515.08789062 7493.5546875
 7450.48828125]",[0.        0.        0.        ... 0.3710873 0.9817084 1.1554143],[0.15180418 0.16869351 0.19007024 ... 0.18936805 0.20464711 0.17873792],[0.02587891 0.03613281 0.046875   ... 0.14746094 0.12744141 0.09033203],"[3517.90969803 3293.53758617 2889.09923819 ... 3117.20732018 3079.71282115
 3077.97159452]"
TR824115,ART07024718,1323000,22050,"[2707.58123293 2588.39814659 2629.48802746 ... 3092.74482837 3229.86805586
 3082.16097476]","[5846.26464844 5426.3671875  5577.09960938 ... 5975.46386719 6287.6953125
 6007.76367188]",[0.         0.         0.         ... 1.1703707  1.0481082  0.76677585],[0.24615909 0.30694184 0.35617495 ... 0.36553404 0.3642983  0.30661538],[0.05957031 0.09667969 0.13818359 ... 0.14355469 0.15478516 0.12597656],"[2676.19472255 2547.79708712 2577.45427791 ... 2593.64556579 2585.48657806
 2478.76986711]"
TR344030,ART25707984,1323000,22050,"[3004.50972047 3035.54265444 3097.05823821 ... 3598.8092593  2611.36386218
 2356.19808318]","[6739.89257812 6804.4921875  6998.29101562 ... 7665.8203125  6330.76171875
 5695.53222656]",[0.         0.         0.         ... 1.215981   0.24590603 0.4275201 ],[0.07296214 0.07646652 0.07781837 ... 0.17684053 0.134389   0.11436557],[0.08544922 0.09912109 0.15283203 ... 0.1875     0.11132812 0.06591797],"[2803.82421154 2804.90246617 2900.54263388 ... 3115.90559455 2850.13202095
 2683.99782935]"
TR721039,ART07024718,1323000,22050,"[ 666.19341537  889.76751041 1876.64124084 ... 1885.98700936 1805.04716622
 1594.41188509]","[ 861.328125   1098.19335938 5351.00097656 ... 4618.87207031 4145.14160156
 3423.77929688]",[0.        0.        0.        ... 0.6660928 2.323353  1.871752 ],[0.23098049 0.2918495  0.3440437  ... 0.19999437 0.20735139 0.18278812],[0.00585938 0.01074219 0.01611328 ... 0.06933594 0.07324219 0.05224609],"[1480.71530463 2020.98783534 3009.53475214 ... 2239.2619587  2155.16729044
 2009.6952339 ]"
TR349321,ART25707984,1323000,22050,"[1966.83298862 2141.32266168 1868.03457066 ... 2415.45969685 2766.42646991
 2894.24728812]","[5146.43554688 6061.59667969 5114.13574219 ... 6104.66308594 6589.16015625
 6879.85839844]",[0.        0.        0.        ... 4.255023  3.6239412 2.5385382],[0.27810302 0.34942198 0.40960366 ... 0.40567404 0.451513   0.4003463 ],[0.02539062 0.03320312 0.03662109 ... 0.0703125  0.04492188 0.03173828],"[2665.62022555 2835.06534669 2767.27833658 ... 2854.01252891 2950.83464857
 3021.22541958]"
TR643848,ART07024718,1323000,22050,"[1604.4567747  1919.77055932 3606.89607611 ... 1012.79532924  978.11611801
 1044.67357265]","[4005.17578125 5038.76953125 7719.65332031 ... 1679.58984375 1614.99023438
 1593.45703125]",[0.         0.         0.         ... 0.433123   0.4132408  0.39858732],[0.18804449 0.24302977 0.2975972  ... 0.21120568 0.18940575 0.17195328],[0.00585938 0.02832031 0.07763672 ... 0.04833984 0.05322266 0.03759766],"[2501.99073441 2744.64160953 3033.1798123  ... 1509.85024735 1507.33984837
 1626.54025947]"
TR285089,ART25707984,1323000,22050,"[2549.4429442  2243.21234956 2199.31457407 ... 2243.31334829 2502.10791641
 2281.8887262 ]","[6104.66308594 5523.26660156 5329.46777344 ... 5598.6328125  6384.59472656
 5372.53417969]",[0.         0.         0.         ... 0.37850586 0.52956426 2.0990088 ],[0.36166063 0.43048558 0.47626245 ... 0.50391155 0.5076681  0.4416439 ],[0.02929688 0.05224609 0.07861328 ... 0.05224609 0.05761719 0.04638672],"[2823.85727736 2638.16206225 2432.84703351 ... 2825.46064043 2929.41453099
 2658.02828913]"
TR246839,ART07024718,1323000,22050,"[2119.02452704 2135.99613333 2319.14441758 ... 6549.15314819 6515.61927217
 5524.9733117 ]","[4414.30664062 4414.30664062 4791.13769531 ... 9496.14257812 9463.84277344
 9291.57714844]",[0.        0.        0.        ... 2.550481  1.5663645 1.3759258],[0.22274089 0.27687642 0.34847474 ... 0.33522335 0.30819923 0.25676388],[0.04394531 0.07177734 0.10839844 ... 0.22216797 0.21923828 0.17333984],"[2245.57429425 2215.33832487 2373.89916919 ... 3240.02280905 3090.59847278
 3449.62160698]"
TR417353,ART07024718,1323000,22050,"[1195.26491101 1205.7255798  1099.59043082 ... 1277.7425546  1251.80344842
 1247.01973052]","[2196.38671875 2282.51953125 2131.78710938 ... 3143.84765625 2691.65039062
 2691.65039062]",[0.         0.         0.         ... 2.98485    3.484101   0.69377494],[0.10930789 0.12030971 0.12447502 ... 0.23267542 0.24088314 0.19705349],[0.02050781 0.03320312 0.04199219 ... 0.04052734 0.02197266 0.02001953],"[1622.64373032 1605.85898684 1501.78470766 ... 2155.90455363 1888.78496841
 1698.62659438]"
TR506768,ART25707984,1323000,22050,"[2939.03439729 1814.25521966 1211.728971   ... 2397.96529609 2388.45416233
 2607.53184718]","[6406.12792969 4866.50390625 3154.61425781 ... 6287.6953125  6513.79394531
 7213.62304688]",[0.         0.         0.         ... 0.4323049  0.58121824 0.8157644 ],[0.28768823 0.40763423 0.5190692  ... 0.29147837 0.2738771  0.22386068],[0.09765625 0.10107422 0.10253906 ... 0.09912109 0.10888672 0.0859375 ],"[2883.52185632 2576.91943912 2140.34804879 ... 2751.44844115 2876.80487752
 3128.95945925]"
TR414330,ART07024718,1323000,22050,"[1578.78571118 2042.59318782 2989.41286873 ... 1899.89891589 2116.57336567
 1356.23413515]","[3736.01074219 6416.89453125 7870.38574219 ... 4758.83789062 6244.62890625
 2713.18359375]",[0.         0.         0.         ... 1.1145256  0.6366545  0.42715436],[0.02194992 0.02252495 0.02277267 ... 0.1455408  0.05774508 0.01648925],[0.02685547 0.05371094 0.06152344 ... 0.03808594 0.03222656 0.01269531],"[2492.96176296 2932.87373722 3444.90725161 ... 2746.90116342 2953.38788799
 2203.18988039]"
TR633813,ART25707984,1323000,22050,"[1763.10171936 1860.86444532 1925.76882443 ... 3223.91381986 2928.46848424
 2381.43211024]","[4705.00488281 5189.50195312 5221.80175781 ... 6858.32519531 6567.62695312
 5426.3671875 ]",[0.        0.        0.        ... 1.1692977 1.4639924 0.9530321],[0.28302312 0.36266756 0.39523375 ... 0.20425312 0.20329465 0.17219329],[0.02050781 0.03222656 0.04980469 ... 0.06591797 0.05517578 0.04199219],"[2449.05924429 2554.67055514 2561.38804431 ... 3013.39375909 2939.33905941
 2736.46627578]"
TR998660,ART07024718,1323000,22050,"[ 690.74986186  587.29251605  588.20951044 ... 1129.92202947 1232.44370697
 1311.09813572]","[ 958.22753906  818.26171875  947.4609375  ... 2099.48730469 2207.15332031
 2217.91992188]",[0.        0.        0.        ... 1.143701  1.317863  0.7288451],[0.1981047  0.23335111 0.26216105 ... 0.11149748 0.10266838 0.07912842],[0.01025391 0.01513672 0.01855469 ... 0.05517578 0.06152344 0.04785156],"[1205.08916566 1028.6263693   942.28630299 ... 1555.53268137 1595.71245992
 1635.66005058]"
TR176424,ART25707984,1323000,22050,"[1339.68363565 1056.26063819 2504.63350623 ... 3138.99689464 3116.59636811
 1891.29202301]","[3197.68066406 2260.98632812 6018.53027344 ... 7213.62304688 7192.08984375
 5146.43554688]",[0.        0.        0.        ... 1.1918142 3.915546  3.7030106],[0.16940346 0.20280626 0.26578397 ... 0.25171328 0.24936964 0.21649626],[0.00390625 0.00488281 0.05712891 ... 0.02832031 0.02880859 0.02294922],"[2245.34995487 2084.83189087 2890.16338784 ... 3273.88151733 3226.7075443
 2583.66217441]"
TR877490,ART25707984,1323000,22050,"[3730.78990895 3977.0254312  3876.34938604 ... 2388.02358071 2287.32261098
 2336.79030498]","[7493.5546875  7568.92089844 7428.95507812 ... 4123.60839844 3983.64257812
 4112.84179688]",[0.         0.         0.         ... 0.74228686 0.2665567  0.05669324],[0.12150785 0.13559383 0.15055649 ... 0.0630978  0.04467316 0.03054283],[0.10986328 0.15478516 0.17138672 ... 0.15917969 0.16113281 0.12109375],"[3131.19959689 3095.62202668 3024.64065698 ... 1876.06413873 1787.47041855
 1860.4413419 ]"
TR676171,ART25707984,1323000,22050,"[1671.98244625 1997.39161804 2398.34617808 ... 1602.05146699 1726.91865408
 1598.28785899]","[3682.17773438 4263.57421875 4629.63867188 ... 4629.63867188 4888.03710938
 4382.00683594]","[ 0.          0.          0.         ... 10.525708    3.0188255
  0.79194283]",[0.24053559 0.27110764 0.32279348 ... 0.46328795 0.45053953 0.39588565],[0.03125    0.06054688 0.07324219 ... 0.04589844 0.02587891 0.01660156],"[2239.25345571 2388.73630134 2345.62617198 ... 2259.85719191 2327.02239918
 2295.89057477]"
TR375955,ART25707984,1323000,22050,"[2688.28294357 2226.7937145  1881.2894524  ... 2516.58000535 2993.88190363
 3062.51686948]","[6029.296875   5049.53613281 4166.67480469 ... 5447.90039062 6040.06347656
 5953.93066406]",[0.         0.         0.         ... 0.85898364 1.0952648  0.24141592],[0.17962666 0.24028356 0.2812818  ... 0.22120742 0.15071283 0.0666854 ],[0.06347656 0.07617188 0.08056641 ... 0.12792969 0.14550781 0.1171875 ],"[2770.04195596 2515.17794369 2257.72848516 ... 2634.91500733 2741.27032564
 2662.33914035]"
TR195519,ART07024718,1323000,22050,"[1615.09934571 1669.96273322 1767.09147432 ...  790.82497839 1057.26401816
 1209.37814156]","[2788.54980469 2853.14941406 3617.578125   ... 1518.09082031 1485.79101562
 1722.65625   ]",[0.         0.         0.         ... 0.81168646 0.50312936 0.37947077],[0.171609   0.20488298 0.23235235 ... 0.18599287 0.20334673 0.1866721 ],[0.03222656 0.04101562 0.04736328 ... 0.01757812 0.01708984 0.01416016],"[2402.78986562 2373.1467421  2577.5651654  ... 1661.32538783 2209.18118242
 2334.52619228]"
TR925275,ART07024718,1323000,22050,"[1909.67167861 1875.13521785 1873.55020891 ... 1492.94577443 1562.05901386
 2121.75148797]","[4037.47558594 3606.81152344 3445.3125     ... 2767.01660156 2616.28417969
 3908.27636719]",[0.         0.         0.         ... 0.25909758 3.6263065  2.760582  ],[0.21251126 0.2608142  0.2961165  ... 0.32521033 0.29754668 0.25718325],[0.02978516 0.05029297 0.05908203 ... 0.03271484 0.05615234 0.04345703],"[2429.91801343 2330.81552416 2386.81855184 ... 2134.77513978 1998.89172211
 2408.19944087]"
TR953399,ART07024718,1323000,22050,"[3150.80516486 3499.54126696 2604.34836364 ... 1856.62179719 1937.68192794
 1578.05406215]","[7870.38574219 8516.38183594 6922.92480469 ... 5394.06738281 5458.66699219
 3520.67871094]",[0.        0.        0.        ... 1.2674389 1.1652716 1.5061092],[0.20445593 0.2663302  0.32593626 ... 0.40814304 0.3577102  0.2996605 ],[0.06054688 0.07128906 0.08398438 ... 0.03027344 0.03027344 0.0234375 ],"[3432.27636819 3594.05957192 3218.82928838 ... 2625.2371651  2630.31181078
 2425.98820786]"
TR430939,ART07024718,1323000,22050,"[2894.33147836 5264.44279331 5721.3679883  ... 2343.64991614 2485.42594392
 2492.71191985]","[6513.79394531 8699.4140625  8957.8125     ... 4737.3046875  5673.99902344
 6136.96289062]",[0.        0.        0.        ... 2.5988448 2.849444  3.016306 ],[0.05525335 0.09472182 0.13201694 ... 0.25665724 0.25999352 0.23320429],[0.11328125 0.24121094 0.35986328 ... 0.07910156 0.07226562 0.06054688],"[2891.88900427 2912.81939621 2702.37480005 ... 2474.51219219 2742.80520526
 2922.56226043]"
TR857398,ART25707984,1323000,22050,"[3004.50972047 3035.54265444 3097.05823821 ... 3598.8092593  2611.36386218
 2356.19808318]","[6739.89257812 6804.4921875  6998.29101562 ... 7665.8203125  6330.76171875
 5695.53222656]",[0.         0.         0.         ... 1.215981   0.24590603 0.4275201 ],[0.07296214 0.07646652 0.07781837 ... 0.17684053 0.134389   0.11436557],[0.08544922 0.09912109 0.15283203 ... 0.1875     0.11132812 0.06591797],"[2803.82421154 2804.90246617 2900.54263388 ... 3115.90559455 2850.13202095
 2683.99782935]"
TR307915,ART25707984,1323000,22050,"[4090.52407292 5028.25875887 5347.19076471 ... 3108.8251054  2857.83963556
 2471.55597808]","[8387.18261719 9108.54492188 9291.57714844 ... 6675.29296875 6287.6953125
 5469.43359375]",[0.         0.         0.         ... 0.59530497 0.7050847  0.7165507 ],[0.16487123 0.19072397 0.2102327  ... 0.24596347 0.2453727  0.21322323],[0.16308594 0.23535156 0.296875   ... 0.12890625 0.11572266 0.08398438],"[3384.07267437 3552.45568555 3563.92940806 ... 2837.00066974 2775.89156829
 2639.25408675]"
TR731111,ART07024718,1323000,22050,"[6003.27716968 6362.7099574  6704.55558603 ... 2448.28556731 2960.22635482
 3645.38282182]","[9033.17871094 9259.27734375 9474.609375   ... 6901.39160156 7902.68554688
 8408.71582031]",[0.         0.         0.         ... 4.590526   0.69428146 0.4359442 ],[0.11452642 0.11759534 0.11792141 ... 0.55526567 0.5916501  0.5309155 ],[0.30664062 0.47314453 0.61376953 ... 0.04785156 0.03808594 0.02685547],"[2757.36158447 2679.75074729 2611.1702357  ... 3033.13983252 3430.84730198
 3763.60226397]"
TR799409,ART25707984,1323000,22050,"[1006.43123813  896.20260995 1644.36338612 ... 2762.65488368 2673.1982009
 2753.71474279]","[2088.72070312 1528.85742188 3649.87792969 ... 6287.6953125  6212.32910156
 6276.92871094]",[0.         0.         0.         ... 0.78388995 1.0997214  0.757921  ],[0.12903191 0.16255538 0.20940378 ... 0.05531629 0.05771928 0.04880459],[0.00390625 0.01855469 0.04443359 ... 0.16943359 0.15820312 0.11621094],"[1883.5087894  1828.84228754 2231.93647967 ... 2534.73565285 2491.55688015
 2532.28975194]"
TR540185,ART07024718,1323000,22050,"[1992.0145999  2043.75996883 1989.41238828 ... 2058.069149   2502.18514575
 2746.52504576]","[4618.87207031 4758.83789062 4651.171875   ... 4554.27246094 5986.23046875
 5695.53222656]",[0.         0.         0.         ... 0.5920662  0.5342061  0.68597335],[0.17937204 0.2163757  0.22626418 ... 0.1137859  0.09378818 0.07256465],[0.04101562 0.06054688 0.07080078 ... 0.08789062 0.08496094 0.06884766],"[2343.44498137 2371.26576536 2423.58355959 ... 2369.37402617 2830.30037124
 2722.70570885]"
TR608745,ART07024718,1323000,22050,"[2793.2210995  3014.99623704 2538.3833748  ... 1138.31839982  935.17148697
  761.68886202]","[6944.45800781 7138.25683594 5555.56640625 ... 2433.25195312 2002.58789062
 1679.58984375]",[0.         0.         0.         ... 0.4928909  0.52745664 0.35412437],[0.10875605 0.17638409 0.20587981 ... 0.331539   0.32978976 0.28709427],[0.06738281 0.0859375  0.09912109 ... 0.01464844 0.01464844 0.01318359],"[2926.01483773 2986.03287109 2786.89972172 ... 1775.27245116 1597.35616449
 1492.25805001]"
TR863568,ART25707984,1323000,22050,"[1762.44432945 1940.75878561 1804.46265759 ... 2436.81491314 2609.11072483
 2608.43151221]","[4651.171875   5211.03515625 4974.16992188 ... 4963.40332031 5975.46386719
 6729.12597656]",[0.         0.         0.         ... 0.4897214  0.41646376 0.7776248 ],[0.23886667 0.2721956  0.3130104  ... 0.2335394  0.2820193  0.25721562],[0.02734375 0.03857422 0.04541016 ... 0.04150391 0.05419922 0.04882812],"[2669.02875803 2770.12881615 2558.87105391 ... 2678.21455042 2864.34825084
 2942.97139993]"
TR765677,ART25707984,1323000,22050,"[3425.18719457 3644.63225053 3782.14248252 ... 3073.27748021 2793.87539065
 2385.78756233]","[6470.72753906 6610.69335938 6922.92480469 ... 6653.75976562 6244.62890625
 5544.79980469]",[0.        0.        0.        ... 2.2643921 1.4721738 1.473991 ],[0.16746403 0.19389741 0.21541646 ... 0.2705137  0.2539253  0.21193047],[0.09814453 0.15917969 0.20654297 ... 0.1171875  0.10644531 0.07128906],"[2622.49356512 2560.21341844 2632.35017884 ... 2784.94803296 2707.16270936
 2650.68076743]"
TR731271,ART25707984,1323000,22050,"[1456.46890894 1643.1130143  2002.38597555 ... 3082.19132769 2766.4314065
 2571.30254935]","[3337.64648438 4435.83984375 5469.43359375 ... 6503.02734375 5910.86425781
 5480.20019531]",[0.         0.         0.         ... 1.8340617  1.5725658  0.58598274],[0.34591126 0.3817658  0.4297235  ... 0.26923463 0.2671053  0.23901539],[0.02539062 0.03271484 0.04492188 ... 0.12402344 0.10888672 0.06933594],"[2152.9900732  2385.76760725 2671.93841234 ... 2791.24761094 2725.31850233
 2636.12810071]"
TR765689,ART07024718,1323000,22050,"[1678.51863011 1772.97086248 1894.8431004  ... 3683.72710655 3082.67006203
 2656.56538103]","[3133.08105469 3240.74707031 3542.21191406 ... 7181.32324219 6890.625
 6395.36132812]",[0.         0.         0.         ... 1.0542105  0.44091126 0.43541607],[0.08480669 0.09403519 0.10334297 ... 0.12940326 0.10328045 0.08022889],[0.03710938 0.05908203 0.07470703 ... 0.19091797 0.15625    0.09814453],"[2259.01553797 2333.32074488 2376.27359454 ... 3011.84690942 2977.66734577
 2853.53050958]"
TR931663,ART25707984,1323000,22050,"[1971.57673117 2541.21441556 2682.84965106 ... 2853.75784605 2634.42515459
 2358.46689843]","[5081.8359375  6061.59667969 6266.16210938 ... 6341.52832031 5426.3671875
 4909.5703125 ]",[0.         0.         0.         ... 5.3274307  2.1127312  0.77678585],[0.24278541 0.30051932 0.33169538 ... 0.30301142 0.29745007 0.24824786],[0.046875   0.07226562 0.09863281 ... 0.10791016 0.09716797 0.07421875],"[2401.06041441 2814.57626166 2893.39412457 ... 2786.95604738 2642.03088175
 2569.49167358]"
TR525256,ART07024718,1323000,22050,"[1939.32758775 1945.12417701 2079.21763815 ... 3279.84457243 3236.07701038
 2818.34828181]","[3832.91015625 3886.74316406 4188.20800781 ... 7493.5546875  7525.85449219
 6599.92675781]",[0.         0.         0.         ... 2.0251532  0.744879   0.93809867],[0.0788686  0.09341004 0.10273109 ... 0.24575472 0.23257814 0.19688337],[0.04248047 0.0703125  0.09277344 ... 0.10400391 0.11279297 0.09130859],"[2228.34230183 2301.78711236 2380.39460214 ... 3149.51767627 3134.49570842
 2933.91738591]"
TR196675,ART07024718,1323000,22050,"[3408.2939545  5362.57538369 4889.834208   ... 3002.36688956 4572.06236059
 5497.88508525]","[8311.81640625 9442.30957031 9248.51074219 ... 7568.92089844 9560.7421875
 9636.10839844]",[0.        0.        0.        ... 2.0228467 3.918493  2.8703153],[0.10173802 0.16731286 0.28846192 ... 0.23415017 0.21472834 0.16953014],[0.12744141 0.16943359 0.18457031 ... 0.15576172 0.234375   0.21630859],"[3483.70093788 3481.25014565 3601.51107869 ... 3279.00945643 3810.55897416
 3676.3296337 ]"
TR941156,ART25707984,1323000,22050,"[2177.63451776 2127.11225825 2139.97738565 ... 4761.22454469 3980.96784599
 3177.21158954]","[5813.96484375 5620.16601562 5167.96875    ... 7795.01953125 7407.421875
 6772.19238281]",[0.        0.        0.        ... 2.0840874 1.4056895 2.219046 ],[0.28655502 0.3395878  0.3980926  ... 0.33058435 0.3707914  0.33706313],[0.04052734 0.06103516 0.08544922 ... 0.33447266 0.25292969 0.13964844],"[2815.95382195 2704.6873299  2589.83220591 ... 2856.87366077 3045.74636699
 3031.4616339 ]"
TR848166,ART25707984,1323000,22050,"[2161.59643185 2459.19806708 2435.07516297 ... 2791.83596196 3059.99573545
 3319.52192973]","[5620.16601562 6136.96289062 6223.09570312 ... 7009.05761719 7245.92285156
 7644.28710938]",[0.         0.         0.         ... 0.50341636 1.0603805  4.997948  ],[0.14559881 0.15563749 0.15848257 ... 0.23217505 0.23250313 0.20714664],[0.02539062 0.04052734 0.05224609 ... 0.07226562 0.09960938 0.09033203],"[2665.33519727 2816.72192131 2868.98410995 ... 3178.45667667 3223.29261974
 3187.69934681]"
TR860002,ART07024718,1323000,22050,"[2512.8407028  2684.49512411 2392.98552205 ... 1590.50874917 1726.46304577
 1902.21897359]","[6546.09375    6944.45800781 6416.89453125 ... 3348.41308594 3499.14550781
 3908.27636719]",[0.         0.         0.         ... 0.51940084 1.5417306  2.5227494 ],[0.18509851 0.22891793 0.2649274  ... 0.39267558 0.37394997 0.30901372],[0.05859375 0.06689453 0.07421875 ... 0.04101562 0.06152344 0.05224609],"[2848.11704849 3018.55268261 2964.6930031  ... 2414.74988218 2312.98823281
 2388.44036855]"
TR888500,ART25707984,1323000,22050,"[1185.24563416 1545.80501216 2075.83133959 ... 3133.56087618 3025.87810033
 3023.27878369]","[2820.84960938 3305.34667969 4769.60449219 ... 6266.16210938 6169.26269531
 6718.359375  ]",[0.        0.        0.        ... 9.437936  1.718152  0.4536572],[0.25248134 0.30397338 0.34599683 ... 0.35483027 0.3494438  0.3014877 ],[0.00683594 0.02832031 0.05566406 ... 0.16015625 0.12792969 0.08447266],"[2143.93068653 2276.66947826 2456.8857891  ... 2689.71489529 2757.67260707
 2910.12722697]"
TR540123,ART25707984,1323000,22050,"[3891.82077831 3615.76922994 3541.28522684 ... 2445.0468795  2232.96534146
 2249.76071009]","[8193.38378906 7784.25292969 7622.75390625 ... 6470.72753906 5706.29882812
 5673.99902344]",[0.        0.        0.        ... 3.4406865 3.3033288 2.4208481],[0.11668906 0.14646678 0.16752447 ... 0.2655662  0.2607402  0.23248924],[0.10791016 0.15185547 0.19726562 ... 0.06640625 0.07421875 0.046875  ],"[3337.251038   3210.81524019 3128.73975525 ... 2999.56838796 2816.75238351
 2740.06645488]"
TR388921,ART25707984,1323000,22050,"[1083.12987246 1002.547421   1006.22947166 ... 3430.61026663 3815.72366703
 3488.00215282]","[1410.42480469 1248.92578125 1302.75878906 ... 7170.55664062 7536.62109375
 7364.35546875]",[0.        0.        0.        ... 1.1389651 5.613419  7.579317 ],[0.04310686 0.06537886 0.07357959 ... 0.22132646 0.2389383  0.2224452 ],[0.02832031 0.04150391 0.05419922 ... 0.11279297 0.12109375 0.10839844],"[1332.03449657 1202.83230998 1210.09224392 ... 3081.78027646 3158.25241546
 3158.6808724 ]"
TR672131,ART25707984,1323000,22050,"[2934.58650526 2760.01899809 2125.34043611 ... 3706.2402329  3387.81512374
 2858.2092831 ]","[6589.16015625 6018.53027344 4091.30859375 ... 7719.65332031 7504.32128906
 6750.65917969]",[0.         0.         0.         ... 0.48111632 3.5447004  3.8755617 ],[0.06293659 0.07237492 0.07645406 ... 0.21470235 0.25462756 0.24241132],[0.06396484 0.08056641 0.10546875 ... 0.13867188 0.13916016 0.09326172],"[2891.51497485 2764.4690379  2134.43382019 ... 3237.80937437 3093.72361299
 2930.60313072]"
TR846247,ART07024718,1323000,22050,"[3293.74354587 3981.44842905 4639.30493361 ... 1891.87062253 2651.64967459
 4229.53537133]","[7310.52246094 7945.75195312 8311.81640625 ... 3875.9765625  7192.08984375
 8613.28125   ]",[0.        0.        0.        ... 1.2928641 1.0660298 0.1787928],[0.17554167 0.19210778 0.19997822 ... 0.1460007  0.11057856 0.08567651],[0.04589844 0.07763672 0.14746094 ... 0.05224609 0.09228516 0.07080078],"[3080.98563298 3165.43718493 3064.16752091 ... 2644.1896168  3191.66275819
 3208.67346522]"
TR167063,ART25707984,1323000,22050,"[3678.65010538 3228.89582829 2819.9834923  ... 2283.33519766 2718.15013457
 2623.65136293]","[6449.19433594 6427.66113281 6610.69335938 ... 5598.6328125  6513.79394531
 6459.9609375 ]",[0.         0.         0.         ... 0.21901755 0.28096372 3.5640008 ],[0.0806936  0.09984112 0.13828126 ... 0.28639004 0.29062268 0.26412886],[0.1015625  0.13916016 0.16455078 ... 0.05029297 0.05517578 0.04638672],"[2477.52162863 2592.49482436 2770.36016727 ... 2769.43052873 2869.45332896
 2900.64306207]"
TR111715,ART25707984,1323000,22050,"[ 643.45715417 1291.98535798 2333.66196149 ... 2854.32904221 2723.2900532
 4208.56730407]","[1087.42675781 2982.34863281 5803.19824219 ... 6373.828125   6449.19433594
 7558.15429688]",[0.        0.        0.        ... 2.6387417 1.7508005 1.3027134],[0.3654988  0.43835554 0.49793094 ... 0.2287498  0.1860522  0.1390094 ],[0.00195312 0.01953125 0.03613281 ... 0.09863281 0.16259766 0.12988281],"[1497.3981192  2277.08216555 2787.43081472 ... 2706.81888629 2786.00284749
 3118.45355875]"
TR484122,ART25707984,1323000,22050,"[3918.42333862 3753.65762265 3337.63762559 ... 1926.26009543 2344.4016914
 2194.83913587]","[8257.98339844 7891.91894531 7762.71972656 ... 5135.66894531 5824.73144531
 5717.06542969]",[0.        0.        0.        ... 1.0291328 3.8316526 4.7726173],[0.13926594 0.1707931  0.20055997 ... 0.18099298 0.16084777 0.1178543 ],[0.078125   0.10791016 0.12255859 ... 0.06396484 0.0703125  0.05810547],"[3424.2522941  3298.82133832 3334.75003128 ... 2468.57029566 2649.5805625
 2668.17421418]"
TR160920,ART25707984,1323000,22050,"[3120.17159432 3246.84403497 3217.95436246 ... 3488.81544526 3087.90203983
 2683.01914221]","[6567.62695312 6729.12597656 6793.72558594 ... 7170.55664062 6589.16015625
 6007.76367188]",[0.        0.        0.        ... 7.2115874 4.1601853 1.1270688],[0.1060786  0.14232688 0.15702266 ... 0.19890691 0.2339083  0.21426374],[0.08837891 0.13183594 0.17041016 ... 0.14306641 0.11328125 0.06152344],"[2745.58089432 2771.91449927 2800.83787054 ... 2815.4497796  2871.19166616
 2845.0853839 ]"
TR736278,ART25707984,1323000,22050,"[3203.76595385 3337.27948718 3410.49767615 ... 2806.52606353 2801.13956199
 2589.68616699]","[6901.39160156 7030.59082031 6987.52441406 ... 7385.88867188 7127.49023438
 6416.89453125]",[0.        0.        0.        ... 0.9794208 1.9685867 1.4996682],[0.2638592  0.32595673 0.36857396 ... 0.2586349  0.25714442 0.20513876],[0.08984375 0.140625   0.17919922 ... 0.08203125 0.07177734 0.05371094],"[2874.7649694  2926.42556127 2871.05238582 ... 3263.90793526 3172.0258774
 2993.4029943 ]"
TR855293,ART25707984,1323000,22050,"[1673.70975215 1708.8438604  1802.67405827 ... 2272.0850251  2250.20547301
 2411.53432496]","[3962.109375   4220.5078125  4392.7734375  ... 4521.97265625 4565.0390625
 5490.96679688]",[0.        0.        0.        ... 1.1274328 1.006612  0.8173015],[0.18402724 0.22311993 0.24480271 ... 0.28527215 0.25201052 0.18234135],[0.02099609 0.02783203 0.04638672 ... 0.11767578 0.1171875  0.0859375 ],"[2137.58639221 2191.25489585 2248.8971187  ... 2229.50292541 2367.52652591
 2712.99838504]"
TR420224,ART25707984,1323000,22050,"[2818.51938571 2974.35338961 3115.600318   ... 5436.46727488 3404.68835662
 3551.51572853]","[5307.93457031 5501.73339844 5964.69726562 ... 9722.24121094 7041.35742188
 7407.421875  ]",[0.         0.         0.         ... 1.7403911  1.1815608  0.23473372],[0.14742513 0.17947543 0.20283335 ... 0.0784492  0.06915233 0.04622997],[0.07324219 0.11035156 0.15185547 ... 0.31494141 0.23583984 0.11279297],"[2498.65416824 2490.60433113 2552.78720273 ... 3486.86625588 2836.132116
 2904.76337162]"
TR353282,ART07024718,1323000,22050,"[1761.70965288 1863.45837657 2365.31770069 ... 2350.73749587 1324.947226
 1367.72790805]","[3316.11328125 3488.37890625 6018.53027344 ... 6772.19238281 2174.85351562
 2260.98632812]",[ 0.         0.         0.        ... 16.281757   7.1831737  0.7931512],[0.2767941  0.31625068 0.36284184 ... 0.3822682  0.43604687 0.40412074],[0.04638672 0.06884766 0.08447266 ... 0.07910156 0.04882812 0.015625  ],"[2126.80323893 2392.76623228 2965.94645541 ... 3089.27455571 2336.11488012
 2348.08390152]"
TR444433,ART25707984,1323000,22050,"[2959.20031424 2744.42989921 3665.87912337 ... 2951.85650964 2384.06482581
 2169.50352857]","[6987.52441406 6632.2265625  6578.39355469 ... 6815.25878906 5523.26660156
 4382.00683594]",[0.        0.        0.        ... 0.6740238 0.8640272 0.633553 ],[0.07959136 0.09092423 0.10627601 ... 0.14991084 0.11559712 0.07897022],[0.01660156 0.07128906 0.17089844 ... 0.12158203 0.10498047 0.07080078],"[3257.90740991 3151.54007555 2860.50597475 ... 2917.1965943  2657.12058622
 2398.11144543]"
TR122922,ART25707984,1323000,22050,"[2770.75010408 2883.55103707 2772.00185952 ... 3623.60333056 3594.56702987
 3234.92645278]","[5275.63476562 5329.46777344 5243.33496094 ... 7202.85644531 7267.45605469
 6815.25878906]",[0.         0.         0.         ... 1.9489803  1.3068863  0.32523453],[0.05278797 0.06258706 0.0672905  ... 0.2981598  0.2773975  0.23011589],[0.08251953 0.11914062 0.15869141 ... 0.17333984 0.12353516 0.07617188],"[2507.806114   2545.0486765  2467.05398706 ... 2916.75323539 2914.20545539
 2852.12824057]"
TR320348,ART07024718,1323000,22050,"[2131.34467438 2510.55089764 2342.6596376  ... 2618.26584886 2512.59888838
 2926.59592701]","[5501.73339844 5975.46386719 4909.5703125  ... 5684.765625   5803.19824219
 7256.68945312]",[0.         0.         0.         ... 0.90361196 0.95586    5.7719383 ],[0.23098448 0.2819295  0.323094   ... 0.33512393 0.40688437 0.38940886],[0.04101562 0.05810547 0.08349609 ... 0.05322266 0.06835938 0.05957031],"[2698.17255409 2780.80774851 2618.68951705 ... 2734.11559222 2844.50143469
 3252.15452584]"
TR424045,ART25707984,1323000,22050,"[2204.0110286  2525.04901239 2066.01350666 ... 1899.9764285  1069.85423753
 1000.86277738]","[5673.99902344 6535.32714844 5458.66699219 ... 5630.93261719 1787.25585938
 1658.05664062]",[0.        0.        0.        ... 1.0225027 3.7138367 0.6100342],[0.21270265 0.24342564 0.27908474 ... 0.35667384 0.3344642  0.2828001 ],[0.05029297 0.06201172 0.07470703 ... 0.02978516 0.03173828 0.01953125],"[2735.37032671 2963.91938187 2702.30957492 ... 2873.26281429 1985.99746178
 1901.78211931]"
TR866344,ART25707984,1323000,22050,"[2336.41754011 2715.49806566 3069.62543395 ... 4299.19725503 3583.47283251
 3177.55173996]","[5167.96875    5867.79785156 6976.7578125  ... 8656.34765625 7999.58496094
 7332.05566406]",[0.        0.        0.        ... 1.0601579 2.8574228 1.326488 ],[0.24035582 0.2540689  0.2631735  ... 0.33298993 0.3016096  0.25815174],[0.03759766 0.08398438 0.10253906 ... 0.14208984 0.16503906 0.11474609],"[2675.92245116 2866.68295934 2975.47548178 ... 3424.83880176 3249.47176888
 3104.01048831]"
TR484857,ART25707984,1323000,22050,"[3508.87206013 3660.4677495  3772.42395408 ... 3151.50309119 2765.86199999
 2726.71765893]","[7418.18847656 7364.35546875 7342.82226562 ... 6912.15820312 6093.89648438
 5932.39746094]",[ 0.         0.         0.        ...  2.7903304 11.617715   7.9339666],[0.15709312 0.16915226 0.17389935 ... 0.22135624 0.24501666 0.23094738],[0.09228516 0.15429688 0.25976562 ... 0.10693359 0.11035156 0.08447266],"[3141.70758179 2986.17976135 2903.12735203 ... 2963.63711103 2626.20719153
 2580.9701439 ]"
TR813706,ART25707984,1323000,22050,"[3763.9270984  3871.48113631 4018.2810961  ... 2273.18596655 1991.74069204
 1835.89791881]","[7159.79003906 7375.12207031 7827.31933594 ... 5900.09765625 5695.53222656
 5555.56640625]",[0.         0.         0.         ... 0.4599228  0.61359894 3.4488008 ],[0.10459722 0.11699191 0.12725586 ... 0.34743246 0.3862776  0.36004063],[0.11035156 0.1640625  0.19775391 ... 0.05126953 0.04150391 0.02587891],"[2897.9253013  2992.6300157  3077.80794826 ... 2820.84858646 2808.36429004
 2849.44489811]"
TR897360,ART07024718,1323000,22050,"[4435.42110779 4934.78161207 4828.41907473 ... 3025.23977202 4022.0182178
 4400.93280515]","[9431.54296875 9528.44238281 9431.54296875 ... 8021.11816406 8796.31347656
 8764.01367188]",[0.         0.         0.         ... 1.2567823  0.57201314 1.3495095 ],[0.31122354 0.38163868 0.4286122  ... 0.39663926 0.40059283 0.34280914],[0.02832031 0.05273438 0.07128906 ... 0.04394531 0.05517578 0.05029297],"[4043.16869503 3911.81268634 3762.8587433  ... 3482.28055344 3779.82122919
 3800.71605209]"
TR203999,ART25707984,1323000,22050,"[1806.54178906 1804.90064736 2012.40356456 ... 2424.62504414 2468.6003179
 2156.47761499]","[4414.30664062 4532.73925781 4823.4375     ... 6083.12988281 6169.26269531
 5447.90039062]",[0.        0.        0.        ... 0.847386  0.5144307 0.536409 ],[0.2769065  0.33001173 0.3768736  ... 0.28346318 0.2841368  0.2487707 ],[0.01708984 0.02636719 0.03759766 ... 0.06933594 0.06347656 0.05029297],"[2570.43783498 2598.96785442 2757.60472554 ... 2955.94920237 2953.59730136
 2635.26384255]"
TR779112,ART07024718,1323000,22050,"[1206.03503722 1122.68111237 1233.80630825 ... 4022.24669796 3396.35119868
 2790.35582983]","[2551.68457031 2013.35449219 2056.42089844 ... 8118.01757812 7041.35742188
 6040.06347656]",[0.         0.         0.         ... 0.8998169  0.45185727 0.92954284],[0.17012095 0.21103702 0.24621442 ... 0.06902461 0.08899915 0.08545668],[0.00585938 0.01220703 0.01757812 ... 0.21679688 0.19677734 0.12988281],"[2149.14529842 2104.48853597 2152.65977667 ... 3139.82566255 3047.1564718
 2817.72088161]"
TR632060,ART25707984,1323000,22050,"[1378.43440614 1457.86349648 2214.30504516 ... 2521.71837357 2765.08381481
 2839.56767689]","[4457.37304688 4489.67285156 5813.96484375 ... 5458.66699219 5641.69921875
 5609.39941406]",[0.         0.         0.         ... 1.0781837  0.60548234 1.6943535 ],[0.1892543  0.22470973 0.27084032 ... 0.39383057 0.38947922 0.32912213],[0.02050781 0.04394531 0.06640625 ... 0.12841797 0.13085938 0.10009766],"[2444.37554592 2489.96755925 2793.87489244 ... 2484.92728611 2504.63014528
 2468.89726986]"
TR348625,ART07024718,1323000,22050,"[2243.9026553  2360.36090196 1908.6487335  ... 1501.7521317  1163.29895701
 1289.86924664]","[6696.82617188 7342.82226562 5458.66699219 ... 3176.14746094 2142.55371094
 2390.18554688]",[0.         0.         0.         ... 0.8279569  0.28586113 0.31786823],[0.22043058 0.30167258 0.34740105 ... 0.1912565  0.16464087 0.14161023],[0.01171875 0.02050781 0.03173828 ... 0.02294922 0.02929688 0.02539062],"[3085.95626734 3240.92359741 2813.4628496  ... 2381.36224719 1876.28832744
 1924.03765597]"
TR764435,ART07024718,1323000,22050,"[3900.5236193  3442.5624137  2824.07412005 ... 2787.51436009 2450.96629599
 2416.84853805]","[7827.31933594 7461.25488281 6567.62695312 ... 7181.32324219 6287.6953125
 5544.79980469]",[0.         0.         0.         ... 1.0583564  1.6434381  0.33822107],[0.32747683 0.3962085  0.4329917  ... 0.3950912  0.41108936 0.35570872],[0.03710938 0.05126953 0.06982422 ... 0.07861328 0.06396484 0.05029297],"[3273.75966565 3184.47300736 2930.100471   ... 3176.53445762 2919.14812808
 2719.34585638]"
TR595842,ART07024718,1323000,22050,"[1156.34646515 1234.54536909 1539.61038733 ... 2561.93888689 2391.13618884
 2352.42789485]","[2314.81933594 2519.38476562 3305.34667969 ... 6384.59472656 5770.8984375
 5318.70117188]",[0.         0.         0.         ... 0.5765151  0.13580425 0.6047776 ],[0.11841583 0.15770838 0.18691656 ... 0.11826412 0.08749619 0.08245309],[0.0234375  0.03808594 0.05957031 ... 0.13232422 0.14453125 0.09521484],"[1790.56731966 1874.64343101 2076.07428764 ... 2907.01123568 2665.13009611
 2485.67939899]"
TR150455,ART25707984,1323000,22050,"[1574.88570788 1564.03954665 1353.99716501 ... 3251.82804778 3255.52973206
 3353.93699984]","[4069.77539062 4048.2421875  3326.87988281 ... 6858.32519531 6912.15820312
 6869.09179688]",[0.         0.         0.         ... 0.06569749 2.6195126  7.63275   ],[0.3748964  0.43459237 0.4957395  ... 0.16680406 0.2148249  0.21301004],[0.00683594 0.01171875 0.01757812 ... 0.13769531 0.13378906 0.09423828],"[2425.79958362 2379.55863734 2299.78441444 ... 2909.3018028  2933.21333405
 2908.92264217]"
TR229227,ART07024718,1323000,22050,"[2962.574421   3208.91167401 3523.02013017 ... 3178.82749142 2450.86085266
 1912.68729392]","[7644.28710938 7934.98535156 8236.45019531 ... 6513.79394531 6018.53027344
 4489.67285156]",[0.         0.         0.         ... 0.38505453 0.06328513 4.8096547 ],[0.28513372 0.3408672  0.3753404  ... 0.12450754 0.16820608 0.16789341],[0.03125    0.05566406 0.08300781 ... 0.15429688 0.15625    0.10449219],"[3286.14556162 3363.53700942 3468.9361938  ... 2787.96791398 2661.89851451
 2343.28860617]"
TR292480,ART07024718,1323000,22050,"[3321.01978205 3445.80509925 3965.53857089 ... 4254.60218922 3925.1271896
 3563.67316598]","[7353.58886719 7353.58886719 7945.75195312 ... 8214.91699219 7773.48632812
 7342.82226562]",[0.        0.        0.        ... 4.4033585 0.9253637 0.2457533],[0.21468769 0.23124723 0.24069881 ... 0.32953852 0.27567968 0.22282156],[0.07763672 0.13476562 0.25927734 ... 0.2265625  0.23095703 0.1640625 ],"[3132.90545209 3089.22450043 3256.90986098 ... 3248.29788404 3139.02206418
 3040.45355862]"
TR479793,ART25707984,1323000,22050,"[3744.53784728 2895.8023046  1971.68904545 ... 1772.06964673 2059.99347903
 2140.45511762]","[6707.59277344 5964.69726562 4705.00488281 ... 4166.67480469 4769.60449219
 4672.70507812]",[0.         0.         0.         ... 0.75505817 0.85885954 1.56269   ],[0.24301033 0.3722677  0.4533583  ... 0.38946152 0.36922917 0.30951113],[0.10351562 0.10986328 0.1171875  ... 0.06152344 0.07568359 0.06005859],"[2669.50041658 2810.42155088 2502.69879615 ... 2252.73789073 2558.52884723
 2520.97798108]"
TR224027,ART25707984,1323000,22050,"[3898.59449657 3776.27155995 3364.19263709 ... 1139.68074879  873.78408066
  782.95259036]","[6363.06152344 6319.99511719 6018.53027344 ... 2164.08691406 1496.55761719
 1313.52539062]",[0.         0.         0.         ... 1.1405176  0.02159086 0.12120411],[0.01606109 0.01700609 0.01738366 ... 0.03483142 0.02572236 0.02082615],[0.11914062 0.15527344 0.18798828 ... 0.01464844 0.01367188 0.00878906],"[2323.09720642 2277.46484627 2294.54522245 ... 2070.73981017 1643.72154649
 1554.76701508]"
TR443742,ART25707984,1323000,22050,"[2661.10535985 2713.92876697 2532.88029174 ... 2778.6708055  3064.95326999
 2977.11128402]","[6836.79199219 6147.72949219 5394.06738281 ... 7116.72363281 7967.28515625
 8268.75      ]",[0.        0.        0.        ... 2.5138419 1.6784741 0.9248283],[0.0882683  0.30040053 0.4458082  ... 0.25765505 0.24916297 0.20382768],[0.02636719 0.04248047 0.04394531 ... 0.06835938 0.07324219 0.05859375],"[3093.50311908 2850.18280644 2618.19430255 ... 3146.89787185 3449.91683898
 3593.09661308]"
TR962108,ART25707984,1323000,22050,"[2885.86721659 3666.27147761 2768.88954034 ... 4365.19525026 3034.73838735
 2531.24476096]","[7924.21875    8667.11425781 7719.65332031 ... 9108.54492188 7525.85449219
 6793.72558594]",[0.         0.         0.         ... 1.3056872  0.81955045 0.86639637],[0.3834872  0.47529885 0.52319777 ... 0.27160034 0.35645786 0.3316349 ],[0.03662109 0.04394531 0.06445312 ... 0.18701172 0.11865234 0.05761719],"[3530.47912809 3797.07493658 3343.2101753  ... 3763.41283965 3287.69108455
 3018.63603454]"
TR924511,ART07024718,1323000,22050,"[2598.35035442 2965.80038427 3075.49681662 ... 4001.36223374 4967.23413275
 4243.2529924 ]","[5781.66503906 6309.22851562 6470.72753906 ... 8419.48242188 9130.078125
 8667.11425781]",[0.        0.        0.        ... 2.1449788 1.7940092 1.3959076],[0.24085642 0.28982046 0.3322095  ... 0.35740784 0.35233924 0.29910806],[0.06298828 0.08984375 0.11474609 ... 0.09619141 0.12109375 0.10546875],"[2663.00500634 2751.82170068 2791.51625334 ... 3446.30925957 3643.42936215
 3581.59821758]"
TR935622,ART25707984,1323000,22050,"[2129.60705018 2134.43558722 2383.99987841 ... 3326.180824   3522.57031939
 3226.44345602]","[2939.28222656 3036.18164062 4661.93847656 ... 7342.82226562 7579.6875
 7439.72167969]",[ 0.         0.         0.        ... 10.970232   3.9140954  1.2288059],[0.07155734 0.07657924 0.08284984 ... 0.39093527 0.4138753  0.3519672 ],[0.07714844 0.10888672 0.14501953 ... 0.09570312 0.08984375 0.05419922],"[1325.82827354 1492.40817513 2276.2695028  ... 3133.19881769 3185.84290911
 3206.07972876]"
TR316896,ART25707984,1323000,22050,"[1545.10798886 1404.98337158 1370.28126039 ... 2270.30743444 2223.12199033
 2365.11429901]","[4037.47558594 3671.41113281 4102.07519531 ... 5114.13574219 4834.20410156
 4920.33691406]",[0.         0.         0.         ... 0.70900846 0.62845695 0.9296675 ],[0.2901517  0.34528142 0.39695525 ... 0.1594762  0.16682455 0.13961361],[0.01806641 0.02636719 0.03027344 ... 0.08935547 0.09130859 0.06738281],"[2184.95623957 2238.85561986 2425.05103392 ... 2725.7939589  2644.28831962
 2565.86567582]"
TR981117,ART07024718,1323000,22050,"[2595.47824067 2789.89742327 4441.71927703 ... 4092.30788391 5050.90960792
 4868.43719741]","[5254.1015625  6352.29492188 8860.91308594 ... 8279.51660156 8990.11230469
 8613.28125   ]",[0.        0.        0.        ... 4.122811  1.707889  1.5244616],[0.04097336 0.04131167 0.05520767 ... 0.38681784 0.35960612 0.29714587],[0.07128906 0.11572266 0.23046875 ... 0.09960938 0.11865234 0.09521484],"[2715.24444141 2871.39682925 3321.50716954 ... 3505.59790957 3526.56635101
 3323.49569346]"
TR188259,ART25707984,1323000,22050,"[2017.74869322 1365.99045838 1129.08358806 ... 1638.07644509 2212.92314655
 1947.30551183]","[4726.53808594 2810.08300781 2131.78710938 ... 4661.93847656 6126.19628906
 5641.69921875]",[0.         0.         0.         ... 0.40097287 0.37476534 2.5396845 ],[0.13276002 0.17122458 0.19076738 ... 0.2565734  0.26604038 0.24310504],[0.02685547 0.0390625  0.05029297 ... 0.03759766 0.03417969 0.02832031],"[2419.36011008 1927.96607341 1530.92326148 ... 2412.2817147  2740.67327763
 2627.7092238 ]"
TR781890,ART07024718,1323000,22050,"[2979.44441062 2810.2952708  3027.49347588 ... 3597.47294261 3541.02528577
 2879.52753588]","[7041.35742188 6836.79199219 6782.95898438 ... 7687.35351562 7859.61914062
 6556.86035156]",[0.        0.        0.        ... 1.5041614 1.1009198 2.1569374],[0.2180217  0.2728939  0.32318944 ... 0.34993866 0.33599398 0.2917023 ],[0.05126953 0.08251953 0.11083984 ... 0.14794922 0.15136719 0.11914062],"[3026.07940677 2984.99537847 2995.56446731 ... 3113.41224357 3270.47923896
 2861.5404093 ]"
TR445086,ART25707984,1323000,22050,"[3378.5382899  3763.42669273 4512.7036438  ... 1325.31338193 1348.4452711
 1304.91115472]","[7913.45214844 8376.41601562 8774.78027344 ... 2454.78515625 2540.91796875
 2497.8515625 ]",[0.         0.         0.         ... 0.6049236  1.1151007  0.65405166],[0.06766243 0.07068105 0.14250183 ... 0.39960188 0.38341197 0.32877144],[0.06005859 0.16113281 0.17626953 ... 0.04589844 0.05078125 0.04101562],"[3616.10901303 3702.46724513 3623.60360126 ... 2064.9334816  2079.94467227
 2060.95183127]"
TR932768,ART25707984,1323000,22050,"[1083.12987246 1002.547421   1006.22947166 ... 3430.61026663 3815.72366703
 3488.00215282]","[1410.42480469 1248.92578125 1302.75878906 ... 7170.55664062 7536.62109375
 7364.35546875]",[0.        0.        0.        ... 1.1389651 5.613419  7.579317 ],[0.04310686 0.06537886 0.07357959 ... 0.22132646 0.2389383  0.2224452 ],[0.02832031 0.04150391 0.05419922 ... 0.11279297 0.12109375 0.10839844],"[1332.03449657 1202.83230998 1210.09224392 ... 3081.78027646 3158.25241546
 3158.6808724 ]"
TR564816,ART25707984,1323000,22050,"[ 995.47243846  965.42584255  907.28058265 ... 2213.36798217 1888.80873635
 3124.59223146]","[2034.88769531 1948.75488281 1798.02246094 ... 5437.13378906 5071.06933594
 7611.98730469]",[0.         0.         0.         ... 0.7667878  0.74032533 0.43608737],[0.30087292 0.35753065 0.39649895 ... 0.22819386 0.22524904 0.1929187 ],[0.00878906 0.01074219 0.01318359 ... 0.06054688 0.06298828 0.04248047],"[1499.89971494 1495.0744237  1587.91411045 ... 2732.2348618  2678.89255355
 3275.80198439]"
TR920592,ART25707984,1323000,22050,"[2338.521329   2636.67672769 3008.39149952 ... 1899.9345673  2112.83386331
 3154.25909187]","[5146.43554688 5706.29882812 6815.25878906 ... 4597.33886719 5103.36914062
 8074.95117188]",[0.         0.         0.         ... 0.2900162  0.10770091 0.35666326],[0.17701416 0.24040516 0.2721958  ... 0.11724743 0.10507755 0.08966907],[0.04345703 0.08349609 0.11376953 ... 0.03613281 0.05175781 0.04638672],"[2620.38890363 2656.27792129 2855.3805395  ... 2493.64491664 2807.89232758
 3381.56942268]"
TR428096,ART25707984,1323000,22050,"[2844.88723294 3044.78987526 2628.51174974 ... 2767.62563555 2900.57193443
 3524.03957437]","[7149.0234375  7192.08984375 6309.22851562 ... 6233.86230469 6481.49414062
 7073.65722656]",[0.        0.        0.        ... 1.8959897 1.9725816 0.6088713],[0.20674336 0.2783461  0.3205135  ... 0.2301807  0.20279285 0.13228244],[0.05322266 0.06835938 0.09033203 ... 0.15527344 0.19091797 0.16162109],"[3209.40276907 3207.76142072 2898.53689964 ... 2807.16520371 2841.67896084
 2922.93822964]"
TR645853,ART07024718,1323000,22050,"[2530.91202478 2594.52977726 2660.82991777 ... 2361.30518551 2255.09177899
 2204.37888371]","[4155.90820312 4155.90820312 4069.77539062 ... 5383.30078125 5028.00292969
 5071.06933594]",[0.        0.        0.        ... 0.9770669 1.7050718 1.2669021],[0.04694115 0.04791474 0.05951973 ... 0.27921784 0.24605541 0.19518273],[0.08789062 0.13232422 0.1796875  ... 0.08886719 0.09472656 0.06787109],"[2174.18436543 2094.11213207 1999.83753467 ... 2458.00543486 2444.14877338
 2570.16625505]"
TR686134,ART07024718,1323000,22050,"[2938.52349834 2985.67708357 3087.30108614 ... 1612.01771391 1819.64868281
 1875.40932519]","[6330.76171875 6546.09375    6836.79199219 ... 3746.77734375 3951.34277344
 3972.87597656]",[0.        0.        0.        ... 0.785478  0.2534136 0.5596611],[0.16296133 0.19929992 0.21751963 ... 0.4726441  0.43495473 0.3559716 ],[0.04833984 0.078125   0.11474609 ... 0.03857422 0.04394531 0.03955078],"[2862.32198327 2927.25078136 2995.00850176 ... 2285.5010375  2357.63681567
 2399.16731164]"
TR835623,ART25707984,1323000,22050,"[3045.34834456 2607.81415104 2304.02600747 ... 3378.27072436 3269.05879913
 3299.18526381]","[6933.69140625 6459.9609375  6040.06347656 ... 7515.08789062 6782.95898438
 7192.08984375]",[0.        0.        0.        ... 3.2495568 3.5528746 1.3320059],[0.16510817 0.21347824 0.26166114 ... 0.22721249 0.21555412 0.17740516],[0.05761719 0.07763672 0.09423828 ... 0.14697266 0.15869141 0.11914062],"[3039.08829538 2769.94177687 2553.28055965 ... 3019.69377589 2899.17420259
 2970.6064001 ]"
TR946363,ART25707984,1323000,22050,"[2252.09258458 2379.37550516 2565.23760399 ... 1865.87063361 1770.51712448
 1939.64905191]","[4446.60644531 4748.07128906 5232.56835938 ... 4575.80566406 3929.80957031
 5103.36914062]",[0.         0.         0.         ... 1.2241895  1.0460136  0.67933714],[0.22289133 0.25796857 0.28561395 ... 0.27608135 0.27460125 0.25566205],[0.05566406 0.08935547 0.12792969 ... 0.08691406 0.08642578 0.06542969],"[2192.75247995 2251.98772113 2396.61186753 ... 2563.25595193 2436.18102815
 2590.54673531]"
TR278311,ART25707984,1323000,22050,"[2679.76191905 2696.47237746 2410.40073027 ... 1206.70400017 1231.71052089
 1467.61025719]","[6513.79394531 6438.42773438 5813.96484375 ... 2508.61816406 2444.01855469
 3186.9140625 ]",[0.         0.         0.         ... 0.27852482 0.21006636 0.8559637 ],[0.17245594 0.20947373 0.23402037 ... 0.2036541  0.25450295 0.24530824],[0.04492188 0.06152344 0.07568359 ... 0.04589844 0.04394531 0.02636719],"[2945.74548714 2898.0224067  2700.32826002 ... 1743.16012047 2027.5771995
 2364.94989437]"
TR251966,ART25707984,1323000,22050,"[2061.1905127  1975.50292198 1864.80769491 ... 2300.51313807 2152.12433831
 2078.51071378]","[5017.23632812 5006.46972656 4672.70507812 ... 5146.43554688 4995.703125
 4984.93652344]",[0.        0.        0.        ... 2.1332107 1.1008548 1.1496089],[0.28677848 0.35429573 0.41483864 ... 0.39225793 0.38196462 0.32781705],[0.02832031 0.03466797 0.04248047 ... 0.06835938 0.06738281 0.05078125],"[2481.84045853 2501.03600588 2441.31132527 ... 2480.11057581 2448.00420995
 2444.78310847]"
TR455665,ART25707984,1323000,22050,"[5646.08448098 4858.90721277 4432.76590507 ... 2315.9484066  2560.4552088
 2550.32093654]","[9011.64550781 8850.14648438 8688.64746094 ... 5028.00292969 5555.56640625
 5609.39941406]",[0.        0.        0.        ... 0.9760364 0.5408112 0.8246264],[0.05440472 0.06346839 0.08431381 ... 0.18267705 0.24768369 0.22319163],[0.17041016 0.24121094 0.28515625 ... 0.12207031 0.12402344 0.09814453],"[3319.38928064 3542.19712696 3538.72347084 ... 2494.6616755  2686.7426606
 2743.7225067 ]"
TR581440,ART25707984,1323000,22050,"[4635.35400182 4483.67366907 3247.16911371 ... 3667.3957709  3891.56926993
 4262.70534021]","[9119.31152344 8860.91308594 7310.52246094 ... 7816.55273438 7891.91894531
 8171.85058594]",[0.         0.         0.         ... 1.7028716  0.59219223 0.54205114],[0.1179725  0.14301185 0.16196252 ... 0.19176799 0.16312811 0.12719041],[0.09912109 0.12597656 0.15332031 ... 0.13769531 0.16308594 0.13085938],"[3481.32896999 3406.3303231  3173.8800624  ... 3381.60810326 3370.92996612
 3330.02190297]"
TR739865,ART07024718,1323000,22050,"[1944.07419617 2142.92553101 2274.30125307 ... 1862.27989684 2056.82096158
 1807.90407462]","[5178.73535156 5426.3671875  5867.79785156 ... 5103.36914062 5695.53222656
 4166.67480469]",[0.         0.         0.         ... 0.8519182  0.83359927 2.2731993 ],[0.10859596 0.13115221 0.14728819 ... 0.316428   0.31003278 0.2676544 ],[0.03759766 0.05273438 0.06542969 ... 0.04589844 0.04003906 0.02832031],"[2674.9432822  2695.61385864 2779.68878415 ... 2494.60162405 2588.8038847
 2405.28660522]"
TR580721,ART07024718,1323000,22050,"[2394.52934769 2591.51808536 2525.22485603 ...  752.48100237 2075.21954445
 2562.26925436]","[5383.30078125 6266.16210938 5943.1640625  ...  689.0625     6782.95898438
 7245.92285156]",[0.         0.         0.         ... 0.45377287 0.24457139 0.6186619 ],[0.24923615 0.31621495 0.36560166 ... 0.47750142 0.45410654 0.37486285],[0.03027344 0.046875   0.06347656 ... 0.02587891 0.02978516 0.02490234],"[2693.97330754 2810.77251315 2796.50149598 ... 1764.66652179 3154.74350499
 3317.71662563]"
TR505289,ART07024718,1323000,22050,"[2677.37388124 2552.47660376 2495.5624389  ... 2595.8938543  2855.43130133
 2928.63572368]","[7396.65527344 6955.22460938 6578.39355469 ... 6287.6953125  6707.59277344
 6987.52441406]",[0.         0.         0.         ... 1.1119158  1.0040227  0.80585784],[0.11312692 0.14640938 0.17690581 ... 0.22888635 0.19809206 0.15567495],[0.05126953 0.07080078 0.09667969 ... 0.10742188 0.11132812 0.08642578],"[3160.07430433 3042.01997579 2965.84471654 ... 2865.88892458 2942.9106141
 3026.497899  ]"
TR336834,ART25707984,1323000,22050,"[3130.82844955 3573.48906431 3977.32897255 ... 3338.74191311 3064.93974095
 2977.07777289]","[6847.55859375 7321.2890625  7633.52050781 ... 7353.58886719 7073.65722656
 6782.95898438]",[0.        0.        0.        ... 1.3201839 1.6046348 2.6903226],[0.12390479 0.13834617 0.15730292 ... 0.17259085 0.17854959 0.15608853],[0.09375    0.16113281 0.19287109 ... 0.14599609 0.15820312 0.12060547],"[3085.14742031 3200.87676022 3114.84107416 ... 3000.51182273 2870.69600458
 2856.55811441]"
TR593858,ART25707984,1323000,22050,"[2257.35874778 2145.9577586  2264.59040306 ... 2956.41037077 2913.70949131
 2864.52435241]","[4844.97070312 4823.4375     5200.26855469 ... 6115.4296875  5738.59863281
 5490.96679688]",[0.        0.        0.        ... 1.6691687 1.7464542 1.0735388],[0.28629246 0.37311524 0.4490754  ... 0.28566054 0.27587527 0.2410321 ],[0.03613281 0.04248047 0.05371094 ... 0.13916016 0.13476562 0.09619141],"[2445.73587659 2470.36027211 2608.60082834 ... 2697.23570606 2655.66331971
 2591.01895287]"
TR622333,ART07024718,1323000,22050,"[2098.39411384 2955.60828225 3044.80215781 ... 4525.75434178 5073.68124404
 5020.79765378]","[4252.80761719 6492.26074219 6761.42578125 ... 9065.47851562 9410.00976562
 9420.77636719]",[0.        0.        0.        ... 1.1785042 1.2308352 1.0213618],[0.23994741 0.3020386  0.3488013  ... 0.23213609 0.22733049 0.19512449],[0.05908203 0.08203125 0.10058594 ... 0.10107422 0.12548828 0.11132812],"[2425.71677931 2841.50529322 2915.42580056 ... 3687.11341471 3720.684168
 3785.74857991]"
TR312732,ART25707984,1323000,22050,"[3758.34617256 3708.8599684  3553.15126482 ... 2823.39769589 2776.10024869
 2307.35451056]","[7978.05175781 7741.18652344 7601.22070312 ... 5932.39746094 5469.43359375
 4769.60449219]",[0.        0.        0.        ... 3.4198217 3.5219173 2.9932272],[0.289127   0.36906126 0.38625783 ... 0.26007265 0.24426454 0.21506707],[0.09423828 0.12597656 0.18017578 ... 0.10839844 0.10791016 0.08447266],"[3272.61186816 3226.92511005 3180.3554565  ... 2656.1314792  2568.16773418
 2419.27125512]"
TR376662,ART25707984,1323000,22050,"[1902.83841599 2272.56293743 2508.81172269 ... 3458.34781612 3221.4424477
 2920.28895429]","[4414.30664062 4780.37109375 5060.30273438 ... 7116.72363281 6826.02539062
 6083.12988281]",[0.         0.         0.         ... 0.65336615 4.935121   2.5376706 ],[0.08871299 0.10894462 0.12148725 ... 0.2494305  0.2624389  0.20849904],[0.03710938 0.05419922 0.09667969 ... 0.16064453 0.17041016 0.12792969],"[2445.89604606 2337.84860516 2406.75483058 ... 2963.77264371 2893.81191903
 2788.07820849]"
TR761059,ART07024718,1323000,22050,"[3119.62646835 3425.18336832 3612.63059336 ... 3070.66477006 3025.35987726
 2796.31276227]","[7601.22070312 7956.51855469 8031.88476562 ... 7127.49023438 6890.625
 6287.6953125 ]",[0.        0.        0.        ... 2.042157  4.8426375 2.2215674],[0.11048188 0.13281912 0.15113366 ... 0.44025317 0.4866487  0.40384907],[0.06787109 0.11132812 0.15722656 ... 0.125      0.09423828 0.07324219],"[3207.77814982 3294.86875289 3293.7180149  ... 3088.60926635 2998.48288394
 2885.82306423]"
TR291776,ART25707984,1323000,22050,"[2635.0025788  2700.04589348 2872.12837778 ... 1961.98254172 2128.17475391
 2680.63253974]","[5178.73535156 5415.60058594 6599.92675781 ... 4941.87011719 5394.06738281
 6922.92480469]",[0.        0.        0.        ... 0.4572865 1.5799339 2.354704 ],[0.10383779 0.12838066 0.22359817 ... 0.39351782 0.41075414 0.36036405],[0.06396484 0.09277344 0.1328125  ... 0.03710938 0.04345703 0.03173828],"[2448.10292413 2482.79119687 2706.39925281 ... 2538.60073418 2724.41829111
 3125.20841325]"
TR363564,ART25707984,1323000,22050,"[3404.17847509 3916.35772946 4092.43014343 ... 3113.40516528 3065.85206834
 3001.80017801]","[6836.79199219 7407.421875   7741.18652344 ... 7235.15625    7009.05761719
 6826.02539062]",[0.        0.        0.        ... 0.7466386 1.8460431 2.037201 ],[0.18869169 0.22032394 0.24228053 ... 0.17810024 0.18322225 0.15344188],[0.06494141 0.10644531 0.12988281 ... 0.10107422 0.11572266 0.09326172],"[3111.2212683  3140.5063538  3161.66297587 ... 3170.78967974 3029.00632322
 2979.03676292]"
TR676684,ART07024718,1323000,22050,"[6844.4331486  7282.06080803 7039.06389937 ... 2416.8766494  2261.66358925
 2433.57275167]","[9722.24121094 9786.84082031 9668.40820312 ... 5555.56640625 5275.63476562
 5437.13378906]",[0.        0.        0.        ... 0.498767  0.6845871 1.0142506],[0.09649047 0.10877853 0.1359599  ... 0.42091197 0.40767443 0.36134484],[0.35693359 0.49169922 0.51806641 ... 0.06787109 0.05859375 0.04589844],"[3281.96143576 2937.90238079 2853.78282863 ... 2851.12751127 2723.29758179
 2756.80497221]"
TR731379,ART07024718,1323000,22050,"[2250.88538632 2166.65806434 2323.68224832 ... 2160.89063242 1663.46528655
 1428.68392203]","[6330.76171875 6664.52636719 6944.45800781 ... 4769.60449219 3929.80957031
 2831.61621094]",[0.        0.        0.        ... 1.0167155 1.459523  3.9891865],[0.15525989 0.19285159 0.21303995 ... 0.311347   0.343104   0.3274705 ],[0.0390625  0.05761719 0.078125   ... 0.07470703 0.06201172 0.04345703],"[2978.79630176 3094.37697636 3156.47209477 ... 2526.43755688 2263.34988671
 2045.72447541]"
TR983233,ART25707984,1323000,22050,"[4610.00983552 4476.44728862 3356.64616013 ... 1490.5611446  1683.83858034
 1907.20347009]","[9463.84277344 9485.37597656 9033.17871094 ... 2357.88574219 2551.68457031
 3919.04296875]",[0.         0.         0.         ... 0.82285947 0.65047926 0.9658166 ],[0.24504699 0.29741398 0.35905707 ... 0.45488873 0.43042383 0.3497953 ],[0.03369141 0.03857422 0.06884766 ... 0.03808594 0.03759766 0.02685547],"[4046.54425187 4094.12334618 3832.88751286 ... 1990.38258997 2218.57976255
 2554.51983138]"
TR869701,ART07024718,1323000,22050,"[2754.65548414 2661.8098764  2428.57095736 ... 2347.84862972 2056.29767242
 1649.01454445]","[6212.32910156 5910.86425781 5566.33300781 ... 6459.9609375  5028.00292969
 3596.04492188]",[0.        0.        0.        ... 7.1327624 1.1226372 0.3414621],[0.21573272 0.26965255 0.33177423 ... 0.5081511  0.50692004 0.42878765],[0.06054688 0.08691406 0.11425781 ... 0.05859375 0.03271484 0.01806641],"[2774.74154246 2661.18644335 2504.36767519 ... 2995.26618734 2758.77433605
 2458.17472348]"
TR385951,ART25707984,1323000,22050,"[1705.21584117 1781.1976256  1773.16224954 ... 2953.47695649 3249.90498513
 3078.01495167]","[3628.34472656 3822.14355469 3779.07714844 ... 6352.29492188 6642.99316406
 6169.26269531]",[0.        0.        0.        ... 1.9671541 0.917996  0.7763057],[0.10527792 0.13110256 0.14992853 ... 0.27397102 0.2578784  0.20945512],[0.03710938 0.05761719 0.07519531 ... 0.15673828 0.15673828 0.12597656],"[1998.42226886 2058.67382936 2063.28042165 ... 2799.23943237 2861.85585759
 2780.86897566]"
TR418852,ART25707984,1323000,22050,"[2719.82960589 2933.85270615 3265.28316618 ... 4512.85455588 3879.90688372
 2901.15659555]","[6029.296875   6642.99316406 7138.25683594 ... 8570.21484375 7719.65332031
 5049.53613281]",[0.         0.         0.         ... 1.812689   0.5260399  0.18925369],[0.1734084  0.21058464 0.23167275 ... 0.18674895 0.13131574 0.09639547],[0.06640625 0.10546875 0.14306641 ... 0.29296875 0.28417969 0.18945312],"[2773.42761046 2893.45436137 2969.00724365 ... 3060.86928363 2904.53126239
 2256.68803753]"
TR252912,ART25707984,1323000,22050,"[2250.83728995 1990.75236489 1762.80738747 ... 3360.43367868 3499.01057983
 3285.00059292]","[5641.69921875 5318.70117188 4791.13769531 ... 7967.28515625 8128.78417969
 7891.91894531]",[0.         0.         0.         ... 0.48029405 0.76421094 1.7866488 ],[0.13008352 0.34448048 0.47583556 ... 0.12129046 0.15444979 0.14951994],[0.01171875 0.01513672 0.01806641 ... 0.16992188 0.13183594 0.10839844],"[2814.55954235 2680.02382563 2595.56102496 ... 3334.0132295  3397.1548355
 3340.09170999]"
TR990945,ART25707984,1323000,22050,"[2291.89968437 2208.58433839 2285.44805435 ... 1751.19984343 1802.73805751
 2995.16391463]","[5577.09960938 5566.33300781 5792.43164062 ... 4166.67480469 4694.23828125
 6912.15820312]",[0.         0.         0.         ... 1.2777163  0.77120274 0.37670484],[0.28105053 0.33234027 0.37630063 ... 0.30970058 0.28495145 0.2546655 ],[0.03515625 0.05615234 0.06640625 ... 0.04638672 0.06884766 0.04589844],"[2617.29929534 2677.8281508  2754.70378571 ... 2491.67294993 2734.55396617
 3196.31974882]"
TR650447,ART07024718,1323000,22050,"[3043.19770639 3309.11692071 3566.14029826 ... 1837.65487973 1958.0919074
 1807.70004674]","[6546.09375    6675.29296875 6772.19238281 ... 3886.74316406 4102.07519531
 3908.27636719]",[0.         0.         0.         ... 0.69316137 1.2601395  0.7047389 ],[0.11486849 0.13303743 0.14659284 ... 0.17334542 0.15669002 0.12005714],[0.08837891 0.13720703 0.18164062 ... 0.06933594 0.06738281 0.04345703],"[2571.55223861 2626.62556096 2670.97066584 ... 2351.57794804 2375.63479127
 2304.93392015]"
TR997195,ART25707984,1323000,22050,"[2910.84567032 2896.16336569 2522.72519329 ... 4356.22992334 4786.84393222
 4709.61573301]","[7299.75585938 7202.85644531 6610.69335938 ... 8925.51269531 8753.24707031
 8559.44824219]",[0.         0.         0.         ... 0.86784834 1.6358355  1.1505082 ],[0.15259856 0.192408   0.22376116 ... 0.27752963 0.25962827 0.2340049 ],[0.02832031 0.03271484 0.04199219 ... 0.15771484 0.19140625 0.14697266],"[3230.28493017 3220.18636988 3072.71154059 ... 3673.58918526 3590.87497764
 3522.12053373]"
TR674551,ART07024718,1323000,22050,"[1925.61352647 2166.79840614 2282.3340075  ... 4871.34747633 4313.03187803
 2660.63585221]","[5221.80175781 5889.33105469 6266.16210938 ... 9722.24121094 9603.80859375
 7751.953125  ]",[0.         0.         0.         ... 0.853777   0.56031156 0.91784894],[0.1870403  0.24562368 0.29001468 ... 0.2833489  0.27281633 0.23913804],[0.03417969 0.04638672 0.06689453 ... 0.10986328 0.078125   0.03173828],"[2757.83561496 2894.16912867 3000.55631547 ... 4078.23905307 4007.00767519
 3476.13648155]"
TR877889,ART25707984,1323000,22050,"[2474.32500693 2708.02721001 2650.13783195 ... 4111.4433914  4205.79788639
 3133.54812099]","[5534.03320312 5813.96484375 5727.83203125 ... 7708.88671875 8279.51660156
 6470.72753906]",[0.         0.         0.         ... 0.7682946  0.26359332 0.2125003 ],[0.16214773 0.19820358 0.22122638 ... 0.07368899 0.13861209 0.1350513 ],[0.06542969 0.09326172 0.10693359 ... 0.26757812 0.25488281 0.20507812],"[2451.24578818 2569.97598902 2606.02344293 ... 2980.09091233 3122.77214745
 2841.50695876]"
TR219103,ART25707984,1323000,22050,"[2192.48445655 2061.52873886 2103.4991373  ... 2021.40803093 2058.84198302
 1891.09351789]","[5081.8359375  4834.20410156 4812.67089844 ... 4295.87402344 4758.83789062
 4231.27441406]",[0.        0.        0.        ... 2.5600715 6.2572346 2.687669 ],[0.26630655 0.29692313 0.32320067 ... 0.25187176 0.29807106 0.27538344],[0.02490234 0.04492188 0.06445312 ... 0.14550781 0.09277344 0.06738281],"[2621.78271362 2469.52405471 2400.54721504 ... 2297.34830162 2362.0155643
 2358.66856593]"
TR724010,ART25707984,1323000,22050,"[2004.44136567 1939.35730492 1776.5461394  ... 3397.28115914 2091.96641729
 1870.44301148]","[5307.93457031 5469.43359375 5394.06738281 ... 8559.44824219 6729.12597656
 4188.20800781]",[0.        0.        0.        ... 2.3875635 1.5558438 0.5354869],[0.278225   0.38310802 0.45513862 ... 0.16073333 0.11594111 0.09416056],[0.05175781 0.05712891 0.06494141 ... 0.07617188 0.06298828 0.02294922],"[2798.91498337 2887.62499135 2858.9869626  ... 3628.15008124 3074.44481792
 2608.26930486]"
TR407335,ART25707984,1323000,22050,"[2325.49033472 2382.15010601 2635.16422327 ... 3471.93653312 3377.32246111
 3187.85868383]","[6276.92871094 6373.828125   6815.25878906 ... 7418.18847656 6976.7578125
 7127.49023438]",[0.        0.        0.        ... 1.0232475 0.6583954 1.707881 ],[0.15529397 0.18322283 0.24059941 ... 0.26919308 0.2525482  0.21575336],[0.04638672 0.06835938 0.10986328 ... 0.17138672 0.16943359 0.13134766],"[2870.14699283 2878.02889223 3007.28613398 ... 3028.34381185 2936.62266913
 2944.6263893 ]"
TR722654,ART07024718,1323000,22050,"[2001.46476434 1999.23282292 2126.47451549 ... 1379.75203521 1302.95288059
 1317.45676255]","[5157.20214844 4705.00488281 5103.36914062 ... 2336.35253906 2196.38671875
 2217.91992188]",[0.         0.         0.         ... 1.215718   0.78759205 1.025701  ],[0.08648831 0.11108506 0.1303438  ... 0.14433838 0.14992864 0.13620399],[0.03564453 0.0625     0.08447266 ... 0.04492188 0.04296875 0.03369141],"[2461.25357051 2379.34247706 2397.51966807 ... 1962.19046397 1926.02314992
 1979.99806785]"
TR601703,ART07024718,1323000,22050,"[2724.74525151 2607.20176065 2464.61029815 ... 1917.41453825 1619.49034909
 1507.18235988]","[7730.41992188 7407.421875   7041.35742188 ... 6696.82617188 6416.89453125
 4575.80566406]",[0.         0.         0.         ... 2.9481235  0.5976981  0.51425284],[0.01916969 0.02907115 0.03774938 ... 0.12904668 0.13645421 0.12690097],[0.03759766 0.04638672 0.05908203 ... 0.03808594 0.02636719 0.01464844],"[3290.71742777 3295.01572446 3203.17162552 ... 2988.51097657 2793.77982012
 2671.47405031]"
TR591050,ART25707984,1323000,22050,"[2743.69441091 2753.43500762 3101.16360185 ... 3407.10499762 3171.73619007
 3428.27877775]","[6395.36132812 6212.32910156 6610.69335938 ... 7095.19042969 6653.75976562
 7009.05761719]",[0.        0.        0.        ... 3.0606177 2.3088589 3.7754881],[0.18921934 0.22406854 0.23458923 ... 0.17786653 0.18686463 0.1750185 ],[0.0625     0.11279297 0.17529297 ... 0.24169922 0.23583984 0.16845703],"[2823.52527105 2725.35733559 2753.95504579 ... 2768.94090807 2767.09348231
 2839.49435486]"
TR957389,ART25707984,1323000,22050,"[3436.01700144 3668.81385926 3643.26066709 ... 3080.7248065  2937.11620235
 3073.47011672]","[6912.15820312 7235.15625    7159.79003906 ... 5211.03515625 5211.03515625
 5684.765625  ]",[0.         0.         0.         ... 0.84819126 0.59424007 0.44768906],[0.11556107 0.14288647 0.16486472 ... 0.13813998 0.14109714 0.12852703],[0.10644531 0.15576172 0.21044922 ... 0.14355469 0.13720703 0.09228516],"[2768.60880027 2826.9060212  2840.57656685 ... 2452.7285351  2552.6801187
 2741.68232129]"
TR255665,ART25707984,1323000,22050,"[1557.07746419 1517.08211219 1638.17792547 ... 3603.29547001 3363.77063522
 3577.03331499]","[3875.9765625  3897.50976562 4489.67285156 ... 7472.02148438 7116.72363281
 6901.39160156]",[0.         0.         0.         ... 0.50923365 0.4949866  0.5106613 ],[0.019626   0.02256834 0.02494111 ... 0.04522502 0.04105929 0.03523245],[0.03710938 0.06494141 0.09326172 ... 0.16699219 0.17822266 0.12939453],"[2474.28227885 2421.70504095 2465.1164642  ... 3098.21639906 3066.14617567
 2956.02185319]"
TR628557,ART25707984,1323000,22050,"[2400.76656612 3426.69792616 5150.12302587 ... 3854.2786515  3633.20560603
 3486.65303953]","[5760.13183594 7224.38964844 8645.58105469 ... 7364.35546875 7181.32324219
 7127.49023438]",[0.        0.        0.        ... 1.2645836 1.2803495 1.248577 ],[0.06208107 0.10056479 0.12846956 ... 0.13611981 0.1482595  0.13727622],[0.07226562 0.18896484 0.29833984 ... 0.26416016 0.23535156 0.15673828],"[2710.54726578 3034.627469   3102.95163534 ... 3011.74399385 2995.87135239
 2965.90624454]"
TR840338,ART07024718,1323000,22050,"[1505.15067732 1732.95249082 3658.24183524 ... 2363.29364791 2469.66263401
 2654.91919254]","[3197.68066406 4468.13964844 8301.04980469 ... 6836.79199219 7084.42382812
 7375.12207031]",[0.        0.        0.        ... 2.0529194 1.2519773 0.8540934],[0.0674285  0.07819909 0.09315208 ... 0.44415757 0.42358682 0.36453867],[0.01806641 0.07763672 0.20458984 ... 0.04248047 0.03857422 0.03027344],"[2262.68582515 2645.35366758 3508.41283309 ... 2983.36957921 3041.55453911
 3171.5067565 ]"
TR554964,ART25707984,1323000,22050,"[2326.97557484 2386.71994558 2262.18955135 ... 2366.73419948 2566.48376311
 2382.05211156]","[5103.36914062 5232.56835938 5017.23632812 ... 6180.02929688 6933.69140625
 6233.86230469]",[0.        0.        0.        ... 1.0846884 1.090089  3.4949992],[0.10892207 0.14649655 0.17430884 ... 0.38793674 0.46712005 0.46149072],[0.04492188 0.05859375 0.07617188 ... 0.10400391 0.06396484 0.03857422],"[2653.22890977 2663.10077304 2599.72725119 ... 2974.69171834 3196.20800705
 2978.49393103]"
TR539926,ART25707984,1323000,22050,"[1312.3102889  1141.11879502  828.42437349 ... 3903.13258153 3351.15059074
 2819.55567889]","[3154.61425781 2756.25       1970.28808594 ... 7838.0859375  8085.71777344
 6912.15820312]",[0.         0.         0.         ... 0.57403004 4.4358797  4.340811  ],[0.306914   0.3537121  0.3794593  ... 0.1855707  0.2191495  0.21034916],[0.00488281 0.00585938 0.01464844 ... 0.15185547 0.16162109 0.11962891],"[2242.87448041 2058.45011588 1558.37841955 ... 3039.87386051 3137.27511663
 2919.33379373]"
TR512155,ART25707984,1323000,22050,"[1639.16228477 1534.76549774 1438.51972673 ... 2646.25301458 2315.44528184
 1873.46995732]","[3574.51171875 3229.98046875 2982.34863281 ... 6449.19433594 5447.90039062
 4091.30859375]",[0.         0.         0.         ... 0.47251123 1.367214   1.2642696 ],[0.14569502 0.16811481 0.1924972  ... 0.48239568 0.478291   0.41908503],[0.02490234 0.04248047 0.05566406 ... 0.04101562 0.03613281 0.02001953],"[2183.53735306 1998.30238049 1875.28002548 ... 2826.65437098 2764.08221328
 2478.15893418]"
TR231480,ART25707984,1323000,22050,"[1642.14785433 1972.72761245 3531.01067053 ... 3635.74808408 3460.01603944
 2448.05159153]","[4672.70507812 5577.09960938 6675.29296875 ... 8128.78417969 8301.04980469
 6869.09179688]",[0.        0.        0.        ... 0.7556198 4.448477  4.05446  ],[0.25455257 0.31319606 0.36323252 ... 0.28992295 0.3611282  0.35350117],[0.01513672 0.05566406 0.12255859 ... 0.15917969 0.11523438 0.05419922],"[2550.46182954 2757.30295116 2910.17156492 ... 3362.08855326 3618.40890088
 3135.22544217]"
TR943143,ART25707984,1323000,22050,"[ 873.87492646  713.79950955  636.28195273 ... 1241.65876312 1232.3949345
 1286.03277309]","[1356.59179688 1108.95996094  990.52734375 ... 2605.51757812 2519.38476562
 2616.28417969]",[0.         0.         0.         ... 0.7088683  0.73693156 0.7580694 ],[0.11965601 0.13459796 0.16108781 ... 0.16866566 0.16997918 0.14284569],[0.01123047 0.01806641 0.02050781 ... 0.03710938 0.0390625  0.03320312],"[1674.65187091 1410.92416169 1284.75937434 ... 1919.41403937 1982.45180475
 2095.7141799 ]"
TR220790,ART25707984,1323000,22050,"[3488.27746172 4507.26256487 5235.53428295 ... 2746.33567945 3100.18799897
 2662.26439017]","[7816.55273438 8796.31347656 9076.24511719 ... 7041.35742188 7504.32128906
 6223.09570312]",[0.         0.         0.         ... 1.1726081  0.21209942 0.5325773 ],[0.08849257 0.10029916 0.11157975 ... 0.24958248 0.26707533 0.23770541],[0.140625   0.25976562 0.35888672 ... 0.08398438 0.09277344 0.07470703],"[3294.81523673 3399.76905746 3270.35696162 ... 3099.56101941 3164.25099383
 2847.56235436]"
TR329086,ART07024718,1323000,22050,"[3637.72806702 2510.00317499 2258.06923419 ... 2110.65132643 2077.85393896
 2014.09206218]","[8505.61523438 7105.95703125 5211.03515625 ... 5092.60253906 3886.74316406
 3897.50976562]",[0.        0.        0.        ... 3.1311464 2.6176577 1.0263904],[0.17773731 0.21962824 0.24019974 ... 0.250651   0.25253147 0.21156943],[0.05078125 0.07421875 0.09765625 ... 0.0859375  0.06494141 0.04199219],"[3650.44786303 3120.58518251 2670.09009602 ... 2674.20501201 2499.89570871
 2577.71394338]"
TR128449,ART07024718,1323000,22050,"[2725.78897348 3616.30603103 4864.93860228 ... 1718.63650301 1690.02839949
 1715.55158326]","[6998.29101562 8031.88476562 8742.48046875 ... 3391.47949219 3402.24609375
 3423.77929688]",[0.        0.        0.        ... 0.5546175 0.5656531 0.8605982],[0.10290906 0.13052207 0.15113363 ... 0.2788929  0.28274474 0.25626206],[0.08544922 0.19091797 0.24316406 ... 0.07421875 0.07470703 0.05615234],"[3024.26673579 3349.80588393 3270.99647662 ... 2162.31511118 2211.32352021
 2215.56626221]"
TR356306,ART07024718,1323000,22050,"[1978.31065759 2469.85682324 2992.86399478 ... 3470.30770369 3633.05148732
 3632.83171768]","[4769.60449219 6427.66113281 7687.35351562 ... 7149.0234375  7558.15429688
 7655.05371094]",[0.         0.         0.         ... 0.32302326 0.1810515  0.18899304],[0.21723667 0.274909   0.34152755 ... 0.19253752 0.16520621 0.13603356],[0.02929688 0.05029297 0.07519531 ... 0.15429688 0.14794922 0.10986328],"[2565.25159643 3053.8513586  3190.96094128 ... 2831.63761199 2968.72571012
 2983.21675032]"
TR192986,ART25707984,1323000,22050,"[1737.22531776 1747.88793172 2012.69989186 ... 1463.65618996 1473.63980333
 1431.48374039]","[2853.14941406 3186.9140625  4069.77539062 ... 2691.65039062 2745.48339844
 2702.41699219]",[0.        0.        0.        ... 0.8055736 1.011034  0.4531632],[0.05421904 0.06489408 0.13491654 ... 0.2993424  0.2909499  0.24831064],[0.04052734 0.07080078 0.09130859 ... 0.07324219 0.06982422 0.05273438],"[1518.63613118 1636.66050098 2003.99019084 ... 1428.58674206 1429.60087601
 1423.73535148]"
TR994546,ART25707984,1323000,22050,"[3779.17005646 3575.43387722 3072.61640778 ... 3722.30071488 4172.52323952
 3965.6406602 ]","[8204.15039062 7827.31933594 6976.7578125  ... 7332.05566406 7978.05175781
 7891.91894531]",[0.        0.        0.        ... 0.5975639 1.2441113 1.447706 ],[0.06087565 0.07213943 0.09702557 ... 0.13935651 0.12265819 0.0879692 ],[0.03613281 0.04296875 0.09912109 ... 0.19238281 0.14746094 0.12109375],"[3314.44001512 3255.29617495 3057.05032908 ... 3062.19951686 3214.57021008
 3250.38613051]"
TR856882,ART07024718,1323000,22050,"[2321.86988931 2136.35468311 2396.69857535 ... 2263.44208009 2930.03387143
 4072.6371873 ]","[6158.49609375 5351.00097656 6341.52832031 ... 4974.16992188 7149.0234375
 8484.08203125]",[0.         0.         0.         ... 0.93773526 0.65485597 0.41583273],[0.28717193 0.34037557 0.3714392  ... 0.00319271 0.00333099 0.00294065],[0.03564453 0.05322266 0.0625     ... 0.10351562 0.125      0.10449219],"[2916.47214049 2606.98127428 2696.77378421 ... 2557.3329     3079.8548843
 3352.18412537]"
TR282407,ART25707984,1323000,22050,"[3223.04796167 3798.59773176 4274.25616779 ... 2340.01628807 2539.57459008
 2681.0181441 ]","[6244.62890625 6836.79199219 7181.32324219 ... 5501.73339844 5523.26660156
 5663.23242188]",[0.        0.        0.        ... 1.2862097 0.5584743 2.6171665],[0.25725073 0.30376527 0.33715966 ... 0.3949344  0.4046615  0.34607607],[0.06884766 0.11474609 0.14941406 ... 0.08007812 0.08349609 0.07226562],"[2707.31436731 2768.56190795 2676.11048211 ... 2551.38816259 2525.56220596
 2647.7476254 ]"
TR490859,ART07024718,1323000,22050,"[2749.69465596 2802.39398135 2786.03892705 ... 2116.14583416 2843.33922794
 3142.89094432]","[6664.52636719 6858.32519531 6879.85839844 ... 4102.07519531 6384.59472656
 7439.72167969]",[0.        0.        0.        ... 1.0515039 2.1081684 2.6661236],[0.19653504 0.25471503 0.31421125 ... 0.38582578 0.33861846 0.28261578],[0.06152344 0.07324219 0.11816406 ... 0.07910156 0.09228516 0.07421875],"[2935.94725299 3031.36808826 3023.19227583 ... 2314.96245336 2854.27190504
 3189.16040612]"
TR940609,ART25707984,1323000,22050,"[2741.67680341 2846.33069308 2837.68887109 ... 3512.66602728 3403.46218943
 3445.13261895]","[5770.8984375  5738.59863281 5684.765625   ... 7622.75390625 7256.68945312
 7428.95507812]",[0.        0.        0.        ... 1.0687468 4.818638  4.815665 ],[0.17255783 0.20204945 0.22408076 ... 0.25530908 0.2811875  0.27013648],[0.07519531 0.10986328 0.14257812 ... 0.29052734 0.23144531 0.13232422],"[2626.20473145 2622.1740386  2573.64796716 ... 3127.60499475 3038.32898859
 3069.7027789 ]"
TR843290,ART07024718,1323000,22050,"[1166.38487456 1685.82153508 2685.37014777 ... 1275.57069957  803.91466723
  779.96296552]","[2131.78710938 4618.87207031 6416.89453125 ... 1927.22167969 1216.62597656
  915.16113281]",[0.         0.         0.         ... 3.95211    1.4596714  0.77575696],[0.14080788 0.24077934 0.35337433 ... 0.30596328 0.2773381  0.22767235],[0.00927734 0.02783203 0.05566406 ... 0.03320312 0.02001953 0.00683594],"[2207.74689201 2697.99601536 2993.48609159 ... 1982.90767576 1575.17901928
 1822.4950358 ]"
TR456894,ART25707984,1323000,22050,"[1790.84793794 2170.05671038 2160.97505104 ... 2429.93997648 2627.7920642
 2993.87030028]","[5124.90234375 6104.66308594 5921.63085938 ... 5620.16601562 6061.59667969
 6987.52441406]",[0.        0.        0.        ... 1.0510043 0.7896968 1.1018431],[0.16881655 0.19224374 0.20967555 ... 0.43284532 0.3781039  0.2848024 ],[0.02050781 0.03076172 0.03955078 ... 0.09179688 0.11328125 0.09570312],"[2686.94891263 2879.18981955 2788.67810392 ... 2682.40940878 2763.62466721
 2962.80394574]"
TR977799,ART25707984,1323000,22050,"[4662.02121321 4787.46417836 4555.9974082  ... 2312.75185808 3367.22238294
 4226.50725285]","[9237.74414062 9270.04394531 9065.47851562 ... 5781.66503906 8537.91503906
 9119.31152344]",[0.         0.         0.         ... 0.87446666 1.5891155  1.1611569 ],[0.12293024 0.15293217 0.22393206 ... 0.41348147 0.4084059  0.36396125],[0.15966797 0.22216797 0.25976562 ... 0.08691406 0.08447266 0.06103516],"[3374.45214994 3390.02788862 3263.20735661 ... 2835.44328061 3618.29972486
 3852.4415105 ]"
TR762452,ART25707984,1323000,22050,"[2458.11883667 2190.95595389 2091.33630859 ... 3738.81665301 2983.61633734
 1755.28950402]","[6093.89648438 5200.26855469 5038.76953125 ... 8548.68164062 7870.38574219
 3380.71289062]",[0.         0.         0.         ... 0.50321877 1.8119142  3.2635736 ],[0.20183377 0.24330765 0.2625835  ... 0.18791133 0.2872527  0.27892715],[0.04052734 0.06298828 0.09570312 ... 0.16210938 0.12841797 0.07714844],"[2881.2473022  2641.02791531 2504.56444439 ... 3623.91937207 3316.71343634
 2457.04439162]"
TR943991,ART07024718,1323000,22050,"[2119.19326172 2132.73474002 2051.64262558 ... 4031.8846989  2347.61604686
 2205.86865355]","[4651.171875   4726.53808594 4112.84179688 ... 9173.14453125 7418.18847656
 6535.32714844]",[0.         0.         0.         ... 2.9580035  0.62612325 0.5497276 ],[0.12200626 0.15078445 0.18658738 ... 0.38447934 0.3908279  0.34415233],[0.04345703 0.06445312 0.08691406 ... 0.09179688 0.07226562 0.03710938],"[2352.00671465 2335.14668938 2273.23707589 ... 3935.04930626 3350.59709819
 3129.07737873]"
TR483704,ART25707984,1323000,22050,"[1822.05839378 1809.95698372 2666.97758417 ... 3883.21534523 4136.26102932
 3495.10196895]","[4403.54003906 4403.54003906 5986.23046875 ... 7687.35351562 7848.85253906
 7278.22265625]",[0.         0.         0.         ... 0.5828765  0.44253838 1.8842331 ],[0.0330625  0.03870667 0.04267105 ... 0.04398651 0.0407699  0.03361913],[0.02099609 0.06054688 0.12695312 ... 0.21679688 0.2109375  0.17382812],"[2406.46701101 2356.47261553 2704.40975086 ... 3040.4049688  3056.21806162
 2936.28495638]"
TR986135,ART07024718,1323000,22050,"[ 888.49491478  735.34995952  543.91936725 ... 2997.65799436 2702.1472206
 2854.92176778]","[1399.65820312 1055.12695312  419.89746094 ... 7590.45410156 7149.0234375
 7385.88867188]",[0.        0.        0.        ... 0.4169236 0.6079269 0.551631 ],[0.15306358 0.18702483 0.21498503 ... 0.30990115 0.29599625 0.24662217],[0.01025391 0.01367188 0.01855469 ... 0.06982422 0.05126953 0.03466797],"[1796.76806656 1616.01523073 1369.81384888 ... 3250.12072695 3179.48655622
 3325.34449506]"
TR878128,ART25707984,1323000,22050,"[1901.50636122 2434.09289814 2647.99255849 ... 2001.97250201 2343.36783508
 2758.10893794]","[4629.63867188 5566.33300781 5695.53222656 ... 4705.00488281 6029.296875
 7105.95703125]",[0.        0.        0.        ... 2.6430516 2.5948193 1.7759118],[0.2443827  0.2856194  0.34959963 ... 0.2720821  0.2559225  0.21833584],[0.01318359 0.04638672 0.06787109 ... 0.10009766 0.09423828 0.07080078],"[2639.17050202 2876.20689131 2820.19094283 ... 2383.45584158 2709.72704381
 3138.7976137 ]"
TR478130,ART07024718,1323000,22050,"[2195.82589034 2317.93854541 3101.91748817 ... 4200.04683444 4053.44761366
 2895.24823546]","[5846.26464844 6180.02929688 7827.31933594 ... 8268.75       8344.11621094
 6944.45800781]",[0.         0.         0.         ... 0.64515316 0.799791   0.6603374 ],[0.38534588 0.47214714 0.51508725 ... 0.18167423 0.2738255  0.26017722],[0.01367188 0.02197266 0.03759766 ... 0.20019531 0.17871094 0.14306641],"[2641.88547148 2841.44088811 3537.55086675 ... 3204.52824447 3300.2902201
 3051.10098408]"
TR675727,ART07024718,1323000,22050,"[ 983.43115509 1224.21183803 2111.48405874 ... 1804.36593504 2818.88562693
 3955.76233529]","[2077.95410156 2454.78515625 5071.06933594 ... 5167.96875    7579.6875
 8656.34765625]",[0.        0.        0.        ... 1.212404  4.4384604 1.5401618],[0.15844287 0.18944834 0.21717359 ... 0.38367805 0.40684476 0.35010374],[0.00976562 0.02441406 0.05371094 ... 0.05517578 0.046875   0.03417969],"[1894.52392795 2177.87893886 2863.38868765 ... 2720.42205451 3409.17899352
 3730.87384855]"
TR274115,ART25707984,1323000,22050,"[3083.83990978 3047.86020996 3328.98481246 ... 3925.89362396 3902.69428051
 3859.32549326]","[7009.05761719 6772.19238281 7310.52246094 ... 8796.31347656 8667.11425781
 8699.4140625 ]",[0.         0.         0.         ... 0.74458265 0.56492716 0.730169  ],[0.15062286 0.15587024 0.15857455 ... 0.34138566 0.3453697  0.29833344],[0.07421875 0.11474609 0.140625   ... 0.07666016 0.07177734 0.05175781],"[2984.00941737 2920.06957808 3081.52155333 ... 3693.60782323 3708.23436475
 3641.53147719]"
